{"youtuber":"Miami Horror","auth":"Logged In","firstName":"Kate","gender":"F","itemInSession":88,"lastName":"Harrell","length":250.8273,"level":"paid","location":"Lansing-East Lansing, MI","method":"PUT","page":"NextVideo","registration":1540472624796.0,"sessionId":293,"video":"Sometimes","status":200,"ts":1541548876796,"userAgent":"\"Mozilla\/5.0 (X11; Linux x86_64) AppleWebKit\/537.36 (KHTML, like Gecko) Chrome\/37.0.2062.94 Safari\/537.36\"","userId":"97"}
{"youtuber":"The White Stripes","auth":"Logged In","firstName":"Kate","gender":"F","itemInSession":89,"lastName":"Harrell","length":241.8673,"level":"paid","location":"Lansing-East Lansing, MI","method":"PUT","page":"NextVideo","registration":1540472624796.0,"sessionId":293,"video":"My Doorbell (Album Version)","status":200,"ts":1541549126796,"userAgent":"\"Mozilla\/5.0 (X11; Linux x86_64) AppleWebKit\/537.36 (KHTML, like Gecko) Chrome\/37.0.2062.94 Safari\/537.36\"","userId":"97"}
{"youtuber":"Juan Carmona","auth":"Logged In","firstName":"Kate","gender":"F","itemInSession":90,"lastName":"Harrell","length":331.44118,"level":"paid","location":"Lansing-East Lansing, MI","method":"PUT","page":"NextVideo","registration":1540472624796.0,"sessionId":293,"video":"Panales de Algodon","status":200,"ts":1541549367796,"userAgent":"\"Mozilla\/5.0 (X11; Linux x86_64) AppleWebKit\/537.36 (KHTML, like Gecko) Chrome\/37.0.2062.94 Safari\/537.36\"","userId":"97"}
{"youtuber":"Alison Krauss \/ Union Station","auth":"Logged In","firstName":"Kate","gender":"F","itemInSession":91,"lastName":"Harrell","length":171.04934,"level":"paid","location":"Lansing-East Lansing, MI","method":"PUT","page":"NextVideo","registration":1540472624796.0,"sessionId":293,"video":"Restless","status":200,"ts":1541549698796,"userAgent":"\"Mozilla\/5.0 (X11; Linux x86_64) AppleWebKit\/537.36 (KHTML, like Gecko) Chrome\/37.0.2062.94 Safari\/537.36\"","userId":"97"}
{"youtuber":"Bullet For My Valentine","auth":"Logged In","firstName":"Kate","gender":"F","itemInSession":92,"lastName":"Harrell","length":235.65016,"level":"paid","location":"Lansing-East Lansing, MI","method":"PUT","page":"NextVideo","registration":1540472624796.0,"sessionId":293,"video":"Begging For Mercy","status":200,"ts":1541549869796,"userAgent":"\"Mozilla\/5.0 (X11; Linux x86_64) AppleWebKit\/537.36 (KHTML, like Gecko) Chrome\/37.0.2062.94 Safari\/537.36\"","userId":"97"}
{"youtuber":"Bj\u00c3\u0083\u00c2\u00b6rk","auth":"Logged In","firstName":"Kate","gender":"F","itemInSession":93,"lastName":"Harrell","length":348.57751,"level":"paid","location":"Lansing-East Lansing, MI","method":"PUT","page":"NextVideo","registration":1540472624796.0,"sessionId":293,"video":"Undo","status":200,"ts":1541550104796,"userAgent":"\"Mozilla\/5.0 (X11; Linux x86_64) AppleWebKit\/537.36 (KHTML, like Gecko) Chrome\/37.0.2062.94 Safari\/537.36\"","userId":"97"}
{"youtuber":"Kanye West","auth":"Logged In","firstName":"Kate","gender":"F","itemInSession":94,"lastName":"Harrell","length":198.47791,"level":"paid","location":"Lansing-East Lansing, MI","method":"PUT","page":"NextVideo","registration":1540472624796.0,"sessionId":293,"video":"Celebration","status":200,"ts":1541550452796,"userAgent":"\"Mozilla\/5.0 (X11; Linux x86_64) AppleWebKit\/537.36 (KHTML, like Gecko) Chrome\/37.0.2062.94 Safari\/537.36\"","userId":"97"}
{"youtuber":"Amy Winehouse","auth":"Logged In","firstName":"Ayla","gender":"F","itemInSession":0,"lastName":"Johnson","length":231.52281,"level":"free","location":"Santa Rosa, CA","method":"PUT","page":"NextVideo","registration":1540880381796.0,"sessionId":223,"video":"Stronger Than Me","status":200,"ts":1541550480796,"userAgent":"\"Mozilla\/5.0 (Macintosh; Intel Mac OS X 10_9_4) AppleWebKit\/537.77.4 (KHTML, like Gecko) Version\/7.0.5 Safari\/537.77.4\"","userId":"63"}
{"youtuber":"Saosin","auth":"Logged In","firstName":"Kate","gender":"F","itemInSession":95,"lastName":"Harrell","length":238.10567,"level":"paid","location":"Lansing-East Lansing, MI","method":"PUT","page":"NextVideo","registration":1540472624796.0,"sessionId":293,"video":"You're Not Alone","status":200,"ts":1541550650796,"userAgent":"\"Mozilla\/5.0 (X11; Linux x86_64) AppleWebKit\/537.36 (KHTML, like Gecko) Chrome\/37.0.2062.94 Safari\/537.36\"","userId":"97"}
{"youtuber":"Gorillaz","auth":"Logged In","firstName":"Kate","gender":"F","itemInSession":96,"lastName":"Harrell","length":195.44771,"level":"paid","location":"Lansing-East Lansing, MI","method":"PUT","page":"NextVideo","registration":1540472624796.0,"sessionId":293,"video":"Last Living Souls","status":200,"ts":1541550888796,"userAgent":"\"Mozilla\/5.0 (X11; Linux x86_64) AppleWebKit\/537.36 (KHTML, like Gecko) Chrome\/37.0.2062.94 Safari\/537.36\"","userId":"97"}
{"youtuber":"World Inferno\/Friendship Society_ The","auth":"Logged In","firstName":"Kate","gender":"F","itemInSession":97,"lastName":"Harrell","length":125.83138,"level":"paid","location":"Lansing-East Lansing, MI","method":"PUT","page":"NextVideo","registration":1540472624796.0,"sessionId":293,"video":"Everybody Comes to Rick's","status":200,"ts":1541551083796,"userAgent":"\"Mozilla\/5.0 (X11; Linux x86_64) AppleWebKit\/537.36 (KHTML, like Gecko) Chrome\/37.0.2062.94 Safari\/537.36\"","userId":"97"}
{"youtuber":"Fall Out Boy","auth":"Logged In","firstName":"Kate","gender":"F","itemInSession":98,"lastName":"Harrell","length":172.01587,"level":"paid","location":"Lansing-East Lansing, MI","method":"PUT","page":"NextVideo","registration":1540472624796.0,"sessionId":293,"video":"Don't You Know Who I Think I Am?","status":200,"ts":1541551208796,"userAgent":"\"Mozilla\/5.0 (X11; Linux x86_64) AppleWebKit\/537.36 (KHTML, like Gecko) Chrome\/37.0.2062.94 Safari\/537.36\"","userId":"97"}
{"youtuber":"Lonnie Gordon","auth":"Logged In","firstName":"Kate","gender":"F","itemInSession":99,"lastName":"Harrell","length":181.21098,"level":"paid","location":"Lansing-East Lansing, MI","method":"PUT","page":"NextVideo","registration":1540472624796.0,"sessionId":293,"video":"Catch You Baby (Steve Pitron & Max Sanna Radio Edit)","status":200,"ts":1541551380796,"userAgent":"\"Mozilla\/5.0 (X11; Linux x86_64) AppleWebKit\/537.36 (KHTML, like Gecko) Chrome\/37.0.2062.94 Safari\/537.36\"","userId":"97"}
{"youtuber":"Crystal Castles","auth":"Logged In","firstName":"Kate","gender":"F","itemInSession":100,"lastName":"Harrell","length":213.05424,"level":"paid","location":"Lansing-East Lansing, MI","method":"PUT","page":"NextVideo","registration":1540472624796.0,"sessionId":293,"video":"Not In Love","status":200,"ts":1541551561796,"userAgent":"\"Mozilla\/5.0 (X11; Linux x86_64) AppleWebKit\/537.36 (KHTML, like Gecko) Chrome\/37.0.2062.94 Safari\/537.36\"","userId":"97"}
{"youtuber":null,"auth":"Logged In","firstName":"Martin","gender":"M","itemInSession":0,"lastName":"Johnson","length":null,"level":"free","location":"Minneapolis-St. Paul-Bloomington, MN-WI","method":"GET","page":"Home","registration":1541081807796.0,"sessionId":303,"video":null,"status":200,"ts":1541551647796,"userAgent":"\"Mozilla\/5.0 (Macintosh; Intel Mac OS X 10_9_4) AppleWebKit\/537.78.2 (KHTML, like Gecko) Version\/7.0.6 Safari\/537.78.2\"","userId":"55"}
{"youtuber":"Cage The Elephant","auth":"Logged In","firstName":"Kate","gender":"F","itemInSession":101,"lastName":"Harrell","length":175.12444,"level":"paid","location":"Lansing-East Lansing, MI","method":"PUT","page":"NextVideo","registration":1540472624796.0,"sessionId":293,"video":"Ain't No Rest For The Wicked (Original Version)","status":200,"ts":1541551774796,"userAgent":"\"Mozilla\/5.0 (X11; Linux x86_64) AppleWebKit\/537.36 (KHTML, like Gecko) Chrome\/37.0.2062.94 Safari\/537.36\"","userId":"97"}
{"youtuber":"Rick Ross","auth":"Logged In","firstName":"Kate","gender":"F","itemInSession":102,"lastName":"Harrell","length":277.36771,"level":"paid","location":"Lansing-East Lansing, MI","method":"PUT","page":"NextVideo","registration":1540472624796.0,"sessionId":293,"video":"Luxury Tax","status":200,"ts":1541551949796,"userAgent":"\"Mozilla\/5.0 (X11; Linux x86_64) AppleWebKit\/537.36 (KHTML, like Gecko) Chrome\/37.0.2062.94 Safari\/537.36\"","userId":"97"}
{"youtuber":null,"auth":"Logged In","firstName":"Kate","gender":"F","itemInSession":103,"lastName":"Harrell","length":null,"level":"paid","location":"Lansing-East Lansing, MI","method":"PUT","page":"Logout","registration":1540472624796.0,"sessionId":293,"video":null,"status":307,"ts":1541551950796,"userAgent":"\"Mozilla\/5.0 (X11; Linux x86_64) AppleWebKit\/537.36 (KHTML, like Gecko) Chrome\/37.0.2062.94 Safari\/537.36\"","userId":"97"}
{"youtuber":null,"auth":"Logged Out","firstName":null,"gender":null,"itemInSession":104,"lastName":null,"length":null,"level":"paid","location":null,"method":"GET","page":"Home","registration":null,"sessionId":293,"video":null,"status":200,"ts":1541551950796,"userAgent":null,"userId":""}
{"youtuber":null,"auth":"Logged Out","firstName":null,"gender":null,"itemInSession":105,"lastName":null,"length":null,"level":"paid","location":null,"method":"GET","page":"Home","registration":null,"sessionId":293,"video":null,"status":200,"ts":1541551975796,"userAgent":null,"userId":""}
{"youtuber":"Lovehatehero","auth":"Logged In","firstName":"Kaylee","gender":"F","itemInSession":0,"lastName":"Summers","length":216.65914,"level":"free","location":"Phoenix-Mesa-Scottsdale, AZ","method":"PUT","page":"NextVideo","registration":1540344794796.0,"sessionId":181,"video":"Red Dress","status":200,"ts":1541554284796,"userAgent":"\"Mozilla\/5.0 (Windows NT 6.1; WOW64) AppleWebKit\/537.36 (KHTML, like Gecko) Chrome\/35.0.1916.153 Safari\/537.36\"","userId":"8"}
{"youtuber":"Justin Bieber","auth":"Logged In","firstName":"Kaylee","gender":"F","itemInSession":1,"lastName":"Summers","length":264.35873,"level":"free","location":"Phoenix-Mesa-Scottsdale, AZ","method":"PUT","page":"NextVideo","registration":1540344794796.0,"sessionId":181,"video":"Never Let You Go","status":200,"ts":1541554500796,"userAgent":"\"Mozilla\/5.0 (Windows NT 6.1; WOW64) AppleWebKit\/537.36 (KHTML, like Gecko) Chrome\/35.0.1916.153 Safari\/537.36\"","userId":"8"}
{"youtuber":"Zero 7","auth":"Logged In","firstName":"Kaylee","gender":"F","itemInSession":2,"lastName":"Summers","length":199.96689,"level":"free","location":"Phoenix-Mesa-Scottsdale, AZ","method":"PUT","page":"NextVideo","registration":1540344794796.0,"sessionId":181,"video":"You're My Flame [Album Version]","status":200,"ts":1541554764796,"userAgent":"\"Mozilla\/5.0 (Windows NT 6.1; WOW64) AppleWebKit\/537.36 (KHTML, like Gecko) Chrome\/35.0.1916.153 Safari\/537.36\"","userId":"8"}
{"youtuber":"Yeah Yeah Yeahs","auth":"Logged In","firstName":"Kaylee","gender":"F","itemInSession":3,"lastName":"Summers","length":220.96934,"level":"free","location":"Phoenix-Mesa-Scottsdale, AZ","method":"PUT","page":"NextVideo","registration":1540344794796.0,"sessionId":181,"video":"Heads Will Roll","status":200,"ts":1541554963796,"userAgent":"\"Mozilla\/5.0 (Windows NT 6.1; WOW64) AppleWebKit\/537.36 (KHTML, like Gecko) Chrome\/35.0.1916.153 Safari\/537.36\"","userId":"8"}
{"youtuber":"4 Skins","auth":"Logged In","firstName":"Kaylee","gender":"F","itemInSession":4,"lastName":"Summers","length":165.51138,"level":"free","location":"Phoenix-Mesa-Scottsdale, AZ","method":"PUT","page":"NextVideo","registration":1540344794796.0,"sessionId":181,"video":"Clockwork Skinhead","status":200,"ts":1541555183796,"userAgent":"\"Mozilla\/5.0 (Windows NT 6.1; WOW64) AppleWebKit\/537.36 (KHTML, like Gecko) Chrome\/35.0.1916.153 Safari\/537.36\"","userId":"8"}
{"youtuber":"Anne-Lie Ryd\u00c3\u0083\u00c2\u00a9","auth":"Logged In","firstName":"Wyatt","gender":"M","itemInSession":0,"lastName":"Scott","length":176.90077,"level":"free","location":"Eureka-Arcata-Fortuna, CA","method":"PUT","page":"NextVideo","registration":1540872073796.0,"sessionId":8,"video":"S\u00c3\u0083\u00c2\u00a5n't \u00c3\u0083\u00c2\u0084r Livet (You Can Have Her) (2002 Digital Remaster)","status":200,"ts":1541559210796,"userAgent":"Mozilla\/5.0 (Windows NT 6.1; WOW64; Trident\/7.0; rv:11.0) like Gecko","userId":"9"}
{"youtuber":"The Smiths","auth":"Logged In","firstName":"Wyatt","gender":"M","itemInSession":1,"lastName":"Scott","length":242.9122,"level":"free","location":"Eureka-Arcata-Fortuna, CA","method":"PUT","page":"NextVideo","registration":1540872073796.0,"sessionId":8,"video":"There Is A Light That Never Goes Out","status":200,"ts":1541559386796,"userAgent":"Mozilla\/5.0 (Windows NT 6.1; WOW64; Trident\/7.0; rv:11.0) like Gecko","userId":"9"}
{"youtuber":"Metallica","auth":"Logged In","firstName":"Wyatt","gender":"M","itemInSession":2,"lastName":"Scott","length":515.21261,"level":"free","location":"Eureka-Arcata-Fortuna, CA","method":"PUT","page":"NextVideo","registration":1540872073796.0,"sessionId":8,"video":"Master Of Puppets","status":200,"ts":1541559628796,"userAgent":"Mozilla\/5.0 (Windows NT 6.1; WOW64; Trident\/7.0; rv:11.0) like Gecko","userId":"9"}
{"youtuber":"Flight Of The Conchords","auth":"Logged In","firstName":"Kynnedi","gender":"F","itemInSession":0,"lastName":"Sanchez","length":148.55791,"level":"free","location":"Cedar Rapids, IA","method":"PUT","page":"NextVideo","registration":1541079034796.0,"sessionId":192,"video":"Too Many Dicks (On The Dance Floor)","status":200,"ts":1541559660796,"userAgent":"\"Mozilla\/5.0 (Macintosh; Intel Mac OS X 10_8_5) AppleWebKit\/537.36 (KHTML, like Gecko) Chrome\/36.0.1985.125 Safari\/537.36\"","userId":"89"}
{"youtuber":"In Flames","auth":"Logged In","firstName":"Kynnedi","gender":"F","itemInSession":1,"lastName":"Sanchez","length":255.76444,"level":"free","location":"Cedar Rapids, IA","method":"PUT","page":"NextVideo","registration":1541079034796.0,"sessionId":192,"video":"Come Clarity","status":200,"ts":1541559808796,"userAgent":"\"Mozilla\/5.0 (Macintosh; Intel Mac OS X 10_8_5) AppleWebKit\/537.36 (KHTML, like Gecko) Chrome\/36.0.1985.125 Safari\/537.36\"","userId":"89"}
{"youtuber":"Juan Carlos Baglietto","auth":"Logged In","firstName":"Wyatt","gender":"M","itemInSession":3,"lastName":"Scott","length":221.80526,"level":"free","location":"Eureka-Arcata-Fortuna, CA","method":"PUT","page":"NextVideo","registration":1540872073796.0,"sessionId":8,"video":"Cuando","status":200,"ts":1541560143796,"userAgent":"Mozilla\/5.0 (Windows NT 6.1; WOW64; Trident\/7.0; rv:11.0) like Gecko","userId":"9"}
{"youtuber":"Juan Carlos Baglietto","auth":"Logged In","firstName":"Wyatt","gender":"M","itemInSession":4,"lastName":"Scott","length":285.64853,"level":"free","location":"Eureka-Arcata-Fortuna, CA","method":"PUT","page":"NextVideo","registration":1540872073796.0,"sessionId":8,"video":"Era En Abril","status":200,"ts":1541560364796,"userAgent":"Mozilla\/5.0 (Windows NT 6.1; WOW64; Trident\/7.0; rv:11.0) like Gecko","userId":"9"}
{"youtuber":null,"auth":"Logged In","firstName":"Chloe","gender":"F","itemInSession":0,"lastName":"Cuevas","length":null,"level":"free","location":"San Francisco-Oakland-Hayward, CA","method":"GET","page":"Home","registration":1540940782796.0,"sessionId":283,"video":null,"status":200,"ts":1541563523796,"userAgent":"Mozilla\/5.0 (Windows NT 5.1; rv:31.0) Gecko\/20100101 Firefox\/31.0","userId":"49"}
{"youtuber":"Saliva","auth":"Logged In","firstName":"Ava","gender":"F","itemInSession":0,"lastName":"Robinson","length":252.44689,"level":"free","location":"New Haven-Milford, CT","method":"PUT","page":"NextVideo","registration":1540931983796.0,"sessionId":313,"video":"Click Click Boom","status":200,"ts":1541568474796,"userAgent":"\"Mozilla\/5.0 (Windows NT 6.3; WOW64) AppleWebKit\/537.36 (KHTML, like Gecko) Chrome\/36.0.1985.143 Safari\/537.36\"","userId":"50"}
{"youtuber":"Soul II Soul","auth":"Logged In","firstName":"Jayden","gender":"M","itemInSession":0,"lastName":"Fox","length":239.67302,"level":"free","location":"New Orleans-Metairie, LA","method":"PUT","page":"NextVideo","registration":1541033612796.0,"sessionId":298,"video":"How Long","status":200,"ts":1541568616796,"userAgent":"\"Mozilla\/5.0 (Windows NT 6.3; WOW64) AppleWebKit\/537.36 (KHTML, like Gecko) Chrome\/36.0.1985.143 Safari\/537.36\"","userId":"101"}
{"youtuber":"Los Rodriguez","auth":"Logged In","firstName":"Ava","gender":"F","itemInSession":1,"lastName":"Robinson","length":205.21751,"level":"free","location":"New Haven-Milford, CT","method":"PUT","page":"NextVideo","registration":1540931983796.0,"sessionId":313,"video":"Enganchate Conmigo","status":200,"ts":1541568726796,"userAgent":"\"Mozilla\/5.0 (Windows NT 6.3; WOW64) AppleWebKit\/537.36 (KHTML, like Gecko) Chrome\/36.0.1985.143 Safari\/537.36\"","userId":"50"}
{"youtuber":"Twista feat. Kayne West & Jamie Foxx","auth":"Logged In","firstName":"Ava","gender":"F","itemInSession":2,"lastName":"Robinson","length":212.55791,"level":"free","location":"New Haven-Milford, CT","method":"PUT","page":"NextVideo","registration":1540931983796.0,"sessionId":313,"video":"Slow Jamz (Feat. Kanye West & Jamie Foxx) (Edited Album Version)","status":200,"ts":1541568931796,"userAgent":"\"Mozilla\/5.0 (Windows NT 6.3; WOW64) AppleWebKit\/537.36 (KHTML, like Gecko) Chrome\/36.0.1985.143 Safari\/537.36\"","userId":"50"}
{"youtuber":"Slim Cessna's Auto Club","auth":"Logged In","firstName":"Ava","gender":"F","itemInSession":3,"lastName":"Robinson","length":333.37424,"level":"free","location":"New Haven-Milford, CT","method":"PUT","page":"NextVideo","registration":1540931983796.0,"sessionId":313,"video":"Unto The Day","status":200,"ts":1541569143796,"userAgent":"\"Mozilla\/5.0 (Windows NT 6.3; WOW64) AppleWebKit\/537.36 (KHTML, like Gecko) Chrome\/36.0.1985.143 Safari\/537.36\"","userId":"50"}
{"youtuber":null,"auth":"Logged In","firstName":"Sylvie","gender":"F","itemInSession":0,"lastName":"Cruz","length":null,"level":"free","location":"Washington-Arlington-Alexandria, DC-VA-MD-WV","method":"GET","page":"Home","registration":1540266185796.0,"sessionId":286,"video":null,"status":200,"ts":1541571238796,"userAgent":"\"Mozilla\/5.0 (Macintosh; Intel Mac OS X 10_9_4) AppleWebKit\/537.77.4 (KHTML, like Gecko) Version\/7.0.5 Safari\/537.77.4\"","userId":"10"}
{"youtuber":null,"auth":"Logged In","firstName":"Sylvie","gender":"F","itemInSession":1,"lastName":"Cruz","length":null,"level":"free","location":"Washington-Arlington-Alexandria, DC-VA-MD-WV","method":"GET","page":"Settings","registration":1540266185796.0,"sessionId":286,"video":null,"status":200,"ts":1541571605796,"userAgent":"\"Mozilla\/5.0 (Macintosh; Intel Mac OS X 10_9_4) AppleWebKit\/537.77.4 (KHTML, like Gecko) Version\/7.0.5 Safari\/537.77.4\"","userId":"10"}
{"youtuber":"Philippe Rochard","auth":"Logged In","firstName":"Theodore","gender":"M","itemInSession":0,"lastName":"Harris","length":360.51546,"level":"free","location":"Red Bluff, CA","method":"PUT","page":"NextVideo","registration":1541097374796.0,"sessionId":162,"video":"Crumpshit","status":200,"ts":1541572283796,"userAgent":"Mozilla\/5.0 (Windows NT 6.1; WOW64; rv:31.0) Gecko\/20100101 Firefox\/31.0","userId":"14"}
{"youtuber":null,"auth":"Logged In","firstName":"Sylvie","gender":"F","itemInSession":2,"lastName":"Cruz","length":null,"level":"free","location":"Washington-Arlington-Alexandria, DC-VA-MD-WV","method":"GET","page":"Home","registration":1540266185796.0,"sessionId":286,"video":null,"status":200,"ts":1541572497796,"userAgent":"\"Mozilla\/5.0 (Macintosh; Intel Mac OS X 10_9_4) AppleWebKit\/537.77.4 (KHTML, like Gecko) Version\/7.0.5 Safari\/537.77.4\"","userId":"10"}
{"youtuber":"Mike And The Mechanics","auth":"Logged In","firstName":"Theodore","gender":"M","itemInSession":1,"lastName":"Harris","length":275.12118,"level":"free","location":"Red Bluff, CA","method":"PUT","page":"NextVideo","registration":1541097374796.0,"sessionId":162,"video":"A Beggar On A Beach Of Gold","status":200,"ts":1541572643796,"userAgent":"Mozilla\/5.0 (Windows NT 6.1; WOW64; rv:31.0) Gecko\/20100101 Firefox\/31.0","userId":"14"}
{"youtuber":"No Doubt","auth":"Logged In","firstName":"Theodore","gender":"M","itemInSession":2,"lastName":"Harris","length":213.31546,"level":"free","location":"Red Bluff, CA","method":"PUT","page":"NextVideo","registration":1541097374796.0,"sessionId":162,"video":"Hey You","status":200,"ts":1541572918796,"userAgent":"Mozilla\/5.0 (Windows NT 6.1; WOW64; rv:31.0) Gecko\/20100101 Firefox\/31.0","userId":"14"}
{"youtuber":"The White Stripes","auth":"Logged In","firstName":"Sylvie","gender":"F","itemInSession":3,"lastName":"Cruz","length":231.81016,"level":"free","location":"Washington-Arlington-Alexandria, DC-VA-MD-WV","method":"PUT","page":"NextVideo","registration":1540266185796.0,"sessionId":286,"video":"Seven Nation Army (Album Version)","status":200,"ts":1541572983796,"userAgent":"\"Mozilla\/5.0 (Macintosh; Intel Mac OS X 10_9_4) AppleWebKit\/537.77.4 (KHTML, like Gecko) Version\/7.0.5 Safari\/537.77.4\"","userId":"10"}
{"youtuber":"Oscar Peterson","auth":"Logged In","firstName":"Theodore","gender":"M","itemInSession":3,"lastName":"Harris","length":516.70159,"level":"free","location":"Red Bluff, CA","method":"PUT","page":"NextVideo","registration":1541097374796.0,"sessionId":162,"video":"Nighttime","status":200,"ts":1541573131796,"userAgent":"Mozilla\/5.0 (Windows NT 6.1; WOW64; rv:31.0) Gecko\/20100101 Firefox\/31.0","userId":"14"}
{"youtuber":"Jem","auth":"Logged In","firstName":"Adler","gender":"M","itemInSession":0,"lastName":"Barrera","length":242.18077,"level":"free","location":"New York-Newark-Jersey City, NY-NJ-PA","method":"PUT","page":"NextVideo","registration":1540835983796.0,"sessionId":301,"video":"Amazing Life","status":200,"ts":1541577266796,"userAgent":"\"Mozilla\/5.0 (Macintosh; Intel Mac OS X 10_9_4) AppleWebKit\/537.78.2 (KHTML, like Gecko) Version\/7.0.6 Safari\/537.78.2\"","userId":"100"}
{"youtuber":"Jagged Edge featuring Run of Run DMC","auth":"Logged In","firstName":"Adler","gender":"M","itemInSession":1,"lastName":"Barrera","length":248.37179,"level":"free","location":"New York-Newark-Jersey City, NY-NJ-PA","method":"PUT","page":"NextVideo","registration":1540835983796.0,"sessionId":301,"video":"Let's Get Married","status":200,"ts":1541577508796,"userAgent":"\"Mozilla\/5.0 (Macintosh; Intel Mac OS X 10_9_4) AppleWebKit\/537.78.2 (KHTML, like Gecko) Version\/7.0.6 Safari\/537.78.2\"","userId":"100"}
{"youtuber":null,"auth":"Logged In","firstName":"Tegan","gender":"F","itemInSession":0,"lastName":"Levine","length":null,"level":"free","location":"Portland-South Portland, ME","method":"GET","page":"Home","registration":1540794356796.0,"sessionId":329,"video":null,"status":200,"ts":1541577563796,"userAgent":"\"Mozilla\/5.0 (Macintosh; Intel Mac OS X 10_9_4) AppleWebKit\/537.36 (KHTML, like Gecko) Chrome\/36.0.1985.143 Safari\/537.36\"","userId":"80"}
{"youtuber":"Arctic Monkeys","auth":"Logged In","firstName":"Tegan","gender":"F","itemInSession":1,"lastName":"Levine","length":152.60689,"level":"free","location":"Portland-South Portland, ME","method":"PUT","page":"NextVideo","registration":1540794356796.0,"sessionId":329,"video":"Baby I'm Yours","status":200,"ts":1541578087796,"userAgent":"\"Mozilla\/5.0 (Macintosh; Intel Mac OS X 10_9_4) AppleWebKit\/537.36 (KHTML, like Gecko) Chrome\/36.0.1985.143 Safari\/537.36\"","userId":"80"}
{"youtuber":null,"auth":"Logged In","firstName":"Ava","gender":"F","itemInSession":0,"lastName":"Robinson","length":null,"level":"free","location":"New Haven-Milford, CT","method":"GET","page":"Home","registration":1540931983796.0,"sessionId":338,"video":null,"status":200,"ts":1541583646796,"userAgent":"\"Mozilla\/5.0 (Windows NT 6.3; WOW64) AppleWebKit\/537.36 (KHTML, like Gecko) Chrome\/36.0.1985.143 Safari\/537.36\"","userId":"50"}
{"youtuber":"Pixies","auth":"Logged In","firstName":"Ava","gender":"F","itemInSession":1,"lastName":"Robinson","length":89.36444,"level":"free","location":"New Haven-Milford, CT","method":"PUT","page":"NextVideo","registration":1540931983796.0,"sessionId":338,"video":"Build High","status":200,"ts":1541583683796,"userAgent":"\"Mozilla\/5.0 (Windows NT 6.3; WOW64) AppleWebKit\/537.36 (KHTML, like Gecko) Chrome\/36.0.1985.143 Safari\/537.36\"","userId":"50"}
{"youtuber":"The Roots \/ Jack Davey","auth":"Logged In","firstName":"Ava","gender":"F","itemInSession":2,"lastName":"Robinson","length":155.95057,"level":"free","location":"New Haven-Milford, CT","method":"PUT","page":"NextVideo","registration":1540931983796.0,"sessionId":338,"video":"Atonement","status":200,"ts":1541583772796,"userAgent":"\"Mozilla\/5.0 (Windows NT 6.3; WOW64) AppleWebKit\/537.36 (KHTML, like Gecko) Chrome\/36.0.1985.143 Safari\/537.36\"","userId":"50"}
{"youtuber":"Mike And The Mechanics","auth":"Logged In","firstName":"Ava","gender":"F","itemInSession":3,"lastName":"Robinson","length":275.12118,"level":"free","location":"New Haven-Milford, CT","method":"PUT","page":"NextVideo","registration":1540931983796.0,"sessionId":338,"video":"A Beggar On A Beach Of Gold","status":200,"ts":1541583927796,"userAgent":"\"Mozilla\/5.0 (Windows NT 6.3; WOW64) AppleWebKit\/537.36 (KHTML, like Gecko) Chrome\/36.0.1985.143 Safari\/537.36\"","userId":"50"}
{"youtuber":"Faithless","auth":"Logged In","firstName":"Ava","gender":"F","itemInSession":4,"lastName":"Robinson","length":495.3073,"level":"free","location":"New Haven-Milford, CT","method":"PUT","page":"NextVideo","registration":1540931983796.0,"sessionId":338,"video":"Music Matters (Mark Knight Dub)","status":200,"ts":1541584202796,"userAgent":"\"Mozilla\/5.0 (Windows NT 6.3; WOW64) AppleWebKit\/537.36 (KHTML, like Gecko) Chrome\/36.0.1985.143 Safari\/537.36\"","userId":"50"}
{"youtuber":"Kings Of Leon","auth":"Logged In","firstName":"Aiden","gender":"M","itemInSession":0,"lastName":"Hess","length":227.13424,"level":"free","location":"La Crosse-Onalaska, WI-MN","method":"PUT","page":"NextVideo","registration":1540829025796.0,"sessionId":204,"video":"Be Somebody","status":200,"ts":1541589678796,"userAgent":"\"Mozilla\/5.0 (Macintosh; Intel Mac OS X 10_9_4) AppleWebKit\/537.36 (KHTML, like Gecko) Chrome\/37.0.2062.94 Safari\/537.36\"","userId":"86"}
{"youtuber":null,"auth":"Logged In","firstName":"Sylvie","gender":"F","itemInSession":0,"lastName":"Cruz","length":null,"level":"free","location":"Washington-Arlington-Alexandria, DC-VA-MD-WV","method":"GET","page":"Home","registration":1540266185796.0,"sessionId":339,"video":null,"status":200,"ts":1541590304796,"userAgent":"\"Mozilla\/5.0 (Macintosh; Intel Mac OS X 10_9_4) AppleWebKit\/537.77.4 (KHTML, like Gecko) Version\/7.0.5 Safari\/537.77.4\"","userId":"10"}
{"youtuber":"Vader","auth":"Logged In","firstName":"Sylvie","gender":"F","itemInSession":1,"lastName":"Cruz","length":128.91383,"level":"free","location":"Washington-Arlington-Alexandria, DC-VA-MD-WV","method":"PUT","page":"NextVideo","registration":1540266185796.0,"sessionId":339,"video":"Carnal","status":200,"ts":1541590661796,"userAgent":"\"Mozilla\/5.0 (Macintosh; Intel Mac OS X 10_9_4) AppleWebKit\/537.77.4 (KHTML, like Gecko) Version\/7.0.5 Safari\/537.77.4\"","userId":"10"}
{"youtuber":"Wu-Tang Clan","auth":"Logged In","firstName":"Sylvie","gender":"F","itemInSession":2,"lastName":"Cruz","length":122.46159,"level":"free","location":"Washington-Arlington-Alexandria, DC-VA-MD-WV","method":"PUT","page":"NextVideo","registration":1540266185796.0,"sessionId":339,"video":"Impossible","status":200,"ts":1541590789796,"userAgent":"\"Mozilla\/5.0 (Macintosh; Intel Mac OS X 10_9_4) AppleWebKit\/537.77.4 (KHTML, like Gecko) Version\/7.0.5 Safari\/537.77.4\"","userId":"10"}
{"youtuber":null,"auth":"Logged In","firstName":"Ryan","gender":"M","itemInSession":0,"lastName":"Smith","length":null,"level":"free","location":"San Jose-Sunnyvale-Santa Clara, CA","method":"GET","page":"Home","registration":1541016707796.0,"sessionId":326,"video":null,"status":200,"ts":1541591952796,"userAgent":"\"Mozilla\/5.0 (X11; Linux x86_64) AppleWebKit\/537.36 (KHTML, like Gecko) Ubuntu Chromium\/36.0.1985.125 Chrome\/36.0.1985.125 Safari\/537.36\"","userId":"26"}
{"youtuber":null,"auth":"Logged In","firstName":"Kevin","gender":"M","itemInSession":0,"lastName":"Arellano","length":null,"level":"free","location":"Harrisburg-Carlisle, PA","method":"GET","page":"Home","registration":1540006905796.0,"sessionId":319,"video":null,"status":200,"ts":1541592346796,"userAgent":"\"Mozilla\/5.0 (Macintosh; Intel Mac OS X 10_9_4) AppleWebKit\/537.36 (KHTML, like Gecko) Chrome\/36.0.1985.125 Safari\/537.36\"","userId":"66"}
{"youtuber":"Matt Nathanson","auth":"Logged In","firstName":"Kevin","gender":"M","itemInSession":1,"lastName":"Arellano","length":187.03628,"level":"free","location":"Harrisburg-Carlisle, PA","method":"PUT","page":"NextVideo","registration":1540006905796.0,"sessionId":319,"video":"Bare","status":200,"ts":1541592383796,"userAgent":"\"Mozilla\/5.0 (Macintosh; Intel Mac OS X 10_9_4) AppleWebKit\/537.36 (KHTML, like Gecko) Chrome\/36.0.1985.125 Safari\/537.36\"","userId":"66"}
{"youtuber":"Lily Allen","auth":"Logged In","firstName":"Kevin","gender":"M","itemInSession":2,"lastName":"Arellano","length":194.76853,"level":"free","location":"Harrisburg-Carlisle, PA","method":"PUT","page":"NextVideo","registration":1540006905796.0,"sessionId":319,"video":"Smile","status":200,"ts":1541592570796,"userAgent":"\"Mozilla\/5.0 (Macintosh; Intel Mac OS X 10_9_4) AppleWebKit\/537.36 (KHTML, like Gecko) Chrome\/36.0.1985.125 Safari\/537.36\"","userId":"66"}
{"youtuber":null,"auth":"Logged In","firstName":"Jayden","gender":"M","itemInSession":0,"lastName":"Fox","length":null,"level":"free","location":"New Orleans-Metairie, LA","method":"GET","page":"Home","registration":1541033612796.0,"sessionId":337,"video":null,"status":200,"ts":1541595680796,"userAgent":"\"Mozilla\/5.0 (Windows NT 6.3; WOW64) AppleWebKit\/537.36 (KHTML, like Gecko) Chrome\/36.0.1985.143 Safari\/537.36\"","userId":"101"}
{"youtuber":null,"auth":"Logged In","firstName":"Lily","gender":"F","itemInSession":0,"lastName":"Koch","length":null,"level":"paid","location":"Chicago-Naperville-Elgin, IL-IN-WI","method":"GET","page":"Home","registration":1541048010796.0,"sessionId":221,"video":null,"status":200,"ts":1541596856796,"userAgent":"\"Mozilla\/5.0 (X11; Linux x86_64) AppleWebKit\/537.36 (KHTML, like Gecko) Ubuntu Chromium\/36.0.1985.125 Chrome\/36.0.1985.125 Safari\/537.36\"","userId":"15"}
{"youtuber":"Harmonia","auth":"Logged In","firstName":"Aleena","gender":"F","itemInSession":0,"lastName":"Kirby","length":655.77751,"level":"paid","location":"Waterloo-Cedar Falls, IA","method":"PUT","page":"NextVideo","registration":1541022995796.0,"sessionId":285,"video":"Sehr kosmisch","status":200,"ts":1541596896796,"userAgent":"Mozilla\/5.0 (Macintosh; Intel Mac OS X 10.9; rv:31.0) Gecko\/20100101 Firefox\/31.0","userId":"44"}
{"youtuber":"Avril Lavigne","auth":"Logged In","firstName":"Lily","gender":"F","itemInSession":1,"lastName":"Koch","length":239.90812,"level":"paid","location":"Chicago-Naperville-Elgin, IL-IN-WI","method":"PUT","page":"NextVideo","registration":1541048010796.0,"sessionId":221,"video":"Keep Holding On","status":200,"ts":1541596931796,"userAgent":"\"Mozilla\/5.0 (X11; Linux x86_64) AppleWebKit\/537.36 (KHTML, like Gecko) Ubuntu Chromium\/36.0.1985.125 Chrome\/36.0.1985.125 Safari\/537.36\"","userId":"15"}
{"youtuber":null,"auth":"Logged In","firstName":"Lily","gender":"F","itemInSession":0,"lastName":"Burns","length":null,"level":"free","location":"New York-Newark-Jersey City, NY-NJ-PA","method":"GET","page":"Home","registration":1540621059796.0,"sessionId":320,"video":null,"status":200,"ts":1541597130796,"userAgent":"\"Mozilla\/5.0 (Windows NT 6.1; WOW64) AppleWebKit\/537.36 (KHTML, like Gecko) Chrome\/36.0.1985.125 Safari\/537.36\"","userId":"32"}
{"youtuber":"White Lion","auth":"Logged In","firstName":"Lily","gender":"F","itemInSession":2,"lastName":"Koch","length":378.93179,"level":"paid","location":"Chicago-Naperville-Elgin, IL-IN-WI","method":"PUT","page":"NextVideo","registration":1541048010796.0,"sessionId":221,"video":"When The Children Cry","status":200,"ts":1541597170796,"userAgent":"\"Mozilla\/5.0 (X11; Linux x86_64) AppleWebKit\/537.36 (KHTML, like Gecko) Ubuntu Chromium\/36.0.1985.125 Chrome\/36.0.1985.125 Safari\/537.36\"","userId":"15"}
{"youtuber":"Lifehouse","auth":"Logged In","firstName":"Lily","gender":"F","itemInSession":3,"lastName":"Koch","length":195.47383,"level":"paid","location":"Chicago-Naperville-Elgin, IL-IN-WI","method":"PUT","page":"NextVideo","registration":1541048010796.0,"sessionId":221,"video":"You And Me (Wedding Version)","status":200,"ts":1541597548796,"userAgent":"\"Mozilla\/5.0 (X11; Linux x86_64) AppleWebKit\/537.36 (KHTML, like Gecko) Ubuntu Chromium\/36.0.1985.125 Chrome\/36.0.1985.125 Safari\/537.36\"","userId":"15"}
{"youtuber":"Entombed","auth":"Logged In","firstName":"Aleena","gender":"F","itemInSession":1,"lastName":"Kirby","length":237.73995,"level":"paid","location":"Waterloo-Cedar Falls, IA","method":"PUT","page":"NextVideo","registration":1541022995796.0,"sessionId":285,"video":"Stranger Aeons","status":200,"ts":1541597551796,"userAgent":"Mozilla\/5.0 (Macintosh; Intel Mac OS X 10.9; rv:31.0) Gecko\/20100101 Firefox\/31.0","userId":"44"}
{"youtuber":"Miley Cyrus","auth":"Logged In","firstName":"Lily","gender":"F","itemInSession":4,"lastName":"Koch","length":236.85179,"level":"paid","location":"Chicago-Naperville-Elgin, IL-IN-WI","method":"PUT","page":"NextVideo","registration":1541048010796.0,"sessionId":221,"video":"The Climb","status":200,"ts":1541597743796,"userAgent":"\"Mozilla\/5.0 (X11; Linux x86_64) AppleWebKit\/537.36 (KHTML, like Gecko) Ubuntu Chromium\/36.0.1985.125 Chrome\/36.0.1985.125 Safari\/537.36\"","userId":"15"}
{"youtuber":"Ray Barretto","auth":"Logged In","firstName":"Aleena","gender":"F","itemInSession":2,"lastName":"Kirby","length":251.79383,"level":"paid","location":"Waterloo-Cedar Falls, IA","method":"PUT","page":"NextVideo","registration":1541022995796.0,"sessionId":285,"video":"Indestructible","status":200,"ts":1541597788796,"userAgent":"Mozilla\/5.0 (Macintosh; Intel Mac OS X 10.9; rv:31.0) Gecko\/20100101 Firefox\/31.0","userId":"44"}
{"youtuber":"Syd Barrett","auth":"Logged In","firstName":"Lily","gender":"F","itemInSession":5,"lastName":"Koch","length":332.32934,"level":"paid","location":"Chicago-Naperville-Elgin, IL-IN-WI","method":"PUT","page":"NextVideo","registration":1541048010796.0,"sessionId":221,"video":"Lanky (Part One)","status":200,"ts":1541597979796,"userAgent":"\"Mozilla\/5.0 (X11; Linux x86_64) AppleWebKit\/537.36 (KHTML, like Gecko) Ubuntu Chromium\/36.0.1985.125 Chrome\/36.0.1985.125 Safari\/537.36\"","userId":"15"}
{"youtuber":"Thievery Corporation","auth":"Logged In","firstName":"Aleena","gender":"F","itemInSession":3,"lastName":"Kirby","length":225.85424,"level":"paid","location":"Waterloo-Cedar Falls, IA","method":"PUT","page":"NextVideo","registration":1541022995796.0,"sessionId":285,"video":"Racing East","status":200,"ts":1541598039796,"userAgent":"Mozilla\/5.0 (Macintosh; Intel Mac OS X 10.9; rv:31.0) Gecko\/20100101 Firefox\/31.0","userId":"44"}
{"youtuber":null,"auth":"Logged In","firstName":"Aleena","gender":"F","itemInSession":4,"lastName":"Kirby","length":null,"level":"paid","location":"Waterloo-Cedar Falls, IA","method":"GET","page":"Home","registration":1541022995796.0,"sessionId":285,"video":null,"status":200,"ts":1541598052796,"userAgent":"Mozilla\/5.0 (Macintosh; Intel Mac OS X 10.9; rv:31.0) Gecko\/20100101 Firefox\/31.0","userId":"44"}
{"youtuber":"Jack Johnson","auth":"Logged In","firstName":"Aleena","gender":"F","itemInSession":5,"lastName":"Kirby","length":210.85995,"level":"paid","location":"Waterloo-Cedar Falls, IA","method":"PUT","page":"NextVideo","registration":1541022995796.0,"sessionId":285,"video":"Angel","status":200,"ts":1541598264796,"userAgent":"Mozilla\/5.0 (Macintosh; Intel Mac OS X 10.9; rv:31.0) Gecko\/20100101 Firefox\/31.0","userId":"44"}
{"youtuber":"Todd Barry","auth":"Logged In","firstName":"Lily","gender":"F","itemInSession":6,"lastName":"Koch","length":126.82404,"level":"paid","location":"Chicago-Naperville-Elgin, IL-IN-WI","method":"PUT","page":"NextVideo","registration":1541048010796.0,"sessionId":221,"video":"Sugar Ray (LP Version)","status":200,"ts":1541598311796,"userAgent":"\"Mozilla\/5.0 (X11; Linux x86_64) AppleWebKit\/537.36 (KHTML, like Gecko) Ubuntu Chromium\/36.0.1985.125 Chrome\/36.0.1985.125 Safari\/537.36\"","userId":"15"}
{"youtuber":"Eddie Vedder","auth":"Logged In","firstName":"Lily","gender":"F","itemInSession":7,"lastName":"Koch","length":164.17914,"level":"paid","location":"Chicago-Naperville-Elgin, IL-IN-WI","method":"PUT","page":"NextVideo","registration":1541048010796.0,"sessionId":221,"video":"Guaranteed","status":200,"ts":1541598437796,"userAgent":"\"Mozilla\/5.0 (X11; Linux x86_64) AppleWebKit\/537.36 (KHTML, like Gecko) Ubuntu Chromium\/36.0.1985.125 Chrome\/36.0.1985.125 Safari\/537.36\"","userId":"15"}
{"youtuber":"Arcade Fire","auth":"Logged In","firstName":"Aleena","gender":"F","itemInSession":6,"lastName":"Kirby","length":343.69261,"level":"paid","location":"Waterloo-Cedar Falls, IA","method":"PUT","page":"NextVideo","registration":1541022995796.0,"sessionId":285,"video":"No Cars Go","status":200,"ts":1541598474796,"userAgent":"Mozilla\/5.0 (Macintosh; Intel Mac OS X 10.9; rv:31.0) Gecko\/20100101 Firefox\/31.0","userId":"44"}
{"youtuber":"Cartola","auth":"Logged In","firstName":"Lily","gender":"F","itemInSession":8,"lastName":"Koch","length":188.65587,"level":"paid","location":"Chicago-Naperville-Elgin, IL-IN-WI","method":"PUT","page":"NextVideo","registration":1541048010796.0,"sessionId":221,"video":"Verde Que Te Quero Rosa","status":200,"ts":1541598601796,"userAgent":"\"Mozilla\/5.0 (X11; Linux x86_64) AppleWebKit\/537.36 (KHTML, like Gecko) Ubuntu Chromium\/36.0.1985.125 Chrome\/36.0.1985.125 Safari\/537.36\"","userId":"15"}
{"youtuber":null,"auth":"Logged Out","firstName":null,"gender":null,"itemInSession":0,"lastName":null,"length":null,"level":"free","location":null,"method":"PUT","page":"Login","registration":null,"sessionId":177,"video":null,"status":307,"ts":1541598781796,"userAgent":null,"userId":""}
{"youtuber":"India.Arie","auth":"Logged In","firstName":"Lily","gender":"F","itemInSession":9,"lastName":"Koch","length":212.13995,"level":"paid","location":"Chicago-Naperville-Elgin, IL-IN-WI","method":"PUT","page":"NextVideo","registration":1541048010796.0,"sessionId":221,"video":"Good Man","status":200,"ts":1541598789796,"userAgent":"\"Mozilla\/5.0 (X11; Linux x86_64) AppleWebKit\/537.36 (KHTML, like Gecko) Ubuntu Chromium\/36.0.1985.125 Chrome\/36.0.1985.125 Safari\/537.36\"","userId":"15"}
{"youtuber":"Avril Lavigne","auth":"Logged In","firstName":"Aleena","gender":"F","itemInSession":7,"lastName":"Kirby","length":212.40118,"level":"paid","location":"Waterloo-Cedar Falls, IA","method":"PUT","page":"NextVideo","registration":1541022995796.0,"sessionId":285,"video":"Tomorrow","status":200,"ts":1541598817796,"userAgent":"Mozilla\/5.0 (Macintosh; Intel Mac OS X 10.9; rv:31.0) Gecko\/20100101 Firefox\/31.0","userId":"44"}
{"youtuber":null,"auth":"Logged In","firstName":"Morris","gender":"M","itemInSession":1,"lastName":"Gilmore","length":null,"level":"free","location":"Raleigh, NC","method":"GET","page":"Home","registration":1540971561796.0,"sessionId":177,"video":null,"status":200,"ts":1541598853796,"userAgent":"\"Mozilla\/5.0 (iPhone; CPU iPhone OS 7_1_1 like Mac OS X) AppleWebKit\/537.51.2 (KHTML, like Gecko) Version\/7.0 Mobile\/11D201 Safari\/9537.53\"","userId":"23"}
{"youtuber":"Dwight Yoakam","auth":"Logged In","firstName":"Morris","gender":"M","itemInSession":2,"lastName":"Gilmore","length":239.3073,"level":"free","location":"Raleigh, NC","method":"PUT","page":"NextVideo","registration":1540971561796.0,"sessionId":177,"video":"You're The One","status":200,"ts":1541598892796,"userAgent":"\"Mozilla\/5.0 (iPhone; CPU iPhone OS 7_1_1 like Mac OS X) AppleWebKit\/537.51.2 (KHTML, like Gecko) Version\/7.0 Mobile\/11D201 Safari\/9537.53\"","userId":"23"}
{"youtuber":"Beyonc\u00c3\u0083\u00c2\u00a9","auth":"Logged In","firstName":"Lily","gender":"F","itemInSession":10,"lastName":"Koch","length":261.74649,"level":"paid","location":"Chicago-Naperville-Elgin, IL-IN-WI","method":"PUT","page":"NextVideo","registration":1541048010796.0,"sessionId":221,"video":"Halo","status":200,"ts":1541599001796,"userAgent":"\"Mozilla\/5.0 (X11; Linux x86_64) AppleWebKit\/537.36 (KHTML, like Gecko) Ubuntu Chromium\/36.0.1985.125 Chrome\/36.0.1985.125 Safari\/537.36\"","userId":"15"}
{"youtuber":"Franz Ferdinand","auth":"Logged In","firstName":"Lily","gender":"F","itemInSession":11,"lastName":"Koch","length":247.24853,"level":"paid","location":"Chicago-Naperville-Elgin, IL-IN-WI","method":"PUT","page":"NextVideo","registration":1541048010796.0,"sessionId":221,"video":"Take Me Out","status":200,"ts":1541599262796,"userAgent":"\"Mozilla\/5.0 (X11; Linux x86_64) AppleWebKit\/537.36 (KHTML, like Gecko) Ubuntu Chromium\/36.0.1985.125 Chrome\/36.0.1985.125 Safari\/537.36\"","userId":"15"}
{"youtuber":"Leggo Beast","auth":"Logged In","firstName":"Lily","gender":"F","itemInSession":12,"lastName":"Koch","length":321.93261,"level":"paid","location":"Chicago-Naperville-Elgin, IL-IN-WI","method":"PUT","page":"NextVideo","registration":1541048010796.0,"sessionId":221,"video":"Itchy Feet","status":200,"ts":1541599509796,"userAgent":"\"Mozilla\/5.0 (X11; Linux x86_64) AppleWebKit\/537.36 (KHTML, like Gecko) Ubuntu Chromium\/36.0.1985.125 Chrome\/36.0.1985.125 Safari\/537.36\"","userId":"15"}
{"youtuber":"Daft Punk","auth":"Logged In","firstName":"Lily","gender":"F","itemInSession":13,"lastName":"Koch","length":369.34485,"level":"paid","location":"Chicago-Naperville-Elgin, IL-IN-WI","method":"PUT","page":"NextVideo","registration":1541048010796.0,"sessionId":221,"video":"Aerodynamic (Daft Punk Remix)","status":200,"ts":1541599830796,"userAgent":"\"Mozilla\/5.0 (X11; Linux x86_64) AppleWebKit\/537.36 (KHTML, like Gecko) Ubuntu Chromium\/36.0.1985.125 Chrome\/36.0.1985.125 Safari\/537.36\"","userId":"15"}
{"youtuber":"Interpol","auth":"Logged In","firstName":"Lily","gender":"F","itemInSession":14,"lastName":"Koch","length":247.66649,"level":"paid","location":"Chicago-Naperville-Elgin, IL-IN-WI","method":"PUT","page":"NextVideo","registration":1541048010796.0,"sessionId":221,"video":"Narc","status":200,"ts":1541600199796,"userAgent":"\"Mozilla\/5.0 (X11; Linux x86_64) AppleWebKit\/537.36 (KHTML, like Gecko) Ubuntu Chromium\/36.0.1985.125 Chrome\/36.0.1985.125 Safari\/537.36\"","userId":"15"}
{"youtuber":"Sl2","auth":"Logged In","firstName":"Lily","gender":"F","itemInSession":15,"lastName":"Koch","length":329.89995,"level":"paid","location":"Chicago-Naperville-Elgin, IL-IN-WI","method":"PUT","page":"NextVideo","registration":1541048010796.0,"sessionId":221,"video":"On A Ragga Tip","status":200,"ts":1541600446796,"userAgent":"\"Mozilla\/5.0 (X11; Linux x86_64) AppleWebKit\/537.36 (KHTML, like Gecko) Ubuntu Chromium\/36.0.1985.125 Chrome\/36.0.1985.125 Safari\/537.36\"","userId":"15"}
{"youtuber":"Newsboys","auth":"Logged In","firstName":"Jacqueline","gender":"F","itemInSession":0,"lastName":"Lynch","length":381.67465,"level":"free","location":"Atlanta-Sandy Springs-Roswell, GA","method":"PUT","page":"NextVideo","registration":1540223723796.0,"sessionId":295,"video":"It Is You - Live","status":200,"ts":1541600606796,"userAgent":"\"Mozilla\/5.0 (Macintosh; Intel Mac OS X 10_9_4) AppleWebKit\/537.78.2 (KHTML, like Gecko) Version\/7.0.6 Safari\/537.78.2\"","userId":"29"}
{"youtuber":"Montgomery Gentry","auth":"Logged In","firstName":"Lily","gender":"F","itemInSession":16,"lastName":"Koch","length":202.50077,"level":"paid","location":"Chicago-Naperville-Elgin, IL-IN-WI","method":"PUT","page":"NextVideo","registration":1541048010796.0,"sessionId":221,"video":"While You're Still Young","status":200,"ts":1541600775796,"userAgent":"\"Mozilla\/5.0 (X11; Linux x86_64) AppleWebKit\/537.36 (KHTML, like Gecko) Ubuntu Chromium\/36.0.1985.125 Chrome\/36.0.1985.125 Safari\/537.36\"","userId":"15"}
{"youtuber":null,"auth":"Logged In","firstName":"Shakira","gender":"F","itemInSession":0,"lastName":"Hunt","length":null,"level":"free","location":"Washington-Arlington-Alexandria, DC-VA-MD-WV","method":"GET","page":"Home","registration":1540636000796.0,"sessionId":277,"video":null,"status":200,"ts":1541600976796,"userAgent":"Mozilla\/5.0 (Macintosh; Intel Mac OS X 10.9; rv:31.0) Gecko\/20100101 Firefox\/31.0","userId":"84"}
{"youtuber":"10cc","auth":"Logged In","firstName":"Lily","gender":"F","itemInSession":17,"lastName":"Koch","length":300.40771,"level":"paid","location":"Chicago-Naperville-Elgin, IL-IN-WI","method":"PUT","page":"NextVideo","registration":1541048010796.0,"sessionId":221,"video":"Hotel","status":200,"ts":1541600977796,"userAgent":"\"Mozilla\/5.0 (X11; Linux x86_64) AppleWebKit\/537.36 (KHTML, like Gecko) Ubuntu Chromium\/36.0.1985.125 Chrome\/36.0.1985.125 Safari\/537.36\"","userId":"15"}
{"youtuber":"Booka Shade","auth":"Logged In","firstName":"Jacqueline","gender":"F","itemInSession":1,"lastName":"Lynch","length":369.97179,"level":"free","location":"Atlanta-Sandy Springs-Roswell, GA","method":"PUT","page":"NextVideo","registration":1540223723796.0,"sessionId":295,"video":"shimmer","status":200,"ts":1541600987796,"userAgent":"\"Mozilla\/5.0 (Macintosh; Intel Mac OS X 10_9_4) AppleWebKit\/537.78.2 (KHTML, like Gecko) Version\/7.0.6 Safari\/537.78.2\"","userId":"29"}
{"youtuber":"Metallica","auth":"Logged In","firstName":"Shakira","gender":"F","itemInSession":1,"lastName":"Hunt","length":515.21261,"level":"free","location":"Washington-Arlington-Alexandria, DC-VA-MD-WV","method":"PUT","page":"NextVideo","registration":1540636000796.0,"sessionId":277,"video":"Master Of Puppets","status":200,"ts":1541601035796,"userAgent":"Mozilla\/5.0 (Macintosh; Intel Mac OS X 10.9; rv:31.0) Gecko\/20100101 Firefox\/31.0","userId":"84"}
{"youtuber":"B.o.B","auth":"Logged In","firstName":"Lily","gender":"F","itemInSession":18,"lastName":"Koch","length":269.63546,"level":"paid","location":"Chicago-Naperville-Elgin, IL-IN-WI","method":"PUT","page":"NextVideo","registration":1541048010796.0,"sessionId":221,"video":"Nothin' On You [feat. Bruno Mars] (Album Version)","status":200,"ts":1541601277796,"userAgent":"\"Mozilla\/5.0 (X11; Linux x86_64) AppleWebKit\/537.36 (KHTML, like Gecko) Ubuntu Chromium\/36.0.1985.125 Chrome\/36.0.1985.125 Safari\/537.36\"","userId":"15"}
{"youtuber":"John Mayer","auth":"Logged In","firstName":"Jacqueline","gender":"F","itemInSession":2,"lastName":"Lynch","length":267.38893,"level":"free","location":"Atlanta-Sandy Springs-Roswell, GA","method":"PUT","page":"NextVideo","registration":1540223723796.0,"sessionId":295,"video":"Why Georgia","status":200,"ts":1541601356796,"userAgent":"\"Mozilla\/5.0 (Macintosh; Intel Mac OS X 10_9_4) AppleWebKit\/537.78.2 (KHTML, like Gecko) Version\/7.0.6 Safari\/537.78.2\"","userId":"29"}
{"youtuber":"The Specials","auth":"Logged In","firstName":"Lily","gender":"F","itemInSession":19,"lastName":"Koch","length":218.06975,"level":"paid","location":"Chicago-Naperville-Elgin, IL-IN-WI","method":"PUT","page":"NextVideo","registration":1541048010796.0,"sessionId":221,"video":"Ghost Town","status":200,"ts":1541601546796,"userAgent":"\"Mozilla\/5.0 (X11; Linux x86_64) AppleWebKit\/537.36 (KHTML, like Gecko) Ubuntu Chromium\/36.0.1985.125 Chrome\/36.0.1985.125 Safari\/537.36\"","userId":"15"}
{"youtuber":"Ol' Dirty Bastard","auth":"Logged In","firstName":"Lily","gender":"F","itemInSession":20,"lastName":"Koch","length":217.49506,"level":"paid","location":"Chicago-Naperville-Elgin, IL-IN-WI","method":"PUT","page":"NextVideo","registration":1541048010796.0,"sessionId":221,"video":"Brooklyn Zoo [Explicit Version]","status":200,"ts":1541601764796,"userAgent":"\"Mozilla\/5.0 (X11; Linux x86_64) AppleWebKit\/537.36 (KHTML, like Gecko) Ubuntu Chromium\/36.0.1985.125 Chrome\/36.0.1985.125 Safari\/537.36\"","userId":"15"}
{"youtuber":"Jack Johnson","auth":"Logged In","firstName":"Lily","gender":"F","itemInSession":21,"lastName":"Koch","length":236.72118,"level":"paid","location":"Chicago-Naperville-Elgin, IL-IN-WI","method":"PUT","page":"NextVideo","registration":1541048010796.0,"sessionId":221,"video":"Bubble Toes","status":200,"ts":1541601981796,"userAgent":"\"Mozilla\/5.0 (X11; Linux x86_64) AppleWebKit\/537.36 (KHTML, like Gecko) Ubuntu Chromium\/36.0.1985.125 Chrome\/36.0.1985.125 Safari\/537.36\"","userId":"15"}
{"youtuber":"Radiohead","auth":"Logged In","firstName":"Lily","gender":"F","itemInSession":22,"lastName":"Koch","length":208.61342,"level":"paid","location":"Chicago-Naperville-Elgin, IL-IN-WI","method":"PUT","page":"NextVideo","registration":1541048010796.0,"sessionId":221,"video":"You","status":200,"ts":1541602217796,"userAgent":"\"Mozilla\/5.0 (X11; Linux x86_64) AppleWebKit\/537.36 (KHTML, like Gecko) Ubuntu Chromium\/36.0.1985.125 Chrome\/36.0.1985.125 Safari\/537.36\"","userId":"15"}
{"youtuber":"Fall Out Boy","auth":"Logged In","firstName":"Lily","gender":"F","itemInSession":23,"lastName":"Koch","length":202.37016,"level":"paid","location":"Chicago-Naperville-Elgin, IL-IN-WI","method":"PUT","page":"NextVideo","registration":1541048010796.0,"sessionId":221,"video":"Nobody Puts Baby In The Corner","status":200,"ts":1541602425796,"userAgent":"\"Mozilla\/5.0 (X11; Linux x86_64) AppleWebKit\/537.36 (KHTML, like Gecko) Ubuntu Chromium\/36.0.1985.125 Chrome\/36.0.1985.125 Safari\/537.36\"","userId":"15"}
{"youtuber":"Lily Allen","auth":"Logged In","firstName":"Lily","gender":"F","itemInSession":24,"lastName":"Koch","length":201.1424,"level":"paid","location":"Chicago-Naperville-Elgin, IL-IN-WI","method":"PUT","page":"NextVideo","registration":1541048010796.0,"sessionId":221,"video":"Not Fair (Clean Radio Edit)","status":200,"ts":1541602627796,"userAgent":"\"Mozilla\/5.0 (X11; Linux x86_64) AppleWebKit\/537.36 (KHTML, like Gecko) Ubuntu Chromium\/36.0.1985.125 Chrome\/36.0.1985.125 Safari\/537.36\"","userId":"15"}
{"youtuber":"Polyphonic Spree","auth":"Logged In","firstName":"Lily","gender":"F","itemInSession":25,"lastName":"Koch","length":2190.94159,"level":"paid","location":"Chicago-Naperville-Elgin, IL-IN-WI","method":"PUT","page":"NextVideo","registration":1541048010796.0,"sessionId":221,"video":"Section Ten","status":200,"ts":1541602828796,"userAgent":"\"Mozilla\/5.0 (X11; Linux x86_64) AppleWebKit\/537.36 (KHTML, like Gecko) Ubuntu Chromium\/36.0.1985.125 Chrome\/36.0.1985.125 Safari\/537.36\"","userId":"15"}
{"youtuber":null,"auth":"Logged In","firstName":"Jizelle","gender":"F","itemInSession":0,"lastName":"Benjamin","length":null,"level":"free","location":"Plymouth, IN","method":"GET","page":"Home","registration":1539908999796.0,"sessionId":323,"video":null,"status":200,"ts":1541603610796,"userAgent":"\"Mozilla\/5.0 (Windows NT 6.1; WOW64) AppleWebKit\/537.36 (KHTML, like Gecko) Chrome\/36.0.1985.125 Safari\/537.36\"","userId":"2"}
{"youtuber":"Los Del Rio","auth":"Logged In","firstName":"Jizelle","gender":"F","itemInSession":1,"lastName":"Benjamin","length":249.49506,"level":"free","location":"Plymouth, IN","method":"PUT","page":"NextVideo","registration":1539908999796.0,"sessionId":323,"video":"Macarena","status":200,"ts":1541603777796,"userAgent":"\"Mozilla\/5.0 (Windows NT 6.1; WOW64) AppleWebKit\/537.36 (KHTML, like Gecko) Chrome\/36.0.1985.125 Safari\/537.36\"","userId":"2"}
{"youtuber":null,"auth":"Logged Out","firstName":null,"gender":null,"itemInSession":0,"lastName":null,"length":null,"level":"paid","location":null,"method":"GET","page":"Home","registration":null,"sessionId":332,"video":null,"status":200,"ts":1541604823796,"userAgent":null,"userId":""}
{"youtuber":"Alliance Ethnik","auth":"Logged In","firstName":"Lily","gender":"F","itemInSession":26,"lastName":"Koch","length":252.21179,"level":"paid","location":"Chicago-Naperville-Elgin, IL-IN-WI","method":"PUT","page":"NextVideo","registration":1541048010796.0,"sessionId":221,"video":"Repr\u00c3\u0083\u00c2\u00a9sente","status":200,"ts":1541605018796,"userAgent":"\"Mozilla\/5.0 (X11; Linux x86_64) AppleWebKit\/537.36 (KHTML, like Gecko) Ubuntu Chromium\/36.0.1985.125 Chrome\/36.0.1985.125 Safari\/537.36\"","userId":"15"}
{"youtuber":"Shinedown","auth":"Logged In","firstName":"Ryan","gender":"M","itemInSession":0,"lastName":"Smith","length":220.39465,"level":"free","location":"San Jose-Sunnyvale-Santa Clara, CA","method":"PUT","page":"NextVideo","registration":1541016707796.0,"sessionId":346,"video":"Second Chance (Album Version)","status":200,"ts":1541605080796,"userAgent":"\"Mozilla\/5.0 (X11; Linux x86_64) AppleWebKit\/537.36 (KHTML, like Gecko) Ubuntu Chromium\/36.0.1985.125 Chrome\/36.0.1985.125 Safari\/537.36\"","userId":"26"}
{"youtuber":"Linkin Park","auth":"Logged In","firstName":"Lily","gender":"F","itemInSession":27,"lastName":"Koch","length":189.28281,"level":"paid","location":"Chicago-Naperville-Elgin, IL-IN-WI","method":"PUT","page":"NextVideo","registration":1541048010796.0,"sessionId":221,"video":"Given Up (Album Version)","status":200,"ts":1541605270796,"userAgent":"\"Mozilla\/5.0 (X11; Linux x86_64) AppleWebKit\/537.36 (KHTML, like Gecko) Ubuntu Chromium\/36.0.1985.125 Chrome\/36.0.1985.125 Safari\/537.36\"","userId":"15"}
{"youtuber":"Poisonblack","auth":"Logged In","firstName":"Lily","gender":"F","itemInSession":28,"lastName":"Koch","length":234.78812,"level":"paid","location":"Chicago-Naperville-Elgin, IL-IN-WI","method":"PUT","page":"NextVideo","registration":1541048010796.0,"sessionId":221,"video":"Nothing Else ReMayns","status":200,"ts":1541605459796,"userAgent":"\"Mozilla\/5.0 (X11; Linux x86_64) AppleWebKit\/537.36 (KHTML, like Gecko) Ubuntu Chromium\/36.0.1985.125 Chrome\/36.0.1985.125 Safari\/537.36\"","userId":"15"}
{"youtuber":"The Radio Dept.","auth":"Logged In","firstName":"Lily","gender":"F","itemInSession":29,"lastName":"Koch","length":241.76281,"level":"paid","location":"Chicago-Naperville-Elgin, IL-IN-WI","method":"PUT","page":"NextVideo","registration":1541048010796.0,"sessionId":221,"video":"Your Father","status":200,"ts":1541605693796,"userAgent":"\"Mozilla\/5.0 (X11; Linux x86_64) AppleWebKit\/537.36 (KHTML, like Gecko) Ubuntu Chromium\/36.0.1985.125 Chrome\/36.0.1985.125 Safari\/537.36\"","userId":"15"}
{"youtuber":"Gwen Stefani \/ Andre 3000","auth":"Logged In","firstName":"Lily","gender":"F","itemInSession":30,"lastName":"Koch","length":274.02404,"level":"paid","location":"Chicago-Naperville-Elgin, IL-IN-WI","method":"PUT","page":"NextVideo","registration":1541048010796.0,"sessionId":221,"video":"Long Way To Go","status":200,"ts":1541605934796,"userAgent":"\"Mozilla\/5.0 (X11; Linux x86_64) AppleWebKit\/537.36 (KHTML, like Gecko) Ubuntu Chromium\/36.0.1985.125 Chrome\/36.0.1985.125 Safari\/537.36\"","userId":"15"}
{"youtuber":"Shinedown","auth":"Logged In","firstName":"Lily","gender":"F","itemInSession":31,"lastName":"Koch","length":253.59628,"level":"paid","location":"Chicago-Naperville-Elgin, IL-IN-WI","method":"PUT","page":"NextVideo","registration":1541048010796.0,"sessionId":221,"video":"The Crow & The Butterfly (Album Version)","status":200,"ts":1541606208796,"userAgent":"\"Mozilla\/5.0 (X11; Linux x86_64) AppleWebKit\/537.36 (KHTML, like Gecko) Ubuntu Chromium\/36.0.1985.125 Chrome\/36.0.1985.125 Safari\/537.36\"","userId":"15"}
{"youtuber":"Sunnyland Slim","auth":"Logged In","firstName":"Lily","gender":"F","itemInSession":32,"lastName":"Koch","length":233.97832,"level":"paid","location":"Chicago-Naperville-Elgin, IL-IN-WI","method":"PUT","page":"NextVideo","registration":1541048010796.0,"sessionId":221,"video":"Slim's Shout","status":200,"ts":1541606461796,"userAgent":"\"Mozilla\/5.0 (X11; Linux x86_64) AppleWebKit\/537.36 (KHTML, like Gecko) Ubuntu Chromium\/36.0.1985.125 Chrome\/36.0.1985.125 Safari\/537.36\"","userId":"15"}
{"youtuber":null,"auth":"Logged In","firstName":"Lily","gender":"F","itemInSession":33,"lastName":"Koch","length":null,"level":"paid","location":"Chicago-Naperville-Elgin, IL-IN-WI","method":"GET","page":"Home","registration":1541048010796.0,"sessionId":221,"video":null,"status":200,"ts":1541606628796,"userAgent":"\"Mozilla\/5.0 (X11; Linux x86_64) AppleWebKit\/537.36 (KHTML, like Gecko) Ubuntu Chromium\/36.0.1985.125 Chrome\/36.0.1985.125 Safari\/537.36\"","userId":"15"}
{"youtuber":"Lou Bega","auth":"Logged In","firstName":"Lily","gender":"F","itemInSession":34,"lastName":"Koch","length":220.13342,"level":"paid","location":"Chicago-Naperville-Elgin, IL-IN-WI","method":"PUT","page":"NextVideo","registration":1541048010796.0,"sessionId":221,"video":"Mambo No. 5 (A Little Bit Of...)","status":200,"ts":1541606694796,"userAgent":"\"Mozilla\/5.0 (X11; Linux x86_64) AppleWebKit\/537.36 (KHTML, like Gecko) Ubuntu Chromium\/36.0.1985.125 Chrome\/36.0.1985.125 Safari\/537.36\"","userId":"15"}
{"youtuber":"Nevermore","auth":"Logged In","firstName":"Lily","gender":"F","itemInSession":35,"lastName":"Koch","length":320.57424,"level":"paid","location":"Chicago-Naperville-Elgin, IL-IN-WI","method":"PUT","page":"NextVideo","registration":1541048010796.0,"sessionId":221,"video":"Matricide","status":200,"ts":1541606914796,"userAgent":"\"Mozilla\/5.0 (X11; Linux x86_64) AppleWebKit\/537.36 (KHTML, like Gecko) Ubuntu Chromium\/36.0.1985.125 Chrome\/36.0.1985.125 Safari\/537.36\"","userId":"15"}
{"youtuber":"Radiohead","auth":"Logged In","firstName":"Lily","gender":"F","itemInSession":36,"lastName":"Koch","length":323.5522,"level":"paid","location":"Chicago-Naperville-Elgin, IL-IN-WI","method":"PUT","page":"NextVideo","registration":1541048010796.0,"sessionId":221,"video":"There_ There","status":200,"ts":1541607234796,"userAgent":"\"Mozilla\/5.0 (X11; Linux x86_64) AppleWebKit\/537.36 (KHTML, like Gecko) Ubuntu Chromium\/36.0.1985.125 Chrome\/36.0.1985.125 Safari\/537.36\"","userId":"15"}
{"youtuber":"Band Of Horses","auth":"Logged In","firstName":"Lily","gender":"F","itemInSession":37,"lastName":"Koch","length":256.522,"level":"paid","location":"Chicago-Naperville-Elgin, IL-IN-WI","method":"PUT","page":"NextVideo","registration":1541048010796.0,"sessionId":221,"video":"Ode to LRC (Album)","status":200,"ts":1541607557796,"userAgent":"\"Mozilla\/5.0 (X11; Linux x86_64) AppleWebKit\/537.36 (KHTML, like Gecko) Ubuntu Chromium\/36.0.1985.125 Chrome\/36.0.1985.125 Safari\/537.36\"","userId":"15"}
{"youtuber":"Evanescence","auth":"Logged In","firstName":"Lily","gender":"F","itemInSession":38,"lastName":"Koch","length":263.78404,"level":"paid","location":"Chicago-Naperville-Elgin, IL-IN-WI","method":"PUT","page":"NextVideo","registration":1541048010796.0,"sessionId":221,"video":"My Immortal (Album Version)","status":200,"ts":1541607813796,"userAgent":"\"Mozilla\/5.0 (X11; Linux x86_64) AppleWebKit\/537.36 (KHTML, like Gecko) Ubuntu Chromium\/36.0.1985.125 Chrome\/36.0.1985.125 Safari\/537.36\"","userId":"15"}
{"youtuber":"Eminem","auth":"Logged In","firstName":"Lily","gender":"F","itemInSession":39,"lastName":"Koch","length":250.8273,"level":"paid","location":"Chicago-Naperville-Elgin, IL-IN-WI","method":"PUT","page":"NextVideo","registration":1541048010796.0,"sessionId":221,"video":"Mockingbird","status":200,"ts":1541608076796,"userAgent":"\"Mozilla\/5.0 (X11; Linux x86_64) AppleWebKit\/537.36 (KHTML, like Gecko) Ubuntu Chromium\/36.0.1985.125 Chrome\/36.0.1985.125 Safari\/537.36\"","userId":"15"}
{"youtuber":"Chi-Lites","auth":"Logged In","firstName":"Lily","gender":"F","itemInSession":40,"lastName":"Koch","length":256.83546,"level":"paid","location":"Chicago-Naperville-Elgin, IL-IN-WI","method":"PUT","page":"NextVideo","registration":1541048010796.0,"sessionId":221,"video":"A Letter To Myself","status":200,"ts":1541608326796,"userAgent":"\"Mozilla\/5.0 (X11; Linux x86_64) AppleWebKit\/537.36 (KHTML, like Gecko) Ubuntu Chromium\/36.0.1985.125 Chrome\/36.0.1985.125 Safari\/537.36\"","userId":"15"}
{"youtuber":"Hombres G","auth":"Logged In","firstName":"Lily","gender":"F","itemInSession":41,"lastName":"Koch","length":131.52608,"level":"paid","location":"Chicago-Naperville-Elgin, IL-IN-WI","method":"PUT","page":"NextVideo","registration":1541048010796.0,"sessionId":221,"video":"Multiplicados por nueve","status":200,"ts":1541608582796,"userAgent":"\"Mozilla\/5.0 (X11; Linux x86_64) AppleWebKit\/537.36 (KHTML, like Gecko) Ubuntu Chromium\/36.0.1985.125 Chrome\/36.0.1985.125 Safari\/537.36\"","userId":"15"}
{"youtuber":"Jazzanova \/ Ben Westbeech","auth":"Logged In","firstName":"Lily","gender":"F","itemInSession":42,"lastName":"Koch","length":210.83383,"level":"paid","location":"Chicago-Naperville-Elgin, IL-IN-WI","method":"PUT","page":"NextVideo","registration":1541048010796.0,"sessionId":221,"video":"I Can See","status":200,"ts":1541608713796,"userAgent":"\"Mozilla\/5.0 (X11; Linux x86_64) AppleWebKit\/537.36 (KHTML, like Gecko) Ubuntu Chromium\/36.0.1985.125 Chrome\/36.0.1985.125 Safari\/537.36\"","userId":"15"}
{"youtuber":"Pleasure P","auth":"Logged In","firstName":"Lily","gender":"F","itemInSession":43,"lastName":"Koch","length":211.56526,"level":"paid","location":"Chicago-Naperville-Elgin, IL-IN-WI","method":"PUT","page":"NextVideo","registration":1541048010796.0,"sessionId":221,"video":"Let Me (Amended Album Version)","status":200,"ts":1541608923796,"userAgent":"\"Mozilla\/5.0 (X11; Linux x86_64) AppleWebKit\/537.36 (KHTML, like Gecko) Ubuntu Chromium\/36.0.1985.125 Chrome\/36.0.1985.125 Safari\/537.36\"","userId":"15"}
{"youtuber":"MGMT","auth":"Logged In","firstName":"Lily","gender":"F","itemInSession":44,"lastName":"Koch","length":264.17587,"level":"paid","location":"Chicago-Naperville-Elgin, IL-IN-WI","method":"PUT","page":"NextVideo","registration":1541048010796.0,"sessionId":221,"video":"Time To Pretend","status":200,"ts":1541609134796,"userAgent":"\"Mozilla\/5.0 (X11; Linux x86_64) AppleWebKit\/537.36 (KHTML, like Gecko) Ubuntu Chromium\/36.0.1985.125 Chrome\/36.0.1985.125 Safari\/537.36\"","userId":"15"}
{"youtuber":"Kaoma","auth":"Logged In","firstName":"Lily","gender":"F","itemInSession":45,"lastName":"Koch","length":206.57587,"level":"paid","location":"Chicago-Naperville-Elgin, IL-IN-WI","method":"PUT","page":"NextVideo","registration":1541048010796.0,"sessionId":221,"video":"Lambada","status":200,"ts":1541609398796,"userAgent":"\"Mozilla\/5.0 (X11; Linux x86_64) AppleWebKit\/537.36 (KHTML, like Gecko) Ubuntu Chromium\/36.0.1985.125 Chrome\/36.0.1985.125 Safari\/537.36\"","userId":"15"}
{"youtuber":"Buena Vista Social Club","auth":"Logged In","firstName":"Lily","gender":"F","itemInSession":46,"lastName":"Koch","length":221.90975,"level":"paid","location":"Chicago-Naperville-Elgin, IL-IN-WI","method":"PUT","page":"NextVideo","registration":1541048010796.0,"sessionId":221,"video":"Chan Chan (Live)","status":200,"ts":1541609604796,"userAgent":"\"Mozilla\/5.0 (X11; Linux x86_64) AppleWebKit\/537.36 (KHTML, like Gecko) Ubuntu Chromium\/36.0.1985.125 Chrome\/36.0.1985.125 Safari\/537.36\"","userId":"15"}
{"youtuber":"Bullet For My Valentine","auth":"Logged In","firstName":"Lily","gender":"F","itemInSession":47,"lastName":"Koch","length":348.39465,"level":"paid","location":"Chicago-Naperville-Elgin, IL-IN-WI","method":"PUT","page":"NextVideo","registration":1541048010796.0,"sessionId":221,"video":"Tears Don't Fall","status":200,"ts":1541609825796,"userAgent":"\"Mozilla\/5.0 (X11; Linux x86_64) AppleWebKit\/537.36 (KHTML, like Gecko) Ubuntu Chromium\/36.0.1985.125 Chrome\/36.0.1985.125 Safari\/537.36\"","userId":"15"}
{"youtuber":"Pygmy Lush","auth":"Logged In","firstName":"Lily","gender":"F","itemInSession":48,"lastName":"Koch","length":143.28118,"level":"paid","location":"Chicago-Naperville-Elgin, IL-IN-WI","method":"PUT","page":"NextVideo","registration":1541048010796.0,"sessionId":221,"video":"Red Room Blues","status":200,"ts":1541610173796,"userAgent":"\"Mozilla\/5.0 (X11; Linux x86_64) AppleWebKit\/537.36 (KHTML, like Gecko) Ubuntu Chromium\/36.0.1985.125 Chrome\/36.0.1985.125 Safari\/537.36\"","userId":"15"}
{"youtuber":null,"auth":"Logged In","firstName":"Jordyn","gender":"F","itemInSession":0,"lastName":"Powell","length":null,"level":"free","location":"Philadelphia-Camden-Wilmington, PA-NJ-DE-MD","method":"GET","page":"Home","registration":1540828399796.0,"sessionId":97,"video":null,"status":200,"ts":1541610288796,"userAgent":"\"Mozilla\/5.0 (Macintosh; Intel Mac OS X 10_9_4) AppleWebKit\/537.36 (KHTML, like Gecko) Chrome\/36.0.1985.143 Safari\/537.36\"","userId":"98"}
{"youtuber":"Flight Of The Conchords","auth":"Logged In","firstName":"Lily","gender":"F","itemInSession":49,"lastName":"Koch","length":21.68118,"level":"paid","location":"Chicago-Naperville-Elgin, IL-IN-WI","method":"PUT","page":"NextVideo","registration":1541048010796.0,"sessionId":221,"video":"Au Revoir (Album Version)","status":200,"ts":1541610316796,"userAgent":"\"Mozilla\/5.0 (X11; Linux x86_64) AppleWebKit\/537.36 (KHTML, like Gecko) Ubuntu Chromium\/36.0.1985.125 Chrome\/36.0.1985.125 Safari\/537.36\"","userId":"15"}
{"youtuber":"Angels and Airwaves","auth":"Logged In","firstName":"Lily","gender":"F","itemInSession":50,"lastName":"Koch","length":302.05342,"level":"paid","location":"Chicago-Naperville-Elgin, IL-IN-WI","method":"PUT","page":"NextVideo","registration":1541048010796.0,"sessionId":221,"video":"The Gift","status":200,"ts":1541610337796,"userAgent":"\"Mozilla\/5.0 (X11; Linux x86_64) AppleWebKit\/537.36 (KHTML, like Gecko) Ubuntu Chromium\/36.0.1985.125 Chrome\/36.0.1985.125 Safari\/537.36\"","userId":"15"}
{"youtuber":"The Blues Brothers","auth":"Logged In","firstName":"Lily","gender":"F","itemInSession":51,"lastName":"Koch","length":162.32444,"level":"paid","location":"Chicago-Naperville-Elgin, IL-IN-WI","method":"PUT","page":"NextVideo","registration":1541048010796.0,"sessionId":221,"video":"(I Got Everything I Need) Almost (Live Version)","status":200,"ts":1541610639796,"userAgent":"\"Mozilla\/5.0 (X11; Linux x86_64) AppleWebKit\/537.36 (KHTML, like Gecko) Ubuntu Chromium\/36.0.1985.125 Chrome\/36.0.1985.125 Safari\/537.36\"","userId":"15"}
{"youtuber":null,"auth":"Logged In","firstName":"Lily","gender":"F","itemInSession":52,"lastName":"Koch","length":null,"level":"paid","location":"Chicago-Naperville-Elgin, IL-IN-WI","method":"GET","page":"Home","registration":1541048010796.0,"sessionId":221,"video":null,"status":200,"ts":1541610648796,"userAgent":"\"Mozilla\/5.0 (X11; Linux x86_64) AppleWebKit\/537.36 (KHTML, like Gecko) Ubuntu Chromium\/36.0.1985.125 Chrome\/36.0.1985.125 Safari\/537.36\"","userId":"15"}
{"youtuber":"Carlos Santana & Mahavishnu John McLaughlin","auth":"Logged In","firstName":"Lily","gender":"F","itemInSession":53,"lastName":"Koch","length":466.28526,"level":"paid","location":"Chicago-Naperville-Elgin, IL-IN-WI","method":"PUT","page":"NextVideo","registration":1541048010796.0,"sessionId":221,"video":"A Love Supreme","status":200,"ts":1541610801796,"userAgent":"\"Mozilla\/5.0 (X11; Linux x86_64) AppleWebKit\/537.36 (KHTML, like Gecko) Ubuntu Chromium\/36.0.1985.125 Chrome\/36.0.1985.125 Safari\/537.36\"","userId":"15"}
{"youtuber":"Enya","auth":"Logged In","firstName":"Lily","gender":"F","itemInSession":54,"lastName":"Koch","length":180.16608,"level":"paid","location":"Chicago-Naperville-Elgin, IL-IN-WI","method":"PUT","page":"NextVideo","registration":1541048010796.0,"sessionId":221,"video":"White Is In The Winter Night (Album)","status":200,"ts":1541611267796,"userAgent":"\"Mozilla\/5.0 (X11; Linux x86_64) AppleWebKit\/537.36 (KHTML, like Gecko) Ubuntu Chromium\/36.0.1985.125 Chrome\/36.0.1985.125 Safari\/537.36\"","userId":"15"}
{"youtuber":"Bj\u00c3\u0083\u00c2\u00b6rk","auth":"Logged In","firstName":"Lily","gender":"F","itemInSession":55,"lastName":"Koch","length":185.46893,"level":"paid","location":"Chicago-Naperville-Elgin, IL-IN-WI","method":"PUT","page":"NextVideo","registration":1541048010796.0,"sessionId":221,"video":"Cover Me","status":200,"ts":1541611447796,"userAgent":"\"Mozilla\/5.0 (X11; Linux x86_64) AppleWebKit\/537.36 (KHTML, like Gecko) Ubuntu Chromium\/36.0.1985.125 Chrome\/36.0.1985.125 Safari\/537.36\"","userId":"15"}
{"youtuber":"Gorillaz","auth":"Logged In","firstName":"Lily","gender":"F","itemInSession":56,"lastName":"Koch","length":433.52771,"level":"paid","location":"Chicago-Naperville-Elgin, IL-IN-WI","method":"PUT","page":"NextVideo","registration":1541048010796.0,"sessionId":221,"video":"Hong Kong","status":200,"ts":1541611632796,"userAgent":"\"Mozilla\/5.0 (X11; Linux x86_64) AppleWebKit\/537.36 (KHTML, like Gecko) Ubuntu Chromium\/36.0.1985.125 Chrome\/36.0.1985.125 Safari\/537.36\"","userId":"15"}
{"youtuber":"Nana Caymmi","auth":"Logged In","firstName":"Lily","gender":"F","itemInSession":57,"lastName":"Koch","length":174.41914,"level":"paid","location":"Chicago-Naperville-Elgin, IL-IN-WI","method":"PUT","page":"NextVideo","registration":1541048010796.0,"sessionId":221,"video":"Fim De Caso","status":200,"ts":1541612065796,"userAgent":"\"Mozilla\/5.0 (X11; Linux x86_64) AppleWebKit\/537.36 (KHTML, like Gecko) Ubuntu Chromium\/36.0.1985.125 Chrome\/36.0.1985.125 Safari\/537.36\"","userId":"15"}
{"youtuber":"The Courteeners","auth":"Logged In","firstName":"Lily","gender":"F","itemInSession":58,"lastName":"Koch","length":225.48853,"level":"paid","location":"Chicago-Naperville-Elgin, IL-IN-WI","method":"PUT","page":"NextVideo","registration":1541048010796.0,"sessionId":221,"video":"Take Over The World","status":200,"ts":1541612239796,"userAgent":"\"Mozilla\/5.0 (X11; Linux x86_64) AppleWebKit\/537.36 (KHTML, like Gecko) Ubuntu Chromium\/36.0.1985.125 Chrome\/36.0.1985.125 Safari\/537.36\"","userId":"15"}
{"youtuber":"The Blues Brothers","auth":"Logged In","firstName":"Lily","gender":"F","itemInSession":59,"lastName":"Koch","length":175.80363,"level":"paid","location":"Chicago-Naperville-Elgin, IL-IN-WI","method":"PUT","page":"NextVideo","registration":1541048010796.0,"sessionId":221,"video":"Messin' With The Kid (Live Version)","status":200,"ts":1541612464796,"userAgent":"\"Mozilla\/5.0 (X11; Linux x86_64) AppleWebKit\/537.36 (KHTML, like Gecko) Ubuntu Chromium\/36.0.1985.125 Chrome\/36.0.1985.125 Safari\/537.36\"","userId":"15"}
{"youtuber":"William Orbit","auth":"Logged In","firstName":"Lily","gender":"F","itemInSession":60,"lastName":"Koch","length":317.962,"level":"paid","location":"Chicago-Naperville-Elgin, IL-IN-WI","method":"PUT","page":"NextVideo","registration":1541048010796.0,"sessionId":221,"video":"Barber's Adagio For Strings (Ferry Corsten Remix)","status":200,"ts":1541612639796,"userAgent":"\"Mozilla\/5.0 (X11; Linux x86_64) AppleWebKit\/537.36 (KHTML, like Gecko) Ubuntu Chromium\/36.0.1985.125 Chrome\/36.0.1985.125 Safari\/537.36\"","userId":"15"}
{"youtuber":"Coldplay","auth":"Logged In","firstName":"Lily","gender":"F","itemInSession":61,"lastName":"Koch","length":244.68853,"level":"paid","location":"Chicago-Naperville-Elgin, IL-IN-WI","method":"PUT","page":"NextVideo","registration":1541048010796.0,"sessionId":221,"video":"Life In Technicolor ii","status":200,"ts":1541612956796,"userAgent":"\"Mozilla\/5.0 (X11; Linux x86_64) AppleWebKit\/537.36 (KHTML, like Gecko) Ubuntu Chromium\/36.0.1985.125 Chrome\/36.0.1985.125 Safari\/537.36\"","userId":"15"}
{"youtuber":"Boards of Canada","auth":"Logged In","firstName":"Lily","gender":"F","itemInSession":62,"lastName":"Koch","length":229.82485,"level":"paid","location":"Chicago-Naperville-Elgin, IL-IN-WI","method":"PUT","page":"NextVideo","registration":1541048010796.0,"sessionId":221,"video":"84 Pontiac Dream","status":200,"ts":1541613200796,"userAgent":"\"Mozilla\/5.0 (X11; Linux x86_64) AppleWebKit\/537.36 (KHTML, like Gecko) Ubuntu Chromium\/36.0.1985.125 Chrome\/36.0.1985.125 Safari\/537.36\"","userId":"15"}
{"youtuber":"Tom Waits","auth":"Logged In","firstName":"Lily","gender":"F","itemInSession":63,"lastName":"Koch","length":223.26812,"level":"paid","location":"Chicago-Naperville-Elgin, IL-IN-WI","method":"PUT","page":"NextVideo","registration":1541048010796.0,"sessionId":221,"video":"Sea Of Love","status":200,"ts":1541613429796,"userAgent":"\"Mozilla\/5.0 (X11; Linux x86_64) AppleWebKit\/537.36 (KHTML, like Gecko) Ubuntu Chromium\/36.0.1985.125 Chrome\/36.0.1985.125 Safari\/537.36\"","userId":"15"}
{"youtuber":"Philippe Rochard","auth":"Logged In","firstName":"Lily","gender":"F","itemInSession":64,"lastName":"Koch","length":360.51546,"level":"paid","location":"Chicago-Naperville-Elgin, IL-IN-WI","method":"PUT","page":"NextVideo","registration":1541048010796.0,"sessionId":221,"video":"Crumpshit","status":200,"ts":1541613652796,"userAgent":"\"Mozilla\/5.0 (X11; Linux x86_64) AppleWebKit\/537.36 (KHTML, like Gecko) Ubuntu Chromium\/36.0.1985.125 Chrome\/36.0.1985.125 Safari\/537.36\"","userId":"15"}
{"youtuber":"The Dream Academy","auth":"Logged In","firstName":"Lily","gender":"F","itemInSession":65,"lastName":"Koch","length":259.29098,"level":"paid","location":"Chicago-Naperville-Elgin, IL-IN-WI","method":"PUT","page":"NextVideo","registration":1541048010796.0,"sessionId":221,"video":"Life In A Northern Town (LP Version)","status":200,"ts":1541614012796,"userAgent":"\"Mozilla\/5.0 (X11; Linux x86_64) AppleWebKit\/537.36 (KHTML, like Gecko) Ubuntu Chromium\/36.0.1985.125 Chrome\/36.0.1985.125 Safari\/537.36\"","userId":"15"}
{"youtuber":"Pantera","auth":"Logged In","firstName":"Lily","gender":"F","itemInSession":66,"lastName":"Koch","length":244.50567,"level":"paid","location":"Chicago-Naperville-Elgin, IL-IN-WI","method":"PUT","page":"NextVideo","registration":1541048010796.0,"sessionId":221,"video":"Planet Caravan (Remastered LP Version)","status":200,"ts":1541614271796,"userAgent":"\"Mozilla\/5.0 (X11; Linux x86_64) AppleWebKit\/537.36 (KHTML, like Gecko) Ubuntu Chromium\/36.0.1985.125 Chrome\/36.0.1985.125 Safari\/537.36\"","userId":"15"}
{"youtuber":"John Miles","auth":"Logged In","firstName":"Lily","gender":"F","itemInSession":67,"lastName":"Koch","length":351.9473,"level":"paid","location":"Chicago-Naperville-Elgin, IL-IN-WI","method":"PUT","page":"NextVideo","registration":1541048010796.0,"sessionId":221,"video":"Music","status":200,"ts":1541614515796,"userAgent":"\"Mozilla\/5.0 (X11; Linux x86_64) AppleWebKit\/537.36 (KHTML, like Gecko) Ubuntu Chromium\/36.0.1985.125 Chrome\/36.0.1985.125 Safari\/537.36\"","userId":"15"}
{"youtuber":"Fastway","auth":"Logged In","firstName":"Lily","gender":"F","itemInSession":68,"lastName":"Koch","length":259.7873,"level":"paid","location":"Chicago-Naperville-Elgin, IL-IN-WI","method":"PUT","page":"NextVideo","registration":1541048010796.0,"sessionId":221,"video":"Don't Stop The Fight","status":200,"ts":1541614866796,"userAgent":"\"Mozilla\/5.0 (X11; Linux x86_64) AppleWebKit\/537.36 (KHTML, like Gecko) Ubuntu Chromium\/36.0.1985.125 Chrome\/36.0.1985.125 Safari\/537.36\"","userId":"15"}
{"youtuber":"Foo Fighters","auth":"Logged In","firstName":"Lily","gender":"F","itemInSession":69,"lastName":"Koch","length":249.99138,"level":"paid","location":"Chicago-Naperville-Elgin, IL-IN-WI","method":"PUT","page":"NextVideo","registration":1541048010796.0,"sessionId":221,"video":"Everlong","status":200,"ts":1541615125796,"userAgent":"\"Mozilla\/5.0 (X11; Linux x86_64) AppleWebKit\/537.36 (KHTML, like Gecko) Ubuntu Chromium\/36.0.1985.125 Chrome\/36.0.1985.125 Safari\/537.36\"","userId":"15"}
{"youtuber":"Sascha Funke","auth":"Logged In","firstName":"Lily","gender":"F","itemInSession":70,"lastName":"Koch","length":298.97098,"level":"paid","location":"Chicago-Naperville-Elgin, IL-IN-WI","method":"PUT","page":"NextVideo","registration":1541048010796.0,"sessionId":221,"video":"Quiet Please","status":200,"ts":1541615374796,"userAgent":"\"Mozilla\/5.0 (X11; Linux x86_64) AppleWebKit\/537.36 (KHTML, like Gecko) Ubuntu Chromium\/36.0.1985.125 Chrome\/36.0.1985.125 Safari\/537.36\"","userId":"15"}
{"youtuber":"Apsci","auth":"Logged In","firstName":"Lily","gender":"F","itemInSession":71,"lastName":"Koch","length":153.25995,"level":"paid","location":"Chicago-Naperville-Elgin, IL-IN-WI","method":"PUT","page":"NextVideo","registration":1541048010796.0,"sessionId":221,"video":"Never Give Up","status":200,"ts":1541615672796,"userAgent":"\"Mozilla\/5.0 (X11; Linux x86_64) AppleWebKit\/537.36 (KHTML, like Gecko) Ubuntu Chromium\/36.0.1985.125 Chrome\/36.0.1985.125 Safari\/537.36\"","userId":"15"}
{"youtuber":"Electric Light Orchestra","auth":"Logged In","firstName":"Bronson","gender":"M","itemInSession":0,"lastName":"Harris","length":301.94893,"level":"free","location":"Eugene, OR","method":"PUT","page":"NextVideo","registration":1540906915796.0,"sessionId":314,"video":"Mr Blue Sky","status":200,"ts":1541615804796,"userAgent":"\"Mozilla\/5.0 (Windows NT 6.1; WOW64) AppleWebKit\/537.36 (KHTML, like Gecko) Chrome\/36.0.1985.125 Safari\/537.36\"","userId":"33"}
{"youtuber":"Cute Is What We Aim For","auth":"Logged In","firstName":"Lily","gender":"F","itemInSession":72,"lastName":"Koch","length":171.28444,"level":"paid","location":"Chicago-Naperville-Elgin, IL-IN-WI","method":"PUT","page":"NextVideo","registration":1541048010796.0,"sessionId":221,"video":"Miss Sobriety (Album Version)","status":200,"ts":1541615825796,"userAgent":"\"Mozilla\/5.0 (X11; Linux x86_64) AppleWebKit\/537.36 (KHTML, like Gecko) Ubuntu Chromium\/36.0.1985.125 Chrome\/36.0.1985.125 Safari\/537.36\"","userId":"15"}
{"youtuber":"Andy Starr","auth":"Logged In","firstName":"Lily","gender":"F","itemInSession":73,"lastName":"Koch","length":170.86649,"level":"paid","location":"Chicago-Naperville-Elgin, IL-IN-WI","method":"PUT","page":"NextVideo","registration":1541048010796.0,"sessionId":221,"video":"Rockin' Rollin' Stone","status":200,"ts":1541615996796,"userAgent":"\"Mozilla\/5.0 (X11; Linux x86_64) AppleWebKit\/537.36 (KHTML, like Gecko) Ubuntu Chromium\/36.0.1985.125 Chrome\/36.0.1985.125 Safari\/537.36\"","userId":"15"}
{"youtuber":"Underworld","auth":"Logged In","firstName":"Bronson","gender":"M","itemInSession":1,"lastName":"Harris","length":329.53424,"level":"free","location":"Eugene, OR","method":"PUT","page":"NextVideo","registration":1540906915796.0,"sessionId":314,"video":"Teardrop","status":200,"ts":1541616105796,"userAgent":"\"Mozilla\/5.0 (Windows NT 6.1; WOW64) AppleWebKit\/537.36 (KHTML, like Gecko) Chrome\/36.0.1985.125 Safari\/537.36\"","userId":"33"}
{"youtuber":"The Coral","auth":"Logged In","firstName":"Lily","gender":"F","itemInSession":74,"lastName":"Koch","length":211.93098,"level":"paid","location":"Chicago-Naperville-Elgin, IL-IN-WI","method":"PUT","page":"NextVideo","registration":1541048010796.0,"sessionId":221,"video":"Liezah","status":200,"ts":1541616166796,"userAgent":"\"Mozilla\/5.0 (X11; Linux x86_64) AppleWebKit\/537.36 (KHTML, like Gecko) Ubuntu Chromium\/36.0.1985.125 Chrome\/36.0.1985.125 Safari\/537.36\"","userId":"15"}
{"youtuber":"Jadakiss","auth":"Logged In","firstName":"Lily","gender":"F","itemInSession":75,"lastName":"Koch","length":189.67465,"level":"paid","location":"Chicago-Naperville-Elgin, IL-IN-WI","method":"PUT","page":"NextVideo","registration":1541048010796.0,"sessionId":221,"video":"Pain & Torture","status":200,"ts":1541616377796,"userAgent":"\"Mozilla\/5.0 (X11; Linux x86_64) AppleWebKit\/537.36 (KHTML, like Gecko) Ubuntu Chromium\/36.0.1985.125 Chrome\/36.0.1985.125 Safari\/537.36\"","userId":"15"}
{"youtuber":"Chet Baker","auth":"Logged In","firstName":"Lily","gender":"F","itemInSession":76,"lastName":"Koch","length":264.4371,"level":"paid","location":"Chicago-Naperville-Elgin, IL-IN-WI","method":"PUT","page":"NextVideo","registration":1541048010796.0,"sessionId":221,"video":"Life","status":200,"ts":1541616566796,"userAgent":"\"Mozilla\/5.0 (X11; Linux x86_64) AppleWebKit\/537.36 (KHTML, like Gecko) Ubuntu Chromium\/36.0.1985.125 Chrome\/36.0.1985.125 Safari\/537.36\"","userId":"15"}
{"youtuber":"Alex Ubago","auth":"Logged In","firstName":"Lily","gender":"F","itemInSession":77,"lastName":"Koch","length":249.36444,"level":"paid","location":"Chicago-Naperville-Elgin, IL-IN-WI","method":"PUT","page":"NextVideo","registration":1541048010796.0,"sessionId":221,"video":"Que pides tu?","status":200,"ts":1541616830796,"userAgent":"\"Mozilla\/5.0 (X11; Linux x86_64) AppleWebKit\/537.36 (KHTML, like Gecko) Ubuntu Chromium\/36.0.1985.125 Chrome\/36.0.1985.125 Safari\/537.36\"","userId":"15"}
{"youtuber":"The Black Keys","auth":"Logged In","firstName":"Lily","gender":"F","itemInSession":78,"lastName":"Koch","length":1400.2673,"level":"paid","location":"Chicago-Naperville-Elgin, IL-IN-WI","method":"PUT","page":"NextVideo","registration":1541048010796.0,"sessionId":221,"video":"240 Years Before Your Time","status":200,"ts":1541617079796,"userAgent":"\"Mozilla\/5.0 (X11; Linux x86_64) AppleWebKit\/537.36 (KHTML, like Gecko) Ubuntu Chromium\/36.0.1985.125 Chrome\/36.0.1985.125 Safari\/537.36\"","userId":"15"}
{"youtuber":"Camila","auth":"Logged In","firstName":"Theodore","gender":"M","itemInSession":0,"lastName":"Smith","length":252.29016,"level":"free","location":"Houston-The Woodlands-Sugar Land, TX","method":"PUT","page":"NextVideo","registration":1540306145796.0,"sessionId":299,"video":"Besame","status":200,"ts":1541617642796,"userAgent":"Mozilla\/5.0 (Windows NT 6.1; WOW64; rv:31.0) Gecko\/20100101 Firefox\/31.0","userId":"52"}
{"youtuber":"Ill Ni\u00c3\u0083\u00c2\u00b1o","auth":"Logged In","firstName":"Lily","gender":"F","itemInSession":79,"lastName":"Koch","length":246.22975,"level":"paid","location":"Chicago-Naperville-Elgin, IL-IN-WI","method":"PUT","page":"NextVideo","registration":1541048010796.0,"sessionId":221,"video":"Numb","status":200,"ts":1541618479796,"userAgent":"\"Mozilla\/5.0 (X11; Linux x86_64) AppleWebKit\/537.36 (KHTML, like Gecko) Ubuntu Chromium\/36.0.1985.125 Chrome\/36.0.1985.125 Safari\/537.36\"","userId":"15"}
{"youtuber":"Billy Currington","auth":"Logged In","firstName":"Lily","gender":"F","itemInSession":80,"lastName":"Koch","length":197.66812,"level":"paid","location":"Chicago-Naperville-Elgin, IL-IN-WI","method":"PUT","page":"NextVideo","registration":1541048010796.0,"sessionId":221,"video":"Ain't What It Used To Be","status":200,"ts":1541618725796,"userAgent":"\"Mozilla\/5.0 (X11; Linux x86_64) AppleWebKit\/537.36 (KHTML, like Gecko) Ubuntu Chromium\/36.0.1985.125 Chrome\/36.0.1985.125 Safari\/537.36\"","userId":"15"}
{"youtuber":"The Killers","auth":"Logged In","firstName":"Lily","gender":"F","itemInSession":81,"lastName":"Koch","length":230.03383,"level":"paid","location":"Chicago-Naperville-Elgin, IL-IN-WI","method":"PUT","page":"NextVideo","registration":1541048010796.0,"sessionId":221,"video":"Move Away","status":200,"ts":1541618922796,"userAgent":"\"Mozilla\/5.0 (X11; Linux x86_64) AppleWebKit\/537.36 (KHTML, like Gecko) Ubuntu Chromium\/36.0.1985.125 Chrome\/36.0.1985.125 Safari\/537.36\"","userId":"15"}
{"youtuber":"Wordsworth","auth":"Logged In","firstName":"Lily","gender":"F","itemInSession":82,"lastName":"Koch","length":253.1522,"level":"paid","location":"Chicago-Naperville-Elgin, IL-IN-WI","method":"PUT","page":"NextVideo","registration":1541048010796.0,"sessionId":221,"video":"Right Now (Produced by Ayatollah)","status":200,"ts":1541619152796,"userAgent":"\"Mozilla\/5.0 (X11; Linux x86_64) AppleWebKit\/537.36 (KHTML, like Gecko) Ubuntu Chromium\/36.0.1985.125 Chrome\/36.0.1985.125 Safari\/537.36\"","userId":"15"}
{"youtuber":"Shinedown","auth":"Logged In","firstName":"Lily","gender":"F","itemInSession":83,"lastName":"Koch","length":220.39465,"level":"paid","location":"Chicago-Naperville-Elgin, IL-IN-WI","method":"PUT","page":"NextVideo","registration":1541048010796.0,"sessionId":221,"video":"Second Chance (Album Version)","status":200,"ts":1541619405796,"userAgent":"\"Mozilla\/5.0 (X11; Linux x86_64) AppleWebKit\/537.36 (KHTML, like Gecko) Ubuntu Chromium\/36.0.1985.125 Chrome\/36.0.1985.125 Safari\/537.36\"","userId":"15"}
{"youtuber":"Ane Brun","auth":"Logged In","firstName":"Lily","gender":"F","itemInSession":84,"lastName":"Koch","length":248.37179,"level":"paid","location":"Chicago-Naperville-Elgin, IL-IN-WI","method":"PUT","page":"NextVideo","registration":1541048010796.0,"sessionId":221,"video":"Laid In Earth","status":200,"ts":1541619625796,"userAgent":"\"Mozilla\/5.0 (X11; Linux x86_64) AppleWebKit\/537.36 (KHTML, like Gecko) Ubuntu Chromium\/36.0.1985.125 Chrome\/36.0.1985.125 Safari\/537.36\"","userId":"15"}
{"youtuber":"Chris Kenner","auth":"Logged In","firstName":"Lily","gender":"F","itemInSession":85,"lastName":"Koch","length":238.49751,"level":"paid","location":"Chicago-Naperville-Elgin, IL-IN-WI","method":"PUT","page":"NextVideo","registration":1541048010796.0,"sessionId":221,"video":"I Like It Like That","status":200,"ts":1541619873796,"userAgent":"\"Mozilla\/5.0 (X11; Linux x86_64) AppleWebKit\/537.36 (KHTML, like Gecko) Ubuntu Chromium\/36.0.1985.125 Chrome\/36.0.1985.125 Safari\/537.36\"","userId":"15"}
{"youtuber":"Black Stone Cherry","auth":"Logged In","firstName":"Lily","gender":"F","itemInSession":86,"lastName":"Koch","length":266.65751,"level":"paid","location":"Chicago-Naperville-Elgin, IL-IN-WI","method":"PUT","page":"NextVideo","registration":1541048010796.0,"sessionId":221,"video":"The Key (Album Version)","status":200,"ts":1541620111796,"userAgent":"\"Mozilla\/5.0 (X11; Linux x86_64) AppleWebKit\/537.36 (KHTML, like Gecko) Ubuntu Chromium\/36.0.1985.125 Chrome\/36.0.1985.125 Safari\/537.36\"","userId":"15"}
{"youtuber":"Foolish Things","auth":"Logged In","firstName":"Lily","gender":"F","itemInSession":87,"lastName":"Koch","length":266.86649,"level":"paid","location":"Chicago-Naperville-Elgin, IL-IN-WI","method":"PUT","page":"NextVideo","registration":1541048010796.0,"sessionId":221,"video":"Who Can Compare","status":200,"ts":1541620377796,"userAgent":"\"Mozilla\/5.0 (X11; Linux x86_64) AppleWebKit\/537.36 (KHTML, like Gecko) Ubuntu Chromium\/36.0.1985.125 Chrome\/36.0.1985.125 Safari\/537.36\"","userId":"15"}
{"youtuber":"Toto La Momposina","auth":"Logged In","firstName":"Lily","gender":"F","itemInSession":88,"lastName":"Koch","length":239.90812,"level":"paid","location":"Chicago-Naperville-Elgin, IL-IN-WI","method":"PUT","page":"NextVideo","registration":1541048010796.0,"sessionId":221,"video":"Dame La Mano Juancho","status":200,"ts":1541620643796,"userAgent":"\"Mozilla\/5.0 (X11; Linux x86_64) AppleWebKit\/537.36 (KHTML, like Gecko) Ubuntu Chromium\/36.0.1985.125 Chrome\/36.0.1985.125 Safari\/537.36\"","userId":"15"}
{"youtuber":"The Runaways","auth":"Logged In","firstName":"Lily","gender":"F","itemInSession":89,"lastName":"Koch","length":201.16853,"level":"paid","location":"Chicago-Naperville-Elgin, IL-IN-WI","method":"PUT","page":"NextVideo","registration":1541048010796.0,"sessionId":221,"video":"I Love Playin'  With Fire","status":200,"ts":1541620882796,"userAgent":"\"Mozilla\/5.0 (X11; Linux x86_64) AppleWebKit\/537.36 (KHTML, like Gecko) Ubuntu Chromium\/36.0.1985.125 Chrome\/36.0.1985.125 Safari\/537.36\"","userId":"15"}
{"youtuber":"Gala","auth":"Logged In","firstName":"Lily","gender":"F","itemInSession":90,"lastName":"Koch","length":235.44118,"level":"paid","location":"Chicago-Naperville-Elgin, IL-IN-WI","method":"PUT","page":"NextVideo","registration":1541048010796.0,"sessionId":221,"video":"Suddenly","status":200,"ts":1541621083796,"userAgent":"\"Mozilla\/5.0 (X11; Linux x86_64) AppleWebKit\/537.36 (KHTML, like Gecko) Ubuntu Chromium\/36.0.1985.125 Chrome\/36.0.1985.125 Safari\/537.36\"","userId":"15"}
{"youtuber":"Orishas","auth":"Logged In","firstName":"Lily","gender":"F","itemInSession":91,"lastName":"Koch","length":266.39628,"level":"paid","location":"Chicago-Naperville-Elgin, IL-IN-WI","method":"PUT","page":"NextVideo","registration":1541048010796.0,"sessionId":221,"video":"El Kilo","status":200,"ts":1541621318796,"userAgent":"\"Mozilla\/5.0 (X11; Linux x86_64) AppleWebKit\/537.36 (KHTML, like Gecko) Ubuntu Chromium\/36.0.1985.125 Chrome\/36.0.1985.125 Safari\/537.36\"","userId":"15"}
{"youtuber":"Queen","auth":"Logged In","firstName":"Ava","gender":"F","itemInSession":0,"lastName":"Robinson","length":78.47138,"level":"free","location":"New Haven-Milford, CT","method":"PUT","page":"NextVideo","registration":1540931983796.0,"sessionId":343,"video":"Nevermore (1994 Digital Remaster)","status":200,"ts":1541621346796,"userAgent":"\"Mozilla\/5.0 (Windows NT 6.3; WOW64) AppleWebKit\/537.36 (KHTML, like Gecko) Chrome\/36.0.1985.143 Safari\/537.36\"","userId":"50"}
{"youtuber":"Sondre Lerche","auth":"Logged In","firstName":"Ava","gender":"F","itemInSession":1,"lastName":"Robinson","length":171.59791,"level":"free","location":"New Haven-Milford, CT","method":"PUT","page":"NextVideo","registration":1540931983796.0,"sessionId":343,"video":"Heartbeat Radio","status":200,"ts":1541621424796,"userAgent":"\"Mozilla\/5.0 (Windows NT 6.3; WOW64) AppleWebKit\/537.36 (KHTML, like Gecko) Chrome\/36.0.1985.143 Safari\/537.36\"","userId":"50"}
{"youtuber":"Three Drives","auth":"Logged In","firstName":"Lily","gender":"F","itemInSession":92,"lastName":"Koch","length":411.6371,"level":"paid","location":"Chicago-Naperville-Elgin, IL-IN-WI","method":"PUT","page":"NextVideo","registration":1541048010796.0,"sessionId":221,"video":"Greece 2000","status":200,"ts":1541621584796,"userAgent":"\"Mozilla\/5.0 (X11; Linux x86_64) AppleWebKit\/537.36 (KHTML, like Gecko) Ubuntu Chromium\/36.0.1985.125 Chrome\/36.0.1985.125 Safari\/537.36\"","userId":"15"}
{"youtuber":null,"auth":"Logged In","firstName":"Lily","gender":"F","itemInSession":93,"lastName":"Koch","length":null,"level":"paid","location":"Chicago-Naperville-Elgin, IL-IN-WI","method":"GET","page":"Settings","registration":1541048010796.0,"sessionId":221,"video":null,"status":200,"ts":1541621664796,"userAgent":"\"Mozilla\/5.0 (X11; Linux x86_64) AppleWebKit\/537.36 (KHTML, like Gecko) Ubuntu Chromium\/36.0.1985.125 Chrome\/36.0.1985.125 Safari\/537.36\"","userId":"15"}
{"youtuber":"Ottmar Liebert","auth":"Logged In","firstName":"Lily","gender":"F","itemInSession":94,"lastName":"Koch","length":174.54975,"level":"paid","location":"Chicago-Naperville-Elgin, IL-IN-WI","method":"PUT","page":"NextVideo","registration":1541048010796.0,"sessionId":221,"video":"Festival (Of 7 Lights)","status":200,"ts":1541621995796,"userAgent":"\"Mozilla\/5.0 (X11; Linux x86_64) AppleWebKit\/537.36 (KHTML, like Gecko) Ubuntu Chromium\/36.0.1985.125 Chrome\/36.0.1985.125 Safari\/537.36\"","userId":"15"}
{"youtuber":"Sondre Lerche","auth":"Logged In","firstName":"Lily","gender":"F","itemInSession":95,"lastName":"Koch","length":247.19628,"level":"paid","location":"Chicago-Naperville-Elgin, IL-IN-WI","method":"PUT","page":"NextVideo","registration":1541048010796.0,"sessionId":221,"video":"Don't Be Shallow","status":200,"ts":1541622169796,"userAgent":"\"Mozilla\/5.0 (X11; Linux x86_64) AppleWebKit\/537.36 (KHTML, like Gecko) Ubuntu Chromium\/36.0.1985.125 Chrome\/36.0.1985.125 Safari\/537.36\"","userId":"15"}
{"youtuber":"Robyn Hitchcock and The Egyptians","auth":"Logged In","firstName":"Lily","gender":"F","itemInSession":96,"lastName":"Koch","length":214.22975,"level":"paid","location":"Chicago-Naperville-Elgin, IL-IN-WI","method":"PUT","page":"NextVideo","registration":1541048010796.0,"sessionId":221,"video":"The Black Crow Knows","status":200,"ts":1541622416796,"userAgent":"\"Mozilla\/5.0 (X11; Linux x86_64) AppleWebKit\/537.36 (KHTML, like Gecko) Ubuntu Chromium\/36.0.1985.125 Chrome\/36.0.1985.125 Safari\/537.36\"","userId":"15"}
{"youtuber":"The Buggles","auth":"Logged In","firstName":"Lily","gender":"F","itemInSession":97,"lastName":"Koch","length":198.08608,"level":"paid","location":"Chicago-Naperville-Elgin, IL-IN-WI","method":"PUT","page":"NextVideo","registration":1541048010796.0,"sessionId":221,"video":"Video Killed The Radio Star","status":200,"ts":1541622630796,"userAgent":"\"Mozilla\/5.0 (X11; Linux x86_64) AppleWebKit\/537.36 (KHTML, like Gecko) Ubuntu Chromium\/36.0.1985.125 Chrome\/36.0.1985.125 Safari\/537.36\"","userId":"15"}
{"youtuber":null,"auth":"Logged Out","firstName":null,"gender":null,"itemInSession":0,"lastName":null,"length":null,"level":"paid","location":null,"method":"GET","page":"Home","registration":null,"sessionId":355,"video":null,"status":200,"ts":1541622682796,"userAgent":null,"userId":""}
{"youtuber":"Kid Cudi \/ MGMT \/ Ratatat","auth":"Logged In","firstName":"Lily","gender":"F","itemInSession":98,"lastName":"Koch","length":295.67955,"level":"paid","location":"Chicago-Naperville-Elgin, IL-IN-WI","method":"PUT","page":"NextVideo","registration":1541048010796.0,"sessionId":221,"video":"Pursuit Of Happiness (nightmare)","status":200,"ts":1541622828796,"userAgent":"\"Mozilla\/5.0 (X11; Linux x86_64) AppleWebKit\/537.36 (KHTML, like Gecko) Ubuntu Chromium\/36.0.1985.125 Chrome\/36.0.1985.125 Safari\/537.36\"","userId":"15"}
{"youtuber":"Damian Marley \/ Nas","auth":"Logged In","firstName":"Lily","gender":"F","itemInSession":99,"lastName":"Koch","length":317.30893,"level":"paid","location":"Chicago-Naperville-Elgin, IL-IN-WI","method":"PUT","page":"NextVideo","registration":1541048010796.0,"sessionId":221,"video":"Road To Zion","status":200,"ts":1541623123796,"userAgent":"\"Mozilla\/5.0 (X11; Linux x86_64) AppleWebKit\/537.36 (KHTML, like Gecko) Ubuntu Chromium\/36.0.1985.125 Chrome\/36.0.1985.125 Safari\/537.36\"","userId":"15"}
{"youtuber":"Linkin Park","auth":"Logged In","firstName":"Lily","gender":"F","itemInSession":100,"lastName":"Koch","length":191.45098,"level":"paid","location":"Chicago-Naperville-Elgin, IL-IN-WI","method":"PUT","page":"NextVideo","registration":1541048010796.0,"sessionId":221,"video":"Pushing Me Away (Album Version)","status":200,"ts":1541623440796,"userAgent":"\"Mozilla\/5.0 (X11; Linux x86_64) AppleWebKit\/537.36 (KHTML, like Gecko) Ubuntu Chromium\/36.0.1985.125 Chrome\/36.0.1985.125 Safari\/537.36\"","userId":"15"}
{"youtuber":"Way Out West","auth":"Logged In","firstName":"Lily","gender":"F","itemInSession":101,"lastName":"Koch","length":657.73669,"level":"paid","location":"Chicago-Naperville-Elgin, IL-IN-WI","method":"PUT","page":"NextVideo","registration":1541048010796.0,"sessionId":221,"video":"Killa","status":200,"ts":1541623631796,"userAgent":"\"Mozilla\/5.0 (X11; Linux x86_64) AppleWebKit\/537.36 (KHTML, like Gecko) Ubuntu Chromium\/36.0.1985.125 Chrome\/36.0.1985.125 Safari\/537.36\"","userId":"15"}
{"youtuber":"Mr. Airplane Man","auth":"Logged In","firstName":"Lily","gender":"F","itemInSession":102,"lastName":"Koch","length":218.30485,"level":"paid","location":"Chicago-Naperville-Elgin, IL-IN-WI","method":"PUT","page":"NextVideo","registration":1541048010796.0,"sessionId":221,"video":"Lonesome Road","status":200,"ts":1541624288796,"userAgent":"\"Mozilla\/5.0 (X11; Linux x86_64) AppleWebKit\/537.36 (KHTML, like Gecko) Ubuntu Chromium\/36.0.1985.125 Chrome\/36.0.1985.125 Safari\/537.36\"","userId":"15"}
{"youtuber":"Asking Alexandria","auth":"Logged In","firstName":"Lily","gender":"F","itemInSession":103,"lastName":"Koch","length":248.99873,"level":"paid","location":"Chicago-Naperville-Elgin, IL-IN-WI","method":"PUT","page":"NextVideo","registration":1541048010796.0,"sessionId":221,"video":"Hey There Mr. Brooks (feat. Feat. Shawn Mike of Alesana)","status":200,"ts":1541624506796,"userAgent":"\"Mozilla\/5.0 (X11; Linux x86_64) AppleWebKit\/537.36 (KHTML, like Gecko) Ubuntu Chromium\/36.0.1985.125 Chrome\/36.0.1985.125 Safari\/537.36\"","userId":"15"}
{"youtuber":"The Cat Empire","auth":"Logged In","firstName":"Lily","gender":"F","itemInSession":104,"lastName":"Koch","length":307.46077,"level":"paid","location":"Chicago-Naperville-Elgin, IL-IN-WI","method":"PUT","page":"NextVideo","registration":1541048010796.0,"sessionId":221,"video":"The Chariot","status":200,"ts":1541624754796,"userAgent":"\"Mozilla\/5.0 (X11; Linux x86_64) AppleWebKit\/537.36 (KHTML, like Gecko) Ubuntu Chromium\/36.0.1985.125 Chrome\/36.0.1985.125 Safari\/537.36\"","userId":"15"}
{"youtuber":null,"auth":"Logged In","firstName":"Lily","gender":"F","itemInSession":0,"lastName":"Burns","length":null,"level":"free","location":"New York-Newark-Jersey City, NY-NJ-PA","method":"GET","page":"Home","registration":1540621059796.0,"sessionId":349,"video":null,"status":200,"ts":1541629595796,"userAgent":"\"Mozilla\/5.0 (Windows NT 6.1; WOW64) AppleWebKit\/537.36 (KHTML, like Gecko) Chrome\/36.0.1985.125 Safari\/537.36\"","userId":"32"}
{"youtuber":"STRATOVARIUS","auth":"Logged In","firstName":"Lily","gender":"F","itemInSession":1,"lastName":"Burns","length":350.74567,"level":"free","location":"New York-Newark-Jersey City, NY-NJ-PA","method":"PUT","page":"NextVideo","registration":1540621059796.0,"sessionId":349,"video":"Twilight Time","status":200,"ts":1541629614796,"userAgent":"\"Mozilla\/5.0 (Windows NT 6.1; WOW64) AppleWebKit\/537.36 (KHTML, like Gecko) Chrome\/36.0.1985.125 Safari\/537.36\"","userId":"32"}
{"youtuber":"The Mantles","auth":"Logged In","firstName":"Lily","gender":"F","itemInSession":2,"lastName":"Burns","length":226.53342,"level":"free","location":"New York-Newark-Jersey City, NY-NJ-PA","method":"PUT","page":"NextVideo","registration":1540621059796.0,"sessionId":349,"video":"Don't Lie","status":200,"ts":1541629964796,"userAgent":"\"Mozilla\/5.0 (Windows NT 6.1; WOW64) AppleWebKit\/537.36 (KHTML, like Gecko) Chrome\/36.0.1985.125 Safari\/537.36\"","userId":"32"}
{"youtuber":"Tub Ring","auth":"Logged In","firstName":"Kaleb","gender":"M","itemInSession":0,"lastName":"Cook","length":233.69098,"level":"free","location":"Yuba City, CA","method":"PUT","page":"NextVideo","registration":1540679673796.0,"sessionId":213,"video":"Invalid","status":200,"ts":1541632356796,"userAgent":"Mozilla\/5.0 (Windows NT 6.1; WOW64; rv:31.0) Gecko\/20100101 Firefox\/31.0","userId":"54"}
{"youtuber":"Jack Johnson","auth":"Logged In","firstName":"Kaleb","gender":"M","itemInSession":1,"lastName":"Cook","length":173.42649,"level":"free","location":"Yuba City, CA","method":"PUT","page":"NextVideo","registration":1540679673796.0,"sessionId":213,"video":"Wrong Turn","status":200,"ts":1541632589796,"userAgent":"Mozilla\/5.0 (Windows NT 6.1; WOW64; rv:31.0) Gecko\/20100101 Firefox\/31.0","userId":"54"}