{"youtuber":null,"auth":"Logged In","firstName":"Theodore","gender":"M","itemInSession":0,"lastName":"Smith","length":null,"level":"free","location":"Houston-The Woodlands-Sugar Land, TX","method":"GET","page":"Home","registration":1540306145796.0,"sessionId":154,"video":null,"status":200,"ts":1541290555796,"userAgent":"Mozilla\/5.0 (Windows NT 6.1; WOW64; rv:31.0) Gecko\/20100101 Firefox\/31.0","userId":"52"}
{"youtuber":"Professor Longhair","auth":"Logged In","firstName":"Ann","gender":"F","itemInSession":0,"lastName":"Banks","length":214.20363,"level":"free","location":"Salt Lake City, UT","method":"PUT","page":"NextVideo","registration":1540895683796.0,"sessionId":124,"video":"Mean Ol'World","status":200,"ts":1541292603796,"userAgent":"Mozilla\/5.0 (Macintosh; Intel Mac OS X 10.9; rv:31.0) Gecko\/20100101 Firefox\/31.0","userId":"99"}
{"youtuber":null,"auth":"Logged In","firstName":"Jahiem","gender":"M","itemInSession":0,"lastName":"Miles","length":null,"level":"free","location":"San Antonio-New Braunfels, TX","method":"GET","page":"Home","registration":1540817347796.0,"sessionId":42,"video":null,"status":200,"ts":1541299033796,"userAgent":"\"Mozilla\/5.0 (Windows NT 5.1) AppleWebKit\/537.36 (KHTML, like Gecko) Chrome\/36.0.1985.143 Safari\/537.36\"","userId":"43"}
{"youtuber":"Gary Hobbs","auth":"Logged In","firstName":"Jahiem","gender":"M","itemInSession":1,"lastName":"Miles","length":245.52444,"level":"free","location":"San Antonio-New Braunfels, TX","method":"PUT","page":"NextVideo","registration":1540817347796.0,"sessionId":42,"video":"En Mi Mundo","status":200,"ts":1541300092796,"userAgent":"\"Mozilla\/5.0 (Windows NT 5.1) AppleWebKit\/537.36 (KHTML, like Gecko) Chrome\/36.0.1985.143 Safari\/537.36\"","userId":"43"}
{"youtuber":"Lifehouse","auth":"Logged In","firstName":"Jahiem","gender":"M","itemInSession":2,"lastName":"Miles","length":203.59791,"level":"free","location":"San Antonio-New Braunfels, TX","method":"PUT","page":"NextVideo","registration":1540817347796.0,"sessionId":42,"video":"We'll Never Know","status":200,"ts":1541300337796,"userAgent":"\"Mozilla\/5.0 (Windows NT 5.1) AppleWebKit\/537.36 (KHTML, like Gecko) Chrome\/36.0.1985.143 Safari\/537.36\"","userId":"43"}
{"youtuber":"Olivia Ruiz","auth":"Logged In","firstName":"Jahiem","gender":"M","itemInSession":3,"lastName":"Miles","length":254.74567,"level":"free","location":"San Antonio-New Braunfels, TX","method":"PUT","page":"NextVideo","registration":1540817347796.0,"sessionId":42,"video":"Cabaret Blanco","status":200,"ts":1541300540796,"userAgent":"\"Mozilla\/5.0 (Windows NT 5.1) AppleWebKit\/537.36 (KHTML, like Gecko) Chrome\/36.0.1985.143 Safari\/537.36\"","userId":"43"}
{"youtuber":null,"auth":"Logged In","firstName":"Cecilia","gender":"F","itemInSession":0,"lastName":"Owens","length":null,"level":"free","location":"Atlanta-Sandy Springs-Roswell, GA","method":"GET","page":"Home","registration":1541032432796.0,"sessionId":225,"video":null,"status":200,"ts":1541304686796,"userAgent":"Mozilla\/5.0 (Windows NT 6.1; WOW64; rv:32.0) Gecko\/20100101 Firefox\/32.0","userId":"6"}
{"youtuber":"Jordan Rudess","auth":"Logged In","firstName":"Cecilia","gender":"F","itemInSession":1,"lastName":"Owens","length":1367.84934,"level":"free","location":"Atlanta-Sandy Springs-Roswell, GA","method":"PUT","page":"NextVideo","registration":1541032432796.0,"sessionId":225,"video":"Tarkus","status":200,"ts":1541306152796,"userAgent":"Mozilla\/5.0 (Windows NT 6.1; WOW64; rv:32.0) Gecko\/20100101 Firefox\/32.0","userId":"6"}
{"youtuber":"Deerhunter","auth":"Logged In","firstName":"Jayden","gender":"M","itemInSession":0,"lastName":"Graves","length":162.08934,"level":"paid","location":"Marinette, WI-MI","method":"PUT","page":"NextVideo","registration":1540664184796.0,"sessionId":128,"video":"Weird Era","status":200,"ts":1541310546796,"userAgent":"\"Mozilla\/5.0 (Windows NT 6.3; WOW64) AppleWebKit\/537.36 (KHTML, like Gecko) Chrome\/36.0.1985.143 Safari\/537.36\"","userId":"25"}
{"youtuber":"Daughtry","auth":"Logged In","firstName":"Jayden","gender":"M","itemInSession":1,"lastName":"Graves","length":249.91302,"level":"paid","location":"Marinette, WI-MI","method":"PUT","page":"NextVideo","registration":1540664184796.0,"sessionId":128,"video":"No Surprise","status":200,"ts":1541310708796,"userAgent":"\"Mozilla\/5.0 (Windows NT 6.3; WOW64) AppleWebKit\/537.36 (KHTML, like Gecko) Chrome\/36.0.1985.143 Safari\/537.36\"","userId":"25"}
{"youtuber":null,"auth":"Logged In","firstName":"Jayden","gender":"M","itemInSession":2,"lastName":"Graves","length":null,"level":"paid","location":"Marinette, WI-MI","method":"PUT","page":"Logout","registration":1540664184796.0,"sessionId":128,"video":null,"status":307,"ts":1541310709796,"userAgent":"\"Mozilla\/5.0 (Windows NT 6.3; WOW64) AppleWebKit\/537.36 (KHTML, like Gecko) Chrome\/36.0.1985.143 Safari\/537.36\"","userId":"25"}
{"youtuber":null,"auth":"Logged Out","firstName":null,"gender":null,"itemInSession":3,"lastName":null,"length":null,"level":"paid","location":null,"method":"GET","page":"Home","registration":null,"sessionId":128,"video":null,"status":200,"ts":1541310732796,"userAgent":null,"userId":""}
{"youtuber":null,"auth":"Logged Out","firstName":null,"gender":null,"itemInSession":4,"lastName":null,"length":null,"level":"paid","location":null,"method":"PUT","page":"Login","registration":null,"sessionId":128,"video":null,"status":307,"ts":1541310733796,"userAgent":null,"userId":""}
{"youtuber":null,"auth":"Logged In","firstName":"Jayden","gender":"M","itemInSession":5,"lastName":"Graves","length":null,"level":"paid","location":"Marinette, WI-MI","method":"GET","page":"Home","registration":1540664184796.0,"sessionId":128,"video":null,"status":200,"ts":1541310741796,"userAgent":"\"Mozilla\/5.0 (Windows NT 6.3; WOW64) AppleWebKit\/537.36 (KHTML, like Gecko) Chrome\/36.0.1985.143 Safari\/537.36\"","userId":"25"}
{"youtuber":"Vinylshakerz","auth":"Logged In","firstName":"Jayden","gender":"M","itemInSession":6,"lastName":"Graves","length":207.25506,"level":"paid","location":"Marinette, WI-MI","method":"PUT","page":"NextVideo","registration":1540664184796.0,"sessionId":128,"video":"Club Tropicana","status":200,"ts":1541310957796,"userAgent":"\"Mozilla\/5.0 (Windows NT 6.3; WOW64) AppleWebKit\/537.36 (KHTML, like Gecko) Chrome\/36.0.1985.143 Safari\/537.36\"","userId":"25"}
{"youtuber":"Barry Tuckwell\/Academy of St Martin-in-the-Fields\/Sir Neville Marriner","auth":"Logged In","firstName":"Jayden","gender":"M","itemInSession":7,"lastName":"Graves","length":277.15873,"level":"paid","location":"Marinette, WI-MI","method":"PUT","page":"NextVideo","registration":1540664184796.0,"sessionId":128,"video":"Horn Concerto No. 4 in E flat K495: II. Romance (Andante cantabile)","status":200,"ts":1541311164796,"userAgent":"\"Mozilla\/5.0 (Windows NT 6.3; WOW64) AppleWebKit\/537.36 (KHTML, like Gecko) Chrome\/36.0.1985.143 Safari\/537.36\"","userId":"25"}
{"youtuber":"Son House","auth":"Logged In","firstName":"Jayden","gender":"M","itemInSession":8,"lastName":"Graves","length":182.43873,"level":"paid","location":"Marinette, WI-MI","method":"PUT","page":"NextVideo","registration":1540664184796.0,"sessionId":128,"video":"Depot Blues","status":200,"ts":1541311441796,"userAgent":"\"Mozilla\/5.0 (Windows NT 6.3; WOW64) AppleWebKit\/537.36 (KHTML, like Gecko) Chrome\/36.0.1985.143 Safari\/537.36\"","userId":"25"}
{"youtuber":"Jason Mraz & Colbie Caillat","auth":"Logged In","firstName":"Jayden","gender":"M","itemInSession":9,"lastName":"Graves","length":189.6224,"level":"paid","location":"Marinette, WI-MI","method":"PUT","page":"NextVideo","registration":1540664184796.0,"sessionId":128,"video":"Lucky (Album Version)","status":200,"ts":1541311623796,"userAgent":"\"Mozilla\/5.0 (Windows NT 6.3; WOW64) AppleWebKit\/537.36 (KHTML, like Gecko) Chrome\/36.0.1985.143 Safari\/537.36\"","userId":"25"}
{"youtuber":"The Romantics","auth":"Logged In","firstName":"Jayden","gender":"M","itemInSession":10,"lastName":"Graves","length":233.7171,"level":"paid","location":"Marinette, WI-MI","method":"PUT","page":"NextVideo","registration":1540664184796.0,"sessionId":128,"video":"Talking In Your Sleep","status":200,"ts":1541311812796,"userAgent":"\"Mozilla\/5.0 (Windows NT 6.3; WOW64) AppleWebKit\/537.36 (KHTML, like Gecko) Chrome\/36.0.1985.143 Safari\/537.36\"","userId":"25"}
{"youtuber":"The Postal Service","auth":"Logged In","firstName":"Jayden","gender":"M","itemInSession":11,"lastName":"Graves","length":266.47465,"level":"paid","location":"Marinette, WI-MI","method":"PUT","page":"NextVideo","registration":1540664184796.0,"sessionId":128,"video":"Such Great Heights","status":200,"ts":1541312045796,"userAgent":"\"Mozilla\/5.0 (Windows NT 6.3; WOW64) AppleWebKit\/537.36 (KHTML, like Gecko) Chrome\/36.0.1985.143 Safari\/537.36\"","userId":"25"}
{"youtuber":"Tweet","auth":"Logged In","firstName":"Jayden","gender":"M","itemInSession":12,"lastName":"Graves","length":281.80853,"level":"paid","location":"Marinette, WI-MI","method":"PUT","page":"NextVideo","registration":1540664184796.0,"sessionId":128,"video":"Always Will (LP Version)","status":200,"ts":1541312311796,"userAgent":"\"Mozilla\/5.0 (Windows NT 6.3; WOW64) AppleWebKit\/537.36 (KHTML, like Gecko) Chrome\/36.0.1985.143 Safari\/537.36\"","userId":"25"}
{"youtuber":"Gang Starr\/Inspectah Deck","auth":"Logged In","firstName":"Jayden","gender":"M","itemInSession":13,"lastName":"Graves","length":225.07057,"level":"paid","location":"Marinette, WI-MI","method":"PUT","page":"NextVideo","registration":1540664184796.0,"sessionId":128,"video":"Above The Clouds (Edited)","status":200,"ts":1541312592796,"userAgent":"\"Mozilla\/5.0 (Windows NT 6.3; WOW64) AppleWebKit\/537.36 (KHTML, like Gecko) Chrome\/36.0.1985.143 Safari\/537.36\"","userId":"25"}
{"youtuber":"Kanye West","auth":"Logged In","firstName":"Jayden","gender":"M","itemInSession":14,"lastName":"Graves","length":164.38812,"level":"paid","location":"Marinette, WI-MI","method":"PUT","page":"NextVideo","registration":1540664184796.0,"sessionId":128,"video":"Coldest Winter","status":200,"ts":1541312817796,"userAgent":"\"Mozilla\/5.0 (Windows NT 6.3; WOW64) AppleWebKit\/537.36 (KHTML, like Gecko) Chrome\/36.0.1985.143 Safari\/537.36\"","userId":"25"}
{"youtuber":"Shunza","auth":"Logged In","firstName":"Jayden","gender":"M","itemInSession":15,"lastName":"Graves","length":250.93179,"level":"paid","location":"Marinette, WI-MI","method":"PUT","page":"NextVideo","registration":1540664184796.0,"sessionId":128,"video":"Nan Ni Wan","status":200,"ts":1541312981796,"userAgent":"\"Mozilla\/5.0 (Windows NT 6.3; WOW64) AppleWebKit\/537.36 (KHTML, like Gecko) Chrome\/36.0.1985.143 Safari\/537.36\"","userId":"25"}
{"youtuber":"Erykah Badu","auth":"Logged In","firstName":"Jayden","gender":"M","itemInSession":16,"lastName":"Graves","length":286.9024,"level":"paid","location":"Marinette, WI-MI","method":"PUT","page":"NextVideo","registration":1540664184796.0,"sessionId":128,"video":"Back In The Day","status":200,"ts":1541313231796,"userAgent":"\"Mozilla\/5.0 (Windows NT 6.3; WOW64) AppleWebKit\/537.36 (KHTML, like Gecko) Chrome\/36.0.1985.143 Safari\/537.36\"","userId":"25"}
{"youtuber":null,"auth":"Logged In","firstName":"Jayden","gender":"M","itemInSession":17,"lastName":"Graves","length":null,"level":"paid","location":"Marinette, WI-MI","method":"GET","page":"Home","registration":1540664184796.0,"sessionId":128,"video":null,"status":200,"ts":1541313291796,"userAgent":"\"Mozilla\/5.0 (Windows NT 6.3; WOW64) AppleWebKit\/537.36 (KHTML, like Gecko) Chrome\/36.0.1985.143 Safari\/537.36\"","userId":"25"}
{"youtuber":null,"auth":"Logged In","firstName":"Jayden","gender":"M","itemInSession":18,"lastName":"Graves","length":null,"level":"paid","location":"Marinette, WI-MI","method":"GET","page":"Settings","registration":1540664184796.0,"sessionId":128,"video":null,"status":200,"ts":1541313291796,"userAgent":"\"Mozilla\/5.0 (Windows NT 6.3; WOW64) AppleWebKit\/537.36 (KHTML, like Gecko) Chrome\/36.0.1985.143 Safari\/537.36\"","userId":"25"}
{"youtuber":"Mariza","auth":"Logged In","firstName":"Maia","gender":"F","itemInSession":0,"lastName":"Burke","length":239.3073,"level":"free","location":"Houston-The Woodlands-Sugar Land, TX","method":"PUT","page":"NextVideo","registration":1540676534796.0,"sessionId":143,"video":"Vielas De Alfama","status":200,"ts":1541313299796,"userAgent":"\"Mozilla\/5.0 (Windows NT 6.3; WOW64) AppleWebKit\/537.36 (KHTML, like Gecko) Chrome\/36.0.1985.143 Safari\/537.36\"","userId":"51"}
{"youtuber":null,"auth":"Logged In","firstName":"Jayden","gender":"M","itemInSession":19,"lastName":"Graves","length":null,"level":"paid","location":"Marinette, WI-MI","method":"GET","page":"Settings","registration":1540664184796.0,"sessionId":128,"video":null,"status":200,"ts":1541313325796,"userAgent":"\"Mozilla\/5.0 (Windows NT 6.3; WOW64) AppleWebKit\/537.36 (KHTML, like Gecko) Chrome\/36.0.1985.143 Safari\/537.36\"","userId":"25"}
{"youtuber":null,"auth":"Logged In","firstName":"Jayden","gender":"M","itemInSession":20,"lastName":"Graves","length":null,"level":"paid","location":"Marinette, WI-MI","method":"PUT","page":"Save Settings","registration":1540664184796.0,"sessionId":128,"video":null,"status":307,"ts":1541313326796,"userAgent":"\"Mozilla\/5.0 (Windows NT 6.3; WOW64) AppleWebKit\/537.36 (KHTML, like Gecko) Chrome\/36.0.1985.143 Safari\/537.36\"","userId":"25"}
{"youtuber":null,"auth":"Logged In","firstName":"Jayden","gender":"M","itemInSession":21,"lastName":"Graves","length":null,"level":"paid","location":"Marinette, WI-MI","method":"GET","page":"Home","registration":1540664184796.0,"sessionId":128,"video":null,"status":200,"ts":1541313397796,"userAgent":"\"Mozilla\/5.0 (Windows NT 6.3; WOW64) AppleWebKit\/537.36 (KHTML, like Gecko) Chrome\/36.0.1985.143 Safari\/537.36\"","userId":"25"}
{"youtuber":"Asia 2001","auth":"Logged In","firstName":"Jayden","gender":"M","itemInSession":22,"lastName":"Graves","length":150.30812,"level":"paid","location":"Marinette, WI-MI","method":"PUT","page":"NextVideo","registration":1540664184796.0,"sessionId":128,"video":"Epilogue","status":200,"ts":1541313517796,"userAgent":"\"Mozilla\/5.0 (Windows NT 6.3; WOW64) AppleWebKit\/537.36 (KHTML, like Gecko) Chrome\/36.0.1985.143 Safari\/537.36\"","userId":"25"}
{"youtuber":"Alejandro Sanz","auth":"Logged In","firstName":"Maia","gender":"F","itemInSession":1,"lastName":"Burke","length":230.24281,"level":"free","location":"Houston-The Woodlands-Sugar Land, TX","method":"PUT","page":"NextVideo","registration":1540676534796.0,"sessionId":143,"video":"Non E_ Per Te_ Per Me","status":200,"ts":1541313538796,"userAgent":"\"Mozilla\/5.0 (Windows NT 6.3; WOW64) AppleWebKit\/537.36 (KHTML, like Gecko) Chrome\/36.0.1985.143 Safari\/537.36\"","userId":"51"}
{"youtuber":"The Casualties","auth":"Logged In","firstName":"Jayden","gender":"M","itemInSession":23,"lastName":"Graves","length":131.23873,"level":"paid","location":"Marinette, WI-MI","method":"PUT","page":"NextVideo","registration":1540664184796.0,"sessionId":128,"video":"Fight For Your Life","status":200,"ts":1541313667796,"userAgent":"\"Mozilla\/5.0 (Windows NT 6.3; WOW64) AppleWebKit\/537.36 (KHTML, like Gecko) Chrome\/36.0.1985.143 Safari\/537.36\"","userId":"25"}
{"youtuber":"Alliance Ethnik","auth":"Logged In","firstName":"Jayden","gender":"M","itemInSession":24,"lastName":"Graves","length":252.21179,"level":"paid","location":"Marinette, WI-MI","method":"PUT","page":"NextVideo","registration":1540664184796.0,"sessionId":128,"video":"Repr\u00c3\u0083\u00c2\u00a9sente","status":200,"ts":1541313798796,"userAgent":"\"Mozilla\/5.0 (Windows NT 6.3; WOW64) AppleWebKit\/537.36 (KHTML, like Gecko) Chrome\/36.0.1985.143 Safari\/537.36\"","userId":"25"}
{"youtuber":"Hey Monday","auth":"Logged In","firstName":"Jayden","gender":"M","itemInSession":25,"lastName":"Graves","length":222.98077,"level":"paid","location":"Marinette, WI-MI","method":"PUT","page":"NextVideo","registration":1540664184796.0,"sessionId":128,"video":"Run_ Don't Walk","status":200,"ts":1541314050796,"userAgent":"\"Mozilla\/5.0 (Windows NT 6.3; WOW64) AppleWebKit\/537.36 (KHTML, like Gecko) Chrome\/36.0.1985.143 Safari\/537.36\"","userId":"25"}
{"youtuber":"Silverchair","auth":"Logged In","firstName":"Jayden","gender":"M","itemInSession":26,"lastName":"Graves","length":213.13261,"level":"paid","location":"Marinette, WI-MI","method":"PUT","page":"NextVideo","registration":1540664184796.0,"sessionId":128,"video":"The Door","status":200,"ts":1541314272796,"userAgent":"\"Mozilla\/5.0 (Windows NT 6.3; WOW64) AppleWebKit\/537.36 (KHTML, like Gecko) Chrome\/36.0.1985.143 Safari\/537.36\"","userId":"25"}
{"youtuber":"El DeBarge","auth":"Logged In","firstName":"Jayden","gender":"M","itemInSession":27,"lastName":"Graves","length":323.47383,"level":"paid","location":"Marinette, WI-MI","method":"PUT","page":"NextVideo","registration":1540664184796.0,"sessionId":128,"video":"Love Always","status":200,"ts":1541314485796,"userAgent":"\"Mozilla\/5.0 (Windows NT 6.3; WOW64) AppleWebKit\/537.36 (KHTML, like Gecko) Chrome\/36.0.1985.143 Safari\/537.36\"","userId":"25"}
{"youtuber":"Evanescence","auth":"Logged In","firstName":"Jayden","gender":"M","itemInSession":28,"lastName":"Graves","length":236.12036,"level":"paid","location":"Marinette, WI-MI","method":"PUT","page":"NextVideo","registration":1540664184796.0,"sessionId":128,"video":"Bring Me To Life","status":200,"ts":1541314808796,"userAgent":"\"Mozilla\/5.0 (Windows NT 6.3; WOW64) AppleWebKit\/537.36 (KHTML, like Gecko) Chrome\/36.0.1985.143 Safari\/537.36\"","userId":"25"}
{"youtuber":null,"auth":"Logged In","firstName":"Jayden","gender":"M","itemInSession":29,"lastName":"Graves","length":null,"level":"paid","location":"Marinette, WI-MI","method":"GET","page":"Help","registration":1540664184796.0,"sessionId":128,"video":null,"status":200,"ts":1541314903796,"userAgent":"\"Mozilla\/5.0 (Windows NT 6.3; WOW64) AppleWebKit\/537.36 (KHTML, like Gecko) Chrome\/36.0.1985.143 Safari\/537.36\"","userId":"25"}
{"youtuber":"Ludovico Einaudi","auth":"Logged In","firstName":"Jayden","gender":"M","itemInSession":30,"lastName":"Graves","length":249.02485,"level":"paid","location":"Marinette, WI-MI","method":"PUT","page":"NextVideo","registration":1540664184796.0,"sessionId":128,"video":"The Snow Prelude No. 2","status":200,"ts":1541315044796,"userAgent":"\"Mozilla\/5.0 (Windows NT 6.3; WOW64) AppleWebKit\/537.36 (KHTML, like Gecko) Chrome\/36.0.1985.143 Safari\/537.36\"","userId":"25"}
{"youtuber":"Caifanes","auth":"Logged In","firstName":"Jayden","gender":"M","itemInSession":31,"lastName":"Graves","length":210.88608,"level":"paid","location":"Marinette, WI-MI","method":"PUT","page":"NextVideo","registration":1540664184796.0,"sessionId":128,"video":"Ayer Me Dijo Un Ave","status":200,"ts":1541315293796,"userAgent":"\"Mozilla\/5.0 (Windows NT 6.3; WOW64) AppleWebKit\/537.36 (KHTML, like Gecko) Chrome\/36.0.1985.143 Safari\/537.36\"","userId":"25"}
{"youtuber":"The xx","auth":"Logged In","firstName":"Jayden","gender":"M","itemInSession":32,"lastName":"Graves","length":188.55138,"level":"paid","location":"Marinette, WI-MI","method":"PUT","page":"NextVideo","registration":1540664184796.0,"sessionId":128,"video":"Basic Space","status":200,"ts":1541315503796,"userAgent":"\"Mozilla\/5.0 (Windows NT 6.3; WOW64) AppleWebKit\/537.36 (KHTML, like Gecko) Chrome\/36.0.1985.143 Safari\/537.36\"","userId":"25"}
{"youtuber":"Swizz Beatz","auth":"Logged In","firstName":"Jayden","gender":"M","itemInSession":33,"lastName":"Graves","length":213.7073,"level":"paid","location":"Marinette, WI-MI","method":"PUT","page":"NextVideo","registration":1540664184796.0,"sessionId":128,"video":"Big Munny","status":200,"ts":1541315691796,"userAgent":"\"Mozilla\/5.0 (Windows NT 6.3; WOW64) AppleWebKit\/537.36 (KHTML, like Gecko) Chrome\/36.0.1985.143 Safari\/537.36\"","userId":"25"}
{"youtuber":"OutKast","auth":"Logged In","firstName":"Jayden","gender":"M","itemInSession":34,"lastName":"Graves","length":239.35955,"level":"paid","location":"Marinette, WI-MI","method":"PUT","page":"NextVideo","registration":1540664184796.0,"sessionId":128,"video":"Ms. Jackson","status":200,"ts":1541315904796,"userAgent":"\"Mozilla\/5.0 (Windows NT 6.3; WOW64) AppleWebKit\/537.36 (KHTML, like Gecko) Chrome\/36.0.1985.143 Safari\/537.36\"","userId":"25"}
{"youtuber":"The Black Keys","auth":"Logged In","firstName":"Jayden","gender":"M","itemInSession":35,"lastName":"Graves","length":300.30322,"level":"paid","location":"Marinette, WI-MI","method":"PUT","page":"NextVideo","registration":1540664184796.0,"sessionId":128,"video":"The Only One","status":200,"ts":1541316143796,"userAgent":"\"Mozilla\/5.0 (Windows NT 6.3; WOW64) AppleWebKit\/537.36 (KHTML, like Gecko) Chrome\/36.0.1985.143 Safari\/537.36\"","userId":"25"}
{"youtuber":"Nappy Roots [featuring Anthony Hamilton]","auth":"Logged In","firstName":"Jayden","gender":"M","itemInSession":36,"lastName":"Graves","length":248.00608,"level":"paid","location":"Marinette, WI-MI","method":"PUT","page":"NextVideo","registration":1540664184796.0,"sessionId":128,"video":"Po' Folks","status":200,"ts":1541316443796,"userAgent":"\"Mozilla\/5.0 (Windows NT 6.3; WOW64) AppleWebKit\/537.36 (KHTML, like Gecko) Chrome\/36.0.1985.143 Safari\/537.36\"","userId":"25"}
{"youtuber":"Whitesnake","auth":"Logged In","firstName":"Jayden","gender":"M","itemInSession":37,"lastName":"Graves","length":250.3571,"level":"paid","location":"Marinette, WI-MI","method":"PUT","page":"NextVideo","registration":1540664184796.0,"sessionId":128,"video":"Fool For Your Loving","status":200,"ts":1541316691796,"userAgent":"\"Mozilla\/5.0 (Windows NT 6.3; WOW64) AppleWebKit\/537.36 (KHTML, like Gecko) Chrome\/36.0.1985.143 Safari\/537.36\"","userId":"25"}
{"youtuber":"Foolish Things","auth":"Logged In","firstName":"Jayden","gender":"M","itemInSession":38,"lastName":"Graves","length":266.86649,"level":"paid","location":"Marinette, WI-MI","method":"PUT","page":"NextVideo","registration":1540664184796.0,"sessionId":128,"video":"Who Can Compare","status":200,"ts":1541316941796,"userAgent":"\"Mozilla\/5.0 (Windows NT 6.3; WOW64) AppleWebKit\/537.36 (KHTML, like Gecko) Chrome\/36.0.1985.143 Safari\/537.36\"","userId":"25"}
{"youtuber":"Soda Stereo","auth":"Logged In","firstName":"Jayden","gender":"M","itemInSession":39,"lastName":"Graves","length":317.6224,"level":"paid","location":"Marinette, WI-MI","method":"PUT","page":"NextVideo","registration":1540664184796.0,"sessionId":128,"video":"Pr\u00c3\u0083\u00c2\u00b3fugos","status":200,"ts":1541317207796,"userAgent":"\"Mozilla\/5.0 (Windows NT 6.3; WOW64) AppleWebKit\/537.36 (KHTML, like Gecko) Chrome\/36.0.1985.143 Safari\/537.36\"","userId":"25"}
{"youtuber":"Edward Sharpe & The Magnetic Zeros","auth":"Logged In","firstName":"Jayden","gender":"M","itemInSession":40,"lastName":"Graves","length":306.31138,"level":"paid","location":"Marinette, WI-MI","method":"PUT","page":"NextVideo","registration":1540664184796.0,"sessionId":128,"video":"Home","status":200,"ts":1541317524796,"userAgent":"\"Mozilla\/5.0 (Windows NT 6.3; WOW64) AppleWebKit\/537.36 (KHTML, like Gecko) Chrome\/36.0.1985.143 Safari\/537.36\"","userId":"25"}
{"youtuber":null,"auth":"Logged In","firstName":"Ryan","gender":"M","itemInSession":0,"lastName":"Smith","length":null,"level":"free","location":"San Jose-Sunnyvale-Santa Clara, CA","method":"GET","page":"Home","registration":1541016707796.0,"sessionId":202,"video":null,"status":200,"ts":1541318378796,"userAgent":"\"Mozilla\/5.0 (X11; Linux x86_64) AppleWebKit\/537.36 (KHTML, like Gecko) Ubuntu Chromium\/36.0.1985.125 Chrome\/36.0.1985.125 Safari\/537.36\"","userId":"26"}
{"youtuber":"Anberlin","auth":"Logged In","firstName":"Aleena","gender":"F","itemInSession":0,"lastName":"Kirby","length":258.42893,"level":"paid","location":"Waterloo-Cedar Falls, IA","method":"PUT","page":"NextVideo","registration":1541022995796.0,"sessionId":196,"video":"Dismantle. Repair.","status":200,"ts":1541323143796,"userAgent":"Mozilla\/5.0 (Macintosh; Intel Mac OS X 10.9; rv:31.0) Gecko\/20100101 Firefox\/31.0","userId":"44"}
{"youtuber":null,"auth":"Logged In","firstName":"Aleena","gender":"F","itemInSession":1,"lastName":"Kirby","length":null,"level":"paid","location":"Waterloo-Cedar Falls, IA","method":"GET","page":"Help","registration":1541022995796.0,"sessionId":196,"video":null,"status":200,"ts":1541323169796,"userAgent":"Mozilla\/5.0 (Macintosh; Intel Mac OS X 10.9; rv:31.0) Gecko\/20100101 Firefox\/31.0","userId":"44"}
{"youtuber":"L-7","auth":"Logged In","firstName":"Aleena","gender":"F","itemInSession":2,"lastName":"Kirby","length":168.56771,"level":"paid","location":"Waterloo-Cedar Falls, IA","method":"PUT","page":"NextVideo","registration":1541022995796.0,"sessionId":196,"video":"Shitlist","status":200,"ts":1541323401796,"userAgent":"Mozilla\/5.0 (Macintosh; Intel Mac OS X 10.9; rv:31.0) Gecko\/20100101 Firefox\/31.0","userId":"44"}
{"youtuber":null,"auth":"Logged In","firstName":"Aleena","gender":"F","itemInSession":3,"lastName":"Kirby","length":null,"level":"paid","location":"Waterloo-Cedar Falls, IA","method":"GET","page":"Home","registration":1541022995796.0,"sessionId":196,"video":null,"status":200,"ts":1541323418796,"userAgent":"Mozilla\/5.0 (Macintosh; Intel Mac OS X 10.9; rv:31.0) Gecko\/20100101 Firefox\/31.0","userId":"44"}
{"youtuber":"Future Of The Left","auth":"Logged In","firstName":"Aleena","gender":"F","itemInSession":4,"lastName":"Kirby","length":112.63955,"level":"paid","location":"Waterloo-Cedar Falls, IA","method":"PUT","page":"NextVideo","registration":1541022995796.0,"sessionId":196,"video":"Fingers Become Thumbs","status":200,"ts":1541323569796,"userAgent":"Mozilla\/5.0 (Macintosh; Intel Mac OS X 10.9; rv:31.0) Gecko\/20100101 Firefox\/31.0","userId":"44"}
{"youtuber":"Franz Ferdinand","auth":"Logged In","firstName":"Aleena","gender":"F","itemInSession":5,"lastName":"Kirby","length":206.28853,"level":"paid","location":"Waterloo-Cedar Falls, IA","method":"PUT","page":"NextVideo","registration":1541022995796.0,"sessionId":196,"video":"Call Me","status":200,"ts":1541323681796,"userAgent":"Mozilla\/5.0 (Macintosh; Intel Mac OS X 10.9; rv:31.0) Gecko\/20100101 Firefox\/31.0","userId":"44"}
{"youtuber":"Travie McCoy","auth":"Logged In","firstName":"Aleena","gender":"F","itemInSession":6,"lastName":"Kirby","length":211.12118,"level":"paid","location":"Waterloo-Cedar Falls, IA","method":"PUT","page":"NextVideo","registration":1541022995796.0,"sessionId":196,"video":"Billionaire [feat. Bruno Mars]  (Explicit Album Version)","status":200,"ts":1541323887796,"userAgent":"Mozilla\/5.0 (Macintosh; Intel Mac OS X 10.9; rv:31.0) Gecko\/20100101 Firefox\/31.0","userId":"44"}
{"youtuber":"Lily Allen","auth":"Logged In","firstName":"Aleena","gender":"F","itemInSession":7,"lastName":"Kirby","length":194.76853,"level":"paid","location":"Waterloo-Cedar Falls, IA","method":"PUT","page":"NextVideo","registration":1541022995796.0,"sessionId":196,"video":"Smile","status":200,"ts":1541324098796,"userAgent":"Mozilla\/5.0 (Macintosh; Intel Mac OS X 10.9; rv:31.0) Gecko\/20100101 Firefox\/31.0","userId":"44"}
{"youtuber":"Rancid","auth":"Logged In","firstName":"Aleena","gender":"F","itemInSession":8,"lastName":"Kirby","length":223.65995,"level":"paid","location":"Waterloo-Cedar Falls, IA","method":"PUT","page":"NextVideo","registration":1541022995796.0,"sessionId":196,"video":"Fall Back Down (Album Version)","status":200,"ts":1541324292796,"userAgent":"Mozilla\/5.0 (Macintosh; Intel Mac OS X 10.9; rv:31.0) Gecko\/20100101 Firefox\/31.0","userId":"44"}
{"youtuber":"Katy Perry","auth":"Logged In","firstName":"Aleena","gender":"F","itemInSession":9,"lastName":"Kirby","length":228.49261,"level":"paid","location":"Waterloo-Cedar Falls, IA","method":"PUT","page":"NextVideo","registration":1541022995796.0,"sessionId":196,"video":"I'm Still Breathing","status":200,"ts":1541324515796,"userAgent":"Mozilla\/5.0 (Macintosh; Intel Mac OS X 10.9; rv:31.0) Gecko\/20100101 Firefox\/31.0","userId":"44"}
{"youtuber":"Freestylers","auth":"Logged In","firstName":"Aleena","gender":"F","itemInSession":10,"lastName":"Kirby","length":340.06159,"level":"paid","location":"Waterloo-Cedar Falls, IA","method":"PUT","page":"NextVideo","registration":1541022995796.0,"sessionId":196,"video":"Punks (Krafty Kuts Remix)","status":200,"ts":1541324743796,"userAgent":"Mozilla\/5.0 (Macintosh; Intel Mac OS X 10.9; rv:31.0) Gecko\/20100101 Firefox\/31.0","userId":"44"}
{"youtuber":null,"auth":"Logged In","firstName":"Rylan","gender":"M","itemInSession":0,"lastName":"George","length":null,"level":"free","location":"Birmingham-Hoover, AL","method":"GET","page":"Home","registration":1541020249796.0,"sessionId":15,"video":null,"status":200,"ts":1541324956796,"userAgent":"\"Mozilla\/5.0 (Macintosh; Intel Mac OS X 10_9_4) AppleWebKit\/537.77.4 (KHTML, like Gecko) Version\/7.0.5 Safari\/537.77.4\"","userId":"16"}
{"youtuber":"Kid Rock","auth":"Logged In","firstName":"Rylan","gender":"M","itemInSession":1,"lastName":"George","length":296.95955,"level":"free","location":"Birmingham-Hoover, AL","method":"PUT","page":"NextVideo","registration":1541020249796.0,"sessionId":15,"video":"All Summer Long (Album Version)","status":200,"ts":1541325032796,"userAgent":"\"Mozilla\/5.0 (Macintosh; Intel Mac OS X 10_9_4) AppleWebKit\/537.77.4 (KHTML, like Gecko) Version\/7.0.5 Safari\/537.77.4\"","userId":"16"}
{"youtuber":"LITE","auth":"Logged In","firstName":"Aleena","gender":"F","itemInSession":11,"lastName":"Kirby","length":248.08444,"level":"paid","location":"Waterloo-Cedar Falls, IA","method":"PUT","page":"NextVideo","registration":1541022995796.0,"sessionId":196,"video":"On A Gloomy Evening","status":200,"ts":1541325083796,"userAgent":"Mozilla\/5.0 (Macintosh; Intel Mac OS X 10.9; rv:31.0) Gecko\/20100101 Firefox\/31.0","userId":"44"}
{"youtuber":"The Killers","auth":"Logged In","firstName":"Rylan","gender":"M","itemInSession":2,"lastName":"George","length":220.89098,"level":"free","location":"Birmingham-Hoover, AL","method":"PUT","page":"NextVideo","registration":1541020249796.0,"sessionId":15,"video":"When You Were Young","status":200,"ts":1541325328796,"userAgent":"\"Mozilla\/5.0 (Macintosh; Intel Mac OS X 10_9_4) AppleWebKit\/537.77.4 (KHTML, like Gecko) Version\/7.0.5 Safari\/537.77.4\"","userId":"16"}
{"youtuber":"Hymie's Basement","auth":"Logged In","firstName":"Aleena","gender":"F","itemInSession":12,"lastName":"Kirby","length":175.38567,"level":"paid","location":"Waterloo-Cedar Falls, IA","method":"PUT","page":"NextVideo","registration":1541022995796.0,"sessionId":196,"video":"Ghost Dream","status":200,"ts":1541325331796,"userAgent":"Mozilla\/5.0 (Macintosh; Intel Mac OS X 10.9; rv:31.0) Gecko\/20100101 Firefox\/31.0","userId":"44"}
{"youtuber":"Pavement","auth":"Logged In","firstName":"Aleena","gender":"F","itemInSession":13,"lastName":"Kirby","length":195.73506,"level":"paid","location":"Waterloo-Cedar Falls, IA","method":"PUT","page":"NextVideo","registration":1541022995796.0,"sessionId":196,"video":"Rooftop Gambler","status":200,"ts":1541325506796,"userAgent":"Mozilla\/5.0 (Macintosh; Intel Mac OS X 10.9; rv:31.0) Gecko\/20100101 Firefox\/31.0","userId":"44"}
{"youtuber":"Trey Songz","auth":"Logged In","firstName":"Rylan","gender":"M","itemInSession":3,"lastName":"George","length":205.81832,"level":"free","location":"Birmingham-Hoover, AL","method":"PUT","page":"NextVideo","registration":1541020249796.0,"sessionId":15,"video":"Can't Help But Wait (Album Version)","status":200,"ts":1541325548796,"userAgent":"\"Mozilla\/5.0 (Macintosh; Intel Mac OS X 10_9_4) AppleWebKit\/537.77.4 (KHTML, like Gecko) Version\/7.0.5 Safari\/537.77.4\"","userId":"16"}
{"youtuber":"Shakira","auth":"Logged In","firstName":"Aleena","gender":"F","itemInSession":14,"lastName":"Kirby","length":159.05914,"level":"paid","location":"Waterloo-Cedar Falls, IA","method":"PUT","page":"NextVideo","registration":1541022995796.0,"sessionId":196,"video":"La Pared","status":200,"ts":1541325701796,"userAgent":"Mozilla\/5.0 (Macintosh; Intel Mac OS X 10.9; rv:31.0) Gecko\/20100101 Firefox\/31.0","userId":"44"}
{"youtuber":"Billy J Kramer & The Dakotas","auth":"Logged In","firstName":"Rylan","gender":"M","itemInSession":4,"lastName":"George","length":191.32036,"level":"free","location":"Birmingham-Hoover, AL","method":"PUT","page":"NextVideo","registration":1541020249796.0,"sessionId":15,"video":"Tennessee Waltz (Live)","status":200,"ts":1541325753796,"userAgent":"\"Mozilla\/5.0 (Macintosh; Intel Mac OS X 10_9_4) AppleWebKit\/537.77.4 (KHTML, like Gecko) Version\/7.0.5 Safari\/537.77.4\"","userId":"16"}
{"youtuber":"Arctic Monkeys","auth":"Logged In","firstName":"Aleena","gender":"F","itemInSession":15,"lastName":"Kirby","length":138.10893,"level":"paid","location":"Waterloo-Cedar Falls, IA","method":"PUT","page":"NextVideo","registration":1541022995796.0,"sessionId":196,"video":"D is for Dangerous","status":200,"ts":1541325860796,"userAgent":"Mozilla\/5.0 (Macintosh; Intel Mac OS X 10.9; rv:31.0) Gecko\/20100101 Firefox\/31.0","userId":"44"}
{"youtuber":null,"auth":"Logged In","firstName":"Aleena","gender":"F","itemInSession":16,"lastName":"Kirby","length":null,"level":"paid","location":"Waterloo-Cedar Falls, IA","method":"GET","page":"Settings","registration":1541022995796.0,"sessionId":196,"video":null,"status":200,"ts":1541325893796,"userAgent":"Mozilla\/5.0 (Macintosh; Intel Mac OS X 10.9; rv:31.0) Gecko\/20100101 Firefox\/31.0","userId":"44"}
{"youtuber":null,"auth":"Logged In","firstName":"Aleena","gender":"F","itemInSession":17,"lastName":"Kirby","length":null,"level":"paid","location":"Waterloo-Cedar Falls, IA","method":"GET","page":"Home","registration":1541022995796.0,"sessionId":196,"video":null,"status":200,"ts":1541325928796,"userAgent":"Mozilla\/5.0 (Macintosh; Intel Mac OS X 10.9; rv:31.0) Gecko\/20100101 Firefox\/31.0","userId":"44"}
{"youtuber":"Dashboard Confessional","auth":"Logged In","firstName":"Rylan","gender":"M","itemInSession":5,"lastName":"George","length":224.54812,"level":"free","location":"Birmingham-Hoover, AL","method":"PUT","page":"NextVideo","registration":1541020249796.0,"sessionId":15,"video":"Ghost Of A Good Thing","status":200,"ts":1541325944796,"userAgent":"\"Mozilla\/5.0 (Macintosh; Intel Mac OS X 10_9_4) AppleWebKit\/537.77.4 (KHTML, like Gecko) Version\/7.0.5 Safari\/537.77.4\"","userId":"16"}
{"youtuber":null,"auth":"Logged In","firstName":"Rylan","gender":"M","itemInSession":6,"lastName":"George","length":null,"level":"free","location":"Birmingham-Hoover, AL","method":"GET","page":"Home","registration":1541020249796.0,"sessionId":15,"video":null,"status":200,"ts":1541325951796,"userAgent":"\"Mozilla\/5.0 (Macintosh; Intel Mac OS X 10_9_4) AppleWebKit\/537.77.4 (KHTML, like Gecko) Version\/7.0.5 Safari\/537.77.4\"","userId":"16"}
{"youtuber":"Moby","auth":"Logged In","firstName":"Aleena","gender":"F","itemInSession":18,"lastName":"Kirby","length":196.75383,"level":"paid","location":"Waterloo-Cedar Falls, IA","method":"PUT","page":"NextVideo","registration":1541022995796.0,"sessionId":196,"video":"Lift Me Up","status":200,"ts":1541325998796,"userAgent":"Mozilla\/5.0 (Macintosh; Intel Mac OS X 10.9; rv:31.0) Gecko\/20100101 Firefox\/31.0","userId":"44"}
{"youtuber":"Dan Deacon","auth":"Logged In","firstName":"Aleena","gender":"F","itemInSession":19,"lastName":"Kirby","length":483.89179,"level":"paid","location":"Waterloo-Cedar Falls, IA","method":"PUT","page":"NextVideo","registration":1541022995796.0,"sessionId":196,"video":"Snookered","status":200,"ts":1541326194796,"userAgent":"Mozilla\/5.0 (Macintosh; Intel Mac OS X 10.9; rv:31.0) Gecko\/20100101 Firefox\/31.0","userId":"44"}
{"youtuber":"Puddle Of Mudd","auth":"Logged In","firstName":"Aleena","gender":"F","itemInSession":20,"lastName":"Kirby","length":210.80771,"level":"paid","location":"Waterloo-Cedar Falls, IA","method":"PUT","page":"NextVideo","registration":1541022995796.0,"sessionId":196,"video":"Psycho","status":200,"ts":1541326677796,"userAgent":"Mozilla\/5.0 (Macintosh; Intel Mac OS X 10.9; rv:31.0) Gecko\/20100101 Firefox\/31.0","userId":"44"}
{"youtuber":"Red Hot Chili Peppers","auth":"Logged In","firstName":"Aleena","gender":"F","itemInSession":21,"lastName":"Kirby","length":334.65424,"level":"paid","location":"Waterloo-Cedar Falls, IA","method":"PUT","page":"NextVideo","registration":1541022995796.0,"sessionId":196,"video":"Snow [Hey Oh] (Album Version)","status":200,"ts":1541326887796,"userAgent":"Mozilla\/5.0 (Macintosh; Intel Mac OS X 10.9; rv:31.0) Gecko\/20100101 Firefox\/31.0","userId":"44"}
{"youtuber":"The Barbarians","auth":"Logged In","firstName":"Aleena","gender":"F","itemInSession":22,"lastName":"Kirby","length":149.44608,"level":"paid","location":"Waterloo-Cedar Falls, IA","method":"PUT","page":"NextVideo","registration":1541022995796.0,"sessionId":196,"video":"Memphis_ Tennessee","status":200,"ts":1541327221796,"userAgent":"Mozilla\/5.0 (Macintosh; Intel Mac OS X 10.9; rv:31.0) Gecko\/20100101 Firefox\/31.0","userId":"44"}
{"youtuber":"Julia Fordham","auth":"Logged In","firstName":"Aleena","gender":"F","itemInSession":23,"lastName":"Kirby","length":213.44608,"level":"paid","location":"Waterloo-Cedar Falls, IA","method":"PUT","page":"NextVideo","registration":1541022995796.0,"sessionId":196,"video":"Jump (Live)","status":200,"ts":1541327370796,"userAgent":"Mozilla\/5.0 (Macintosh; Intel Mac OS X 10.9; rv:31.0) Gecko\/20100101 Firefox\/31.0","userId":"44"}
{"youtuber":"Alicia Keys","auth":"Logged In","firstName":"Aleena","gender":"F","itemInSession":24,"lastName":"Kirby","length":455.52281,"level":"paid","location":"Waterloo-Cedar Falls, IA","method":"PUT","page":"NextVideo","registration":1541022995796.0,"sessionId":196,"video":"Streets Of New York (City Life)","status":200,"ts":1541327583796,"userAgent":"Mozilla\/5.0 (Macintosh; Intel Mac OS X 10.9; rv:31.0) Gecko\/20100101 Firefox\/31.0","userId":"44"}
{"youtuber":"Regina Spektor","auth":"Logged In","firstName":"Aleena","gender":"F","itemInSession":25,"lastName":"Kirby","length":247.69261,"level":"paid","location":"Waterloo-Cedar Falls, IA","method":"PUT","page":"NextVideo","registration":1541022995796.0,"sessionId":196,"video":"Another Town","status":200,"ts":1541328038796,"userAgent":"Mozilla\/5.0 (Macintosh; Intel Mac OS X 10.9; rv:31.0) Gecko\/20100101 Firefox\/31.0","userId":"44"}
{"youtuber":"Deborah Harry & Iggy Pop","auth":"Logged In","firstName":"Aleena","gender":"F","itemInSession":26,"lastName":"Kirby","length":207.49016,"level":"paid","location":"Waterloo-Cedar Falls, IA","method":"PUT","page":"NextVideo","registration":1541022995796.0,"sessionId":196,"video":"Well Did You Evah!","status":200,"ts":1541328285796,"userAgent":"Mozilla\/5.0 (Macintosh; Intel Mac OS X 10.9; rv:31.0) Gecko\/20100101 Firefox\/31.0","userId":"44"}
{"youtuber":"Dr. Dre \/ Eminem \/ Alvin Joiner","auth":"Logged In","firstName":"Aleena","gender":"F","itemInSession":27,"lastName":"Kirby","length":244.21832,"level":"paid","location":"Waterloo-Cedar Falls, IA","method":"PUT","page":"NextVideo","registration":1541022995796.0,"sessionId":196,"video":"What's The Difference","status":200,"ts":1541328492796,"userAgent":"Mozilla\/5.0 (Macintosh; Intel Mac OS X 10.9; rv:31.0) Gecko\/20100101 Firefox\/31.0","userId":"44"}
{"youtuber":"Marcel Woods","auth":"Logged In","firstName":"Aleena","gender":"F","itemInSession":28,"lastName":"Kirby","length":424.33261,"level":"paid","location":"Waterloo-Cedar Falls, IA","method":"PUT","page":"NextVideo","registration":1541022995796.0,"sessionId":196,"video":"Advanced (Ton T.B. Mix)","status":200,"ts":1541328736796,"userAgent":"Mozilla\/5.0 (Macintosh; Intel Mac OS X 10.9; rv:31.0) Gecko\/20100101 Firefox\/31.0","userId":"44"}
{"youtuber":"OneRepublic","auth":"Logged In","firstName":"Aleena","gender":"F","itemInSession":29,"lastName":"Kirby","length":208.14322,"level":"paid","location":"Waterloo-Cedar Falls, IA","method":"PUT","page":"NextVideo","registration":1541022995796.0,"sessionId":196,"video":"Apologize","status":200,"ts":1541329160796,"userAgent":"Mozilla\/5.0 (Macintosh; Intel Mac OS X 10.9; rv:31.0) Gecko\/20100101 Firefox\/31.0","userId":"44"}
{"youtuber":"Beastie Boys","auth":"Logged In","firstName":"Aleena","gender":"F","itemInSession":30,"lastName":"Kirby","length":172.22485,"level":"paid","location":"Waterloo-Cedar Falls, IA","method":"PUT","page":"NextVideo","registration":1541022995796.0,"sessionId":196,"video":"The Maestro","status":200,"ts":1541329368796,"userAgent":"Mozilla\/5.0 (Macintosh; Intel Mac OS X 10.9; rv:31.0) Gecko\/20100101 Firefox\/31.0","userId":"44"}
{"youtuber":null,"auth":"Logged Out","firstName":null,"gender":null,"itemInSession":0,"lastName":null,"length":null,"level":"paid","location":null,"method":"GET","page":"Home","registration":null,"sessionId":175,"video":null,"status":200,"ts":1541329386796,"userAgent":null,"userId":""}
{"youtuber":null,"auth":"Logged In","firstName":"Anabelle","gender":"F","itemInSession":0,"lastName":"Simpson","length":null,"level":"free","location":"Philadelphia-Camden-Wilmington, PA-NJ-DE-MD","method":"GET","page":"Home","registration":1541044398796.0,"sessionId":217,"video":null,"status":200,"ts":1541329492796,"userAgent":"\"Mozilla\/5.0 (Macintosh; Intel Mac OS X 10_9_4) AppleWebKit\/537.36 (KHTML, like Gecko) Chrome\/36.0.1985.125 Safari\/537.36\"","userId":"69"}
{"youtuber":"Paramore","auth":"Logged In","firstName":"Aleena","gender":"F","itemInSession":31,"lastName":"Kirby","length":267.65016,"level":"paid","location":"Waterloo-Cedar Falls, IA","method":"PUT","page":"NextVideo","registration":1541022995796.0,"sessionId":196,"video":"The Only Exception (Album Version)","status":200,"ts":1541329540796,"userAgent":"Mozilla\/5.0 (Macintosh; Intel Mac OS X 10.9; rv:31.0) Gecko\/20100101 Firefox\/31.0","userId":"44"}
{"youtuber":"Varios","auth":"Logged In","firstName":"Aleena","gender":"F","itemInSession":32,"lastName":"Kirby","length":204.64281,"level":"paid","location":"Waterloo-Cedar Falls, IA","method":"PUT","page":"NextVideo","registration":1541022995796.0,"sessionId":196,"video":"Hasta siempre","status":200,"ts":1541329807796,"userAgent":"Mozilla\/5.0 (Macintosh; Intel Mac OS X 10.9; rv:31.0) Gecko\/20100101 Firefox\/31.0","userId":"44"}
{"youtuber":"The Black Keys","auth":"Logged In","firstName":"Aleena","gender":"F","itemInSession":33,"lastName":"Kirby","length":191.76444,"level":"paid","location":"Waterloo-Cedar Falls, IA","method":"PUT","page":"NextVideo","registration":1541022995796.0,"sessionId":196,"video":"Howlin\u0019 For You","status":200,"ts":1541330011796,"userAgent":"Mozilla\/5.0 (Macintosh; Intel Mac OS X 10.9; rv:31.0) Gecko\/20100101 Firefox\/31.0","userId":"44"}
{"youtuber":"Muse","auth":"Logged In","firstName":"Aleena","gender":"F","itemInSession":34,"lastName":"Kirby","length":198.79138,"level":"paid","location":"Waterloo-Cedar Falls, IA","method":"PUT","page":"NextVideo","registration":1541022995796.0,"sessionId":196,"video":"Feeling Good","status":200,"ts":1541330202796,"userAgent":"Mozilla\/5.0 (Macintosh; Intel Mac OS X 10.9; rv:31.0) Gecko\/20100101 Firefox\/31.0","userId":"44"}
{"youtuber":"Frankie J","auth":"Logged In","firstName":"Aleena","gender":"F","itemInSession":35,"lastName":"Kirby","length":254.32771,"level":"paid","location":"Waterloo-Cedar Falls, IA","method":"PUT","page":"NextVideo","registration":1541022995796.0,"sessionId":196,"video":"Daddy's Little Girl","status":200,"ts":1541330400796,"userAgent":"Mozilla\/5.0 (Macintosh; Intel Mac OS X 10.9; rv:31.0) Gecko\/20100101 Firefox\/31.0","userId":"44"}
{"youtuber":"Kirk Franklin & The Family","auth":"Logged In","firstName":"Aleena","gender":"F","itemInSession":36,"lastName":"Kirby","length":418.71628,"level":"paid","location":"Waterloo-Cedar Falls, IA","method":"PUT","page":"NextVideo","registration":1541022995796.0,"sessionId":196,"video":"Now Behold The Lamb","status":200,"ts":1541330654796,"userAgent":"Mozilla\/5.0 (Macintosh; Intel Mac OS X 10.9; rv:31.0) Gecko\/20100101 Firefox\/31.0","userId":"44"}
{"youtuber":"Cooly's Hot Box","auth":"Logged In","firstName":"Aleena","gender":"F","itemInSession":37,"lastName":"Kirby","length":371.06893,"level":"paid","location":"Waterloo-Cedar Falls, IA","method":"PUT","page":"NextVideo","registration":1541022995796.0,"sessionId":196,"video":"Make Me Happy","status":200,"ts":1541331072796,"userAgent":"Mozilla\/5.0 (Macintosh; Intel Mac OS X 10.9; rv:31.0) Gecko\/20100101 Firefox\/31.0","userId":"44"}
{"youtuber":"Ron Van Den Beuken","auth":"Logged In","firstName":"Cecilia","gender":"F","itemInSession":0,"lastName":"Owens","length":506.5922,"level":"free","location":"Atlanta-Sandy Springs-Roswell, GA","method":"PUT","page":"NextVideo","registration":1541032432796.0,"sessionId":229,"video":"Timeless","status":200,"ts":1541331102796,"userAgent":"Mozilla\/5.0 (Windows NT 6.1; WOW64; rv:32.0) Gecko\/20100101 Firefox\/32.0","userId":"6"}
{"youtuber":"Sparks","auth":"Logged In","firstName":"Aleena","gender":"F","itemInSession":38,"lastName":"Kirby","length":199.02649,"level":"paid","location":"Waterloo-Cedar Falls, IA","method":"PUT","page":"NextVideo","registration":1541022995796.0,"sessionId":196,"video":"Lost And Found","status":200,"ts":1541331443796,"userAgent":"Mozilla\/5.0 (Macintosh; Intel Mac OS X 10.9; rv:31.0) Gecko\/20100101 Firefox\/31.0","userId":"44"}
{"youtuber":"Regina Spektor","auth":"Logged In","firstName":"Aleena","gender":"F","itemInSession":39,"lastName":"Kirby","length":191.08526,"level":"paid","location":"Waterloo-Cedar Falls, IA","method":"PUT","page":"NextVideo","registration":1541022995796.0,"sessionId":196,"video":"The Calculation (Album Version)","status":200,"ts":1541331642796,"userAgent":"Mozilla\/5.0 (Macintosh; Intel Mac OS X 10.9; rv:31.0) Gecko\/20100101 Firefox\/31.0","userId":"44"}
{"youtuber":"Subhumans","auth":"Logged In","firstName":"Aleena","gender":"F","itemInSession":40,"lastName":"Kirby","length":209.37098,"level":"paid","location":"Waterloo-Cedar Falls, IA","method":"PUT","page":"NextVideo","registration":1541022995796.0,"sessionId":196,"video":"Rain","status":200,"ts":1541331833796,"userAgent":"Mozilla\/5.0 (Macintosh; Intel Mac OS X 10.9; rv:31.0) Gecko\/20100101 Firefox\/31.0","userId":"44"}
{"youtuber":null,"auth":"Logged In","firstName":"Aleena","gender":"F","itemInSession":41,"lastName":"Kirby","length":null,"level":"paid","location":"Waterloo-Cedar Falls, IA","method":"GET","page":"Help","registration":1541022995796.0,"sessionId":196,"video":null,"status":200,"ts":1541331860796,"userAgent":"Mozilla\/5.0 (Macintosh; Intel Mac OS X 10.9; rv:31.0) Gecko\/20100101 Firefox\/31.0","userId":"44"}
{"youtuber":null,"auth":"Logged In","firstName":"Aleena","gender":"F","itemInSession":42,"lastName":"Kirby","length":null,"level":"paid","location":"Waterloo-Cedar Falls, IA","method":"GET","page":"Home","registration":1541022995796.0,"sessionId":196,"video":null,"status":200,"ts":1541331925796,"userAgent":"Mozilla\/5.0 (Macintosh; Intel Mac OS X 10.9; rv:31.0) Gecko\/20100101 Firefox\/31.0","userId":"44"}
{"youtuber":"Sia","auth":"Logged In","firstName":"Aleena","gender":"F","itemInSession":43,"lastName":"Kirby","length":302.602,"level":"paid","location":"Waterloo-Cedar Falls, IA","method":"PUT","page":"NextVideo","registration":1541022995796.0,"sessionId":196,"video":"Beautiful Calm Driving","status":200,"ts":1541332042796,"userAgent":"Mozilla\/5.0 (Macintosh; Intel Mac OS X 10.9; rv:31.0) Gecko\/20100101 Firefox\/31.0","userId":"44"}
{"youtuber":"Shadows Fall","auth":"Logged In","firstName":"Aleena","gender":"F","itemInSession":44,"lastName":"Kirby","length":178.65098,"level":"paid","location":"Waterloo-Cedar Falls, IA","method":"PUT","page":"NextVideo","registration":1541022995796.0,"sessionId":196,"video":"Lead Me Home","status":200,"ts":1541332344796,"userAgent":"Mozilla\/5.0 (Macintosh; Intel Mac OS X 10.9; rv:31.0) Gecko\/20100101 Firefox\/31.0","userId":"44"}
{"youtuber":"Eminem \/ Dr. Dre \/ 50 Cent","auth":"Logged In","firstName":"Aleena","gender":"F","itemInSession":45,"lastName":"Kirby","length":297.56036,"level":"paid","location":"Waterloo-Cedar Falls, IA","method":"PUT","page":"NextVideo","registration":1541022995796.0,"sessionId":196,"video":"Crack A Bottle","status":200,"ts":1541332522796,"userAgent":"Mozilla\/5.0 (Macintosh; Intel Mac OS X 10.9; rv:31.0) Gecko\/20100101 Firefox\/31.0","userId":"44"}
{"youtuber":"Vampire Weekend","auth":"Logged In","firstName":"Aleena","gender":"F","itemInSession":46,"lastName":"Kirby","length":195.7873,"level":"paid","location":"Waterloo-Cedar Falls, IA","method":"PUT","page":"NextVideo","registration":1541022995796.0,"sessionId":196,"video":"Oxford Comma (Album)","status":200,"ts":1541332819796,"userAgent":"Mozilla\/5.0 (Macintosh; Intel Mac OS X 10.9; rv:31.0) Gecko\/20100101 Firefox\/31.0","userId":"44"}
{"youtuber":null,"auth":"Logged In","firstName":"Tegan","gender":"F","itemInSession":0,"lastName":"Levine","length":null,"level":"free","location":"Portland-South Portland, ME","method":"GET","page":"Home","registration":1540794356796.0,"sessionId":200,"video":null,"status":200,"ts":1541337092796,"userAgent":"\"Mozilla\/5.0 (Macintosh; Intel Mac OS X 10_9_4) AppleWebKit\/537.36 (KHTML, like Gecko) Chrome\/36.0.1985.143 Safari\/537.36\"","userId":"80"}
{"youtuber":null,"auth":"Logged In","firstName":"Tegan","gender":"F","itemInSession":1,"lastName":"Levine","length":null,"level":"free","location":"Portland-South Portland, ME","method":"PUT","page":"Logout","registration":1540794356796.0,"sessionId":200,"video":null,"status":307,"ts":1541337093796,"userAgent":"\"Mozilla\/5.0 (Macintosh; Intel Mac OS X 10_9_4) AppleWebKit\/537.36 (KHTML, like Gecko) Chrome\/36.0.1985.143 Safari\/537.36\"","userId":"80"}
{"youtuber":null,"auth":"Logged Out","firstName":null,"gender":null,"itemInSession":2,"lastName":null,"length":null,"level":"free","location":null,"method":"GET","page":"Home","registration":null,"sessionId":200,"video":null,"status":200,"ts":1541337277796,"userAgent":null,"userId":""}
{"youtuber":null,"auth":"Logged In","firstName":"Lily","gender":"F","itemInSession":0,"lastName":"Burns","length":null,"level":"free","location":"New York-Newark-Jersey City, NY-NJ-PA","method":"GET","page":"Home","registration":1540621059796.0,"sessionId":31,"video":null,"status":200,"ts":1541338539796,"userAgent":"\"Mozilla\/5.0 (Windows NT 6.1; WOW64) AppleWebKit\/537.36 (KHTML, like Gecko) Chrome\/36.0.1985.125 Safari\/537.36\"","userId":"32"}
{"youtuber":"Eddie Floyd","auth":"Logged In","firstName":"Lily","gender":"F","itemInSession":1,"lastName":"Burns","length":198.19057,"level":"free","location":"New York-Newark-Jersey City, NY-NJ-PA","method":"PUT","page":"NextVideo","registration":1540621059796.0,"sessionId":31,"video":"Guess Who","status":200,"ts":1541338610796,"userAgent":"\"Mozilla\/5.0 (Windows NT 6.1; WOW64) AppleWebKit\/537.36 (KHTML, like Gecko) Chrome\/36.0.1985.125 Safari\/537.36\"","userId":"32"}
{"youtuber":"The Swell Season","auth":"Logged In","firstName":"Sylvie","gender":"F","itemInSession":0,"lastName":"Cruz","length":319.13751,"level":"free","location":"Washington-Arlington-Alexandria, DC-VA-MD-WV","method":"PUT","page":"NextVideo","registration":1540266185796.0,"sessionId":220,"video":"If You Want Me (Live)","status":200,"ts":1541338826796,"userAgent":"\"Mozilla\/5.0 (Macintosh; Intel Mac OS X 10_9_4) AppleWebKit\/537.77.4 (KHTML, like Gecko) Version\/7.0.5 Safari\/537.77.4\"","userId":"10"}
{"youtuber":"Alex Band","auth":"Logged In","firstName":"Jordan","gender":"F","itemInSession":0,"lastName":"Hicks","length":238.8371,"level":"free","location":"Salinas, CA","method":"PUT","page":"NextVideo","registration":1540008898796.0,"sessionId":145,"video":"Tonight (Single Mix)","status":200,"ts":1541339036796,"userAgent":"\"Mozilla\/5.0 (Macintosh; Intel Mac OS X 10_9_4) AppleWebKit\/537.78.2 (KHTML, like Gecko) Version\/7.0.6 Safari\/537.78.2\"","userId":"37"}
{"youtuber":"Nightwish","auth":"Logged In","firstName":"Sylvie","gender":"F","itemInSession":1,"lastName":"Cruz","length":305.97179,"level":"free","location":"Washington-Arlington-Alexandria, DC-VA-MD-WV","method":"PUT","page":"NextVideo","registration":1540266185796.0,"sessionId":220,"video":"The Islander","status":200,"ts":1541339145796,"userAgent":"\"Mozilla\/5.0 (Macintosh; Intel Mac OS X 10_9_4) AppleWebKit\/537.77.4 (KHTML, like Gecko) Version\/7.0.5 Safari\/537.77.4\"","userId":"10"}
{"youtuber":"Cartola","auth":"Logged In","firstName":"Brantley","gender":"M","itemInSession":0,"lastName":"West","length":172.12036,"level":"free","location":"Portland-Vancouver-Hillsboro, OR-WA","method":"PUT","page":"NextVideo","registration":1541056614796.0,"sessionId":133,"video":"As Rosas N\u00c3\u0083\u00c2\u00a3o Falam","status":200,"ts":1541339696796,"userAgent":"Mozilla\/5.0 (Windows NT 5.1; rv:31.0) Gecko\/20100101 Firefox\/31.0","userId":"28"}
{"youtuber":"Vampire Weekend","auth":"Logged In","firstName":"Brantley","gender":"M","itemInSession":1,"lastName":"West","length":269.16526,"level":"free","location":"Portland-Vancouver-Hillsboro, OR-WA","method":"PUT","page":"NextVideo","registration":1541056614796.0,"sessionId":133,"video":"I Think Ur A Contra","status":200,"ts":1541339868796,"userAgent":"Mozilla\/5.0 (Windows NT 5.1; rv:31.0) Gecko\/20100101 Firefox\/31.0","userId":"28"}
{"youtuber":"Sebadoh","auth":"Logged In","firstName":"Brantley","gender":"M","itemInSession":2,"lastName":"West","length":210.18077,"level":"free","location":"Portland-Vancouver-Hillsboro, OR-WA","method":"PUT","page":"NextVideo","registration":1541056614796.0,"sessionId":133,"video":"Hassle","status":200,"ts":1541340137796,"userAgent":"Mozilla\/5.0 (Windows NT 5.1; rv:31.0) Gecko\/20100101 Firefox\/31.0","userId":"28"}
{"youtuber":"Incubus","auth":"Logged In","firstName":"Brantley","gender":"M","itemInSession":3,"lastName":"West","length":212.74077,"level":"free","location":"Portland-Vancouver-Hillsboro, OR-WA","method":"PUT","page":"NextVideo","registration":1541056614796.0,"sessionId":133,"video":"Wish You Were Here","status":200,"ts":1541340347796,"userAgent":"Mozilla\/5.0 (Windows NT 5.1; rv:31.0) Gecko\/20100101 Firefox\/31.0","userId":"28"}
{"youtuber":"Blue States","auth":"Logged In","firstName":"Brantley","gender":"M","itemInSession":4,"lastName":"West","length":239.3073,"level":"free","location":"Portland-Vancouver-Hillsboro, OR-WA","method":"PUT","page":"NextVideo","registration":1541056614796.0,"sessionId":133,"video":"Allies","status":200,"ts":1541340559796,"userAgent":"Mozilla\/5.0 (Windows NT 5.1; rv:31.0) Gecko\/20100101 Firefox\/31.0","userId":"28"}
{"youtuber":null,"auth":"Logged Out","firstName":null,"gender":null,"itemInSession":0,"lastName":null,"length":null,"level":"free","location":null,"method":"GET","page":"Home","registration":null,"sessionId":238,"video":null,"status":200,"ts":1541341786796,"userAgent":null,"userId":""}
{"youtuber":null,"auth":"Logged Out","firstName":null,"gender":null,"itemInSession":1,"lastName":null,"length":null,"level":"free","location":null,"method":"PUT","page":"Login","registration":null,"sessionId":238,"video":null,"status":307,"ts":1541341787796,"userAgent":null,"userId":""}
{"youtuber":null,"auth":"Logged In","firstName":"Tegan","gender":"F","itemInSession":2,"lastName":"Levine","length":null,"level":"free","location":"Portland-South Portland, ME","method":"GET","page":"Home","registration":1540794356796.0,"sessionId":238,"video":null,"status":200,"ts":1541343019796,"userAgent":"\"Mozilla\/5.0 (Macintosh; Intel Mac OS X 10_9_4) AppleWebKit\/537.36 (KHTML, like Gecko) Chrome\/36.0.1985.143 Safari\/537.36\"","userId":"80"}
{"youtuber":null,"auth":"Logged In","firstName":"Magdalene","gender":"F","itemInSession":0,"lastName":"Herman","length":null,"level":"free","location":"Dallas-Fort Worth-Arlington, TX","method":"GET","page":"Home","registration":1540766630796.0,"sessionId":141,"video":null,"status":200,"ts":1541343757796,"userAgent":"\"Mozilla\/5.0 (Windows NT 6.1; WOW64) AppleWebKit\/537.36 (KHTML, like Gecko) Chrome\/37.0.2062.102 Safari\/537.36\"","userId":"77"}
{"youtuber":"Octopus Project","auth":"Logged In","firstName":"Magdalene","gender":"F","itemInSession":1,"lastName":"Herman","length":498.33751,"level":"free","location":"Dallas-Fort Worth-Arlington, TX","method":"PUT","page":"NextVideo","registration":1540766630796.0,"sessionId":141,"video":"Hypnopaedia","status":200,"ts":1541343771796,"userAgent":"\"Mozilla\/5.0 (Windows NT 6.1; WOW64) AppleWebKit\/537.36 (KHTML, like Gecko) Chrome\/37.0.2062.102 Safari\/537.36\"","userId":"77"}
{"youtuber":"Mike Posner","auth":"Logged In","firstName":"Jahiem","gender":"M","itemInSession":0,"lastName":"Miles","length":214.7522,"level":"free","location":"San Antonio-New Braunfels, TX","method":"PUT","page":"NextVideo","registration":1540817347796.0,"sessionId":228,"video":"Cooler Than Me","status":200,"ts":1541344071796,"userAgent":"\"Mozilla\/5.0 (Windows NT 5.1) AppleWebKit\/537.36 (KHTML, like Gecko) Chrome\/36.0.1985.143 Safari\/537.36\"","userId":"43"}
{"youtuber":"Alliance Ethnik","auth":"Logged In","firstName":"Chloe","gender":"F","itemInSession":0,"lastName":"Roth","length":252.21179,"level":"free","location":"Indianapolis-Carmel-Anderson, IN","method":"PUT","page":"NextVideo","registration":1540699429796.0,"sessionId":176,"video":"Repr\u00c3\u0083\u00c2\u00a9sente","status":200,"ts":1541345129796,"userAgent":"Mozilla\/5.0 (Windows NT 6.1; rv:31.0) Gecko\/20100101 Firefox\/31.0","userId":"78"}
{"youtuber":null,"auth":"Logged In","firstName":"Chloe","gender":"F","itemInSession":1,"lastName":"Roth","length":null,"level":"free","location":"Indianapolis-Carmel-Anderson, IN","method":"GET","page":"Home","registration":1540699429796.0,"sessionId":176,"video":null,"status":200,"ts":1541345129796,"userAgent":"Mozilla\/5.0 (Windows NT 6.1; rv:31.0) Gecko\/20100101 Firefox\/31.0","userId":"78"}
{"youtuber":null,"auth":"Logged In","firstName":"Chloe","gender":"F","itemInSession":2,"lastName":"Roth","length":null,"level":"free","location":"Indianapolis-Carmel-Anderson, IN","method":"GET","page":"Home","registration":1540699429796.0,"sessionId":176,"video":null,"status":200,"ts":1541345142796,"userAgent":"Mozilla\/5.0 (Windows NT 6.1; rv:31.0) Gecko\/20100101 Firefox\/31.0","userId":"78"}
{"youtuber":null,"auth":"Logged In","firstName":"Braden","gender":"M","itemInSession":0,"lastName":"Parker","length":null,"level":"free","location":"Youngstown-Warren-Boardman, OH-PA","method":"GET","page":"Home","registration":1540999292796.0,"sessionId":164,"video":null,"status":200,"ts":1541345211796,"userAgent":"\"Mozilla\/5.0 (Windows NT 6.1; WOW64) AppleWebKit\/537.36 (KHTML, like Gecko) Chrome\/36.0.1985.143 Safari\/537.36\"","userId":"74"}
{"youtuber":"Gang Starr\/Inspectah Deck","auth":"Logged In","firstName":"Chloe","gender":"F","itemInSession":3,"lastName":"Roth","length":225.07057,"level":"free","location":"Indianapolis-Carmel-Anderson, IN","method":"PUT","page":"NextVideo","registration":1540699429796.0,"sessionId":176,"video":"Above The Clouds (Edited)","status":200,"ts":1541345381796,"userAgent":"Mozilla\/5.0 (Windows NT 6.1; rv:31.0) Gecko\/20100101 Firefox\/31.0","userId":"78"}
{"youtuber":"Was (Not Was)","auth":"Logged In","firstName":"Braden","gender":"M","itemInSession":1,"lastName":"Parker","length":239.15057,"level":"free","location":"Youngstown-Warren-Boardman, OH-PA","method":"PUT","page":"NextVideo","registration":1540999292796.0,"sessionId":164,"video":"Shake Your Head","status":200,"ts":1541345543796,"userAgent":"\"Mozilla\/5.0 (Windows NT 6.1; WOW64) AppleWebKit\/537.36 (KHTML, like Gecko) Chrome\/36.0.1985.143 Safari\/537.36\"","userId":"74"}
{"youtuber":"23 Skidoo","auth":"Logged In","firstName":"Chloe","gender":"F","itemInSession":4,"lastName":"Roth","length":370.88608,"level":"free","location":"Indianapolis-Carmel-Anderson, IN","method":"PUT","page":"NextVideo","registration":1540699429796.0,"sessionId":176,"video":"Crossfire","status":200,"ts":1541345606796,"userAgent":"Mozilla\/5.0 (Windows NT 6.1; rv:31.0) Gecko\/20100101 Firefox\/31.0","userId":"78"}
{"youtuber":"Dwight Yoakam","auth":"Logged In","firstName":"Chloe","gender":"F","itemInSession":5,"lastName":"Roth","length":239.3073,"level":"free","location":"Indianapolis-Carmel-Anderson, IN","method":"PUT","page":"NextVideo","registration":1540699429796.0,"sessionId":176,"video":"You're The One","status":200,"ts":1541345976796,"userAgent":"Mozilla\/5.0 (Windows NT 6.1; rv:31.0) Gecko\/20100101 Firefox\/31.0","userId":"78"}
{"youtuber":null,"auth":"Logged In","firstName":"Adler","gender":"M","itemInSession":0,"lastName":"Barrera","length":null,"level":"free","location":"New York-Newark-Jersey City, NY-NJ-PA","method":"GET","page":"Home","registration":1540835983796.0,"sessionId":198,"video":null,"status":200,"ts":1541347731796,"userAgent":"\"Mozilla\/5.0 (Macintosh; Intel Mac OS X 10_9_4) AppleWebKit\/537.78.2 (KHTML, like Gecko) Version\/7.0.6 Safari\/537.78.2\"","userId":"100"}
{"youtuber":"Finger Eleven","auth":"Logged In","firstName":"Adler","gender":"M","itemInSession":1,"lastName":"Barrera","length":259.68281,"level":"free","location":"New York-Newark-Jersey City, NY-NJ-PA","method":"PUT","page":"NextVideo","registration":1540835983796.0,"sessionId":198,"video":"Obvious Heart","status":200,"ts":1541348328796,"userAgent":"\"Mozilla\/5.0 (Macintosh; Intel Mac OS X 10_9_4) AppleWebKit\/537.78.2 (KHTML, like Gecko) Version\/7.0.6 Safari\/537.78.2\"","userId":"100"}
{"youtuber":"Shaggy","auth":"Logged In","firstName":"Adler","gender":"M","itemInSession":2,"lastName":"Barrera","length":212.97587,"level":"free","location":"New York-Newark-Jersey City, NY-NJ-PA","method":"PUT","page":"NextVideo","registration":1540835983796.0,"sessionId":198,"video":"Intoxication","status":200,"ts":1541348587796,"userAgent":"\"Mozilla\/5.0 (Macintosh; Intel Mac OS X 10_9_4) AppleWebKit\/537.78.2 (KHTML, like Gecko) Version\/7.0.6 Safari\/537.78.2\"","userId":"100"}
{"youtuber":"Kid Cudi","auth":"Logged In","firstName":"Anabelle","gender":"F","itemInSession":0,"lastName":"Simpson","length":227.34322,"level":"free","location":"Philadelphia-Camden-Wilmington, PA-NJ-DE-MD","method":"PUT","page":"NextVideo","registration":1541044398796.0,"sessionId":235,"video":"Up Up & Away","status":200,"ts":1541348754796,"userAgent":"\"Mozilla\/5.0 (Macintosh; Intel Mac OS X 10_9_4) AppleWebKit\/537.36 (KHTML, like Gecko) Chrome\/36.0.1985.125 Safari\/537.36\"","userId":"69"}
{"youtuber":"Klaus Doldinger's Passport","auth":"Logged In","firstName":"Adler","gender":"M","itemInSession":3,"lastName":"Barrera","length":460.43383,"level":"free","location":"New York-Newark-Jersey City, NY-NJ-PA","method":"PUT","page":"NextVideo","registration":1540835983796.0,"sessionId":198,"video":"Fairy Tale","status":200,"ts":1541348799796,"userAgent":"\"Mozilla\/5.0 (Macintosh; Intel Mac OS X 10_9_4) AppleWebKit\/537.78.2 (KHTML, like Gecko) Version\/7.0.6 Safari\/537.78.2\"","userId":"100"}
{"youtuber":"Aesop Rock","auth":"Logged In","firstName":"Anabelle","gender":"F","itemInSession":1,"lastName":"Simpson","length":245.65506,"level":"free","location":"Philadelphia-Camden-Wilmington, PA-NJ-DE-MD","method":"PUT","page":"NextVideo","registration":1541044398796.0,"sessionId":235,"video":"None Shall Pass (Main)","status":200,"ts":1541348981796,"userAgent":"\"Mozilla\/5.0 (Macintosh; Intel Mac OS X 10_9_4) AppleWebKit\/537.36 (KHTML, like Gecko) Chrome\/36.0.1985.125 Safari\/537.36\"","userId":"69"}
{"youtuber":null,"auth":"Logged In","firstName":"Martin","gender":"M","itemInSession":0,"lastName":"Johnson","length":null,"level":"free","location":"Minneapolis-St. Paul-Bloomington, MN-WI","method":"GET","page":"Home","registration":1541081807796.0,"sessionId":54,"video":null,"status":200,"ts":1541350228796,"userAgent":"\"Mozilla\/5.0 (Macintosh; Intel Mac OS X 10_9_4) AppleWebKit\/537.78.2 (KHTML, like Gecko) Version\/7.0.6 Safari\/537.78.2\"","userId":"55"}
{"youtuber":"Salt 'n' Pepa with En Vogue","auth":"Logged In","firstName":"Bronson","gender":"M","itemInSession":0,"lastName":"Harris","length":296.202,"level":"free","location":"Eugene, OR","method":"PUT","page":"NextVideo","registration":1540906915796.0,"sessionId":134,"video":"Whatta Man (Salt-N-Pepa Featuring En Vogue) (EP Version)","status":200,"ts":1541351496796,"userAgent":"\"Mozilla\/5.0 (Windows NT 6.1; WOW64) AppleWebKit\/537.36 (KHTML, like Gecko) Chrome\/36.0.1985.125 Safari\/537.36\"","userId":"33"}
{"youtuber":"Tiger Army","auth":"Logged In","firstName":"Bronson","gender":"M","itemInSession":1,"lastName":"Harris","length":129.38404,"level":"free","location":"Eugene, OR","method":"PUT","page":"NextVideo","registration":1540906915796.0,"sessionId":134,"video":"Ghost Tigers Rise (Album Version)","status":200,"ts":1541351792796,"userAgent":"\"Mozilla\/5.0 (Windows NT 6.1; WOW64) AppleWebKit\/537.36 (KHTML, like Gecko) Chrome\/36.0.1985.125 Safari\/537.36\"","userId":"33"}
{"youtuber":"NEEDTOBREATHE","auth":"Logged In","firstName":"Bronson","gender":"M","itemInSession":2,"lastName":"Harris","length":225.82812,"level":"free","location":"Eugene, OR","method":"PUT","page":"NextVideo","registration":1540906915796.0,"sessionId":134,"video":"Don't Wait For Daylight (Album Version)","status":200,"ts":1541351921796,"userAgent":"\"Mozilla\/5.0 (Windows NT 6.1; WOW64) AppleWebKit\/537.36 (KHTML, like Gecko) Chrome\/36.0.1985.125 Safari\/537.36\"","userId":"33"}
{"youtuber":null,"auth":"Logged In","firstName":"Samuel","gender":"M","itemInSession":0,"lastName":"Gonzalez","length":null,"level":"free","location":"Houston-The Woodlands-Sugar Land, TX","method":"GET","page":"Home","registration":1540492941796.0,"sessionId":203,"video":null,"status":200,"ts":1541353043796,"userAgent":"\"Mozilla\/5.0 (Macintosh; Intel Mac OS X 10_9_4) AppleWebKit\/537.77.4 (KHTML, like Gecko) Version\/7.0.5 Safari\/537.77.4\"","userId":"61"}
{"youtuber":null,"auth":"Logged Out","firstName":null,"gender":null,"itemInSession":0,"lastName":null,"length":null,"level":"paid","location":null,"method":"GET","page":"Home","registration":null,"sessionId":234,"video":null,"status":200,"ts":1541354594796,"userAgent":null,"userId":""}
{"youtuber":"Baby Huey & The Baby Sitters","auth":"Logged In","firstName":"Tegan","gender":"F","itemInSession":0,"lastName":"Levine","length":194.7424,"level":"free","location":"Portland-South Portland, ME","method":"PUT","page":"NextVideo","registration":1540794356796.0,"sessionId":243,"video":"Hard Times (LP Version)","status":200,"ts":1541356206796,"userAgent":"\"Mozilla\/5.0 (Macintosh; Intel Mac OS X 10_9_4) AppleWebKit\/537.36 (KHTML, like Gecko) Chrome\/36.0.1985.143 Safari\/537.36\"","userId":"80"}
{"youtuber":"Justin Bieber","auth":"Logged In","firstName":"Tegan","gender":"F","itemInSession":1,"lastName":"Levine","length":220.89098,"level":"free","location":"Portland-South Portland, ME","method":"PUT","page":"NextVideo","registration":1540794356796.0,"sessionId":243,"video":"Somebody To Love","status":200,"ts":1541356400796,"userAgent":"\"Mozilla\/5.0 (Macintosh; Intel Mac OS X 10_9_4) AppleWebKit\/537.36 (KHTML, like Gecko) Chrome\/36.0.1985.143 Safari\/537.36\"","userId":"80"}
{"youtuber":"David Byrne & Fatboy Slim feat. Charmaine Clamor","auth":"Logged In","firstName":"Tegan","gender":"F","itemInSession":2,"lastName":"Levine","length":238.65424,"level":"free","location":"Portland-South Portland, ME","method":"PUT","page":"NextVideo","registration":1540794356796.0,"sessionId":243,"video":"Walk Like A Woman (Album Version)","status":200,"ts":1541356620796,"userAgent":"\"Mozilla\/5.0 (Macintosh; Intel Mac OS X 10_9_4) AppleWebKit\/537.36 (KHTML, like Gecko) Chrome\/36.0.1985.143 Safari\/537.36\"","userId":"80"}
{"youtuber":"Taylor Swift","auth":"Logged In","firstName":"Tegan","gender":"F","itemInSession":3,"lastName":"Levine","length":230.47791,"level":"free","location":"Portland-South Portland, ME","method":"PUT","page":"NextVideo","registration":1540794356796.0,"sessionId":243,"video":"You Belong With Me","status":200,"ts":1541356858796,"userAgent":"\"Mozilla\/5.0 (Macintosh; Intel Mac OS X 10_9_4) AppleWebKit\/537.36 (KHTML, like Gecko) Chrome\/36.0.1985.143 Safari\/537.36\"","userId":"80"}
{"youtuber":"Ottmar Liebert","auth":"Logged In","firstName":"Tegan","gender":"F","itemInSession":4,"lastName":"Levine","length":174.54975,"level":"free","location":"Portland-South Portland, ME","method":"PUT","page":"NextVideo","registration":1540794356796.0,"sessionId":243,"video":"Festival (Of 7 Lights)","status":200,"ts":1541357088796,"userAgent":"\"Mozilla\/5.0 (Macintosh; Intel Mac OS X 10_9_4) AppleWebKit\/537.36 (KHTML, like Gecko) Chrome\/36.0.1985.143 Safari\/537.36\"","userId":"80"}
{"youtuber":"The Roots","auth":"Logged In","firstName":"Jacob","gender":"M","itemInSession":0,"lastName":"Klein","length":285.6224,"level":"paid","location":"Tampa-St. Petersburg-Clearwater, FL","method":"PUT","page":"NextVideo","registration":1540558108796.0,"sessionId":72,"video":"Dynamite!","status":200,"ts":1541358875796,"userAgent":"\"Mozilla\/5.0 (Macintosh; Intel Mac OS X 10_9_4) AppleWebKit\/537.78.2 (KHTML, like Gecko) Version\/7.0.6 Safari\/537.78.2\"","userId":"73"}
{"youtuber":"Foo Fighters","auth":"Logged In","firstName":"Jacob","gender":"M","itemInSession":1,"lastName":"Klein","length":235.28444,"level":"paid","location":"Tampa-St. Petersburg-Clearwater, FL","method":"PUT","page":"NextVideo","registration":1540558108796.0,"sessionId":72,"video":"Learn To Fly","status":200,"ts":1541359160796,"userAgent":"\"Mozilla\/5.0 (Macintosh; Intel Mac OS X 10_9_4) AppleWebKit\/537.78.2 (KHTML, like Gecko) Version\/7.0.6 Safari\/537.78.2\"","userId":"73"}
{"youtuber":"El Hombre Burbuja","auth":"Logged In","firstName":"Jacob","gender":"M","itemInSession":2,"lastName":"Klein","length":161.33179,"level":"paid","location":"Tampa-St. Petersburg-Clearwater, FL","method":"PUT","page":"NextVideo","registration":1540558108796.0,"sessionId":72,"video":"Buzos (En La Luna)","status":200,"ts":1541359395796,"userAgent":"\"Mozilla\/5.0 (Macintosh; Intel Mac OS X 10_9_4) AppleWebKit\/537.78.2 (KHTML, like Gecko) Version\/7.0.6 Safari\/537.78.2\"","userId":"73"}
{"youtuber":"Rock Kills Kid","auth":"Logged In","firstName":"Jacob","gender":"M","itemInSession":3,"lastName":"Klein","length":271.38567,"level":"paid","location":"Tampa-St. Petersburg-Clearwater, FL","method":"PUT","page":"NextVideo","registration":1540558108796.0,"sessionId":72,"video":"Back To Life (Album Version)","status":200,"ts":1541359556796,"userAgent":"\"Mozilla\/5.0 (Macintosh; Intel Mac OS X 10_9_4) AppleWebKit\/537.78.2 (KHTML, like Gecko) Version\/7.0.6 Safari\/537.78.2\"","userId":"73"}
{"youtuber":"Manu Chao","auth":"Logged In","firstName":"Jacob","gender":"M","itemInSession":4,"lastName":"Klein","length":288.15628,"level":"paid","location":"Tampa-St. Petersburg-Clearwater, FL","method":"PUT","page":"NextVideo","registration":1540558108796.0,"sessionId":72,"video":"Me Quedo Contigo [Si Me Das A Elegir]","status":200,"ts":1541359827796,"userAgent":"\"Mozilla\/5.0 (Macintosh; Intel Mac OS X 10_9_4) AppleWebKit\/537.78.2 (KHTML, like Gecko) Version\/7.0.6 Safari\/537.78.2\"","userId":"73"}
{"youtuber":"B.o.B","auth":"Logged In","firstName":"Jacob","gender":"M","itemInSession":5,"lastName":"Klein","length":269.63546,"level":"paid","location":"Tampa-St. Petersburg-Clearwater, FL","method":"PUT","page":"NextVideo","registration":1540558108796.0,"sessionId":72,"video":"Nothin' On You [feat. Bruno Mars] (Album Version)","status":200,"ts":1541360115796,"userAgent":"\"Mozilla\/5.0 (Macintosh; Intel Mac OS X 10_9_4) AppleWebKit\/537.78.2 (KHTML, like Gecko) Version\/7.0.6 Safari\/537.78.2\"","userId":"73"}
{"youtuber":"Baby Boy Da Prince \/ Mannie Fresh","auth":"Logged In","firstName":"Jacob","gender":"M","itemInSession":6,"lastName":"Klein","length":235.2322,"level":"paid","location":"Tampa-St. Petersburg-Clearwater, FL","method":"PUT","page":"NextVideo","registration":1540558108796.0,"sessionId":72,"video":"Naw Meen","status":200,"ts":1541360384796,"userAgent":"\"Mozilla\/5.0 (Macintosh; Intel Mac OS X 10_9_4) AppleWebKit\/537.78.2 (KHTML, like Gecko) Version\/7.0.6 Safari\/537.78.2\"","userId":"73"}
{"youtuber":"Gerry Rafferty","auth":"Logged In","firstName":"Jacob","gender":"M","itemInSession":7,"lastName":"Klein","length":224.39138,"level":"paid","location":"Tampa-St. Petersburg-Clearwater, FL","method":"PUT","page":"NextVideo","registration":1540558108796.0,"sessionId":72,"video":"Don't Close The Door","status":200,"ts":1541360619796,"userAgent":"\"Mozilla\/5.0 (Macintosh; Intel Mac OS X 10_9_4) AppleWebKit\/537.78.2 (KHTML, like Gecko) Version\/7.0.6 Safari\/537.78.2\"","userId":"73"}
{"youtuber":null,"auth":"Logged In","firstName":"Jacob","gender":"M","itemInSession":8,"lastName":"Klein","length":null,"level":"paid","location":"Tampa-St. Petersburg-Clearwater, FL","method":"GET","page":"Error","registration":1540558108796.0,"sessionId":72,"video":null,"status":404,"ts":1541360693796,"userAgent":"\"Mozilla\/5.0 (Macintosh; Intel Mac OS X 10_9_4) AppleWebKit\/537.78.2 (KHTML, like Gecko) Version\/7.0.6 Safari\/537.78.2\"","userId":"73"}
{"youtuber":null,"auth":"Logged In","firstName":"Jacob","gender":"M","itemInSession":9,"lastName":"Klein","length":null,"level":"paid","location":"Tampa-St. Petersburg-Clearwater, FL","method":"GET","page":"Home","registration":1540558108796.0,"sessionId":72,"video":null,"status":200,"ts":1541360696796,"userAgent":"\"Mozilla\/5.0 (Macintosh; Intel Mac OS X 10_9_4) AppleWebKit\/537.78.2 (KHTML, like Gecko) Version\/7.0.6 Safari\/537.78.2\"","userId":"73"}
{"youtuber":"the bird and the bee","auth":"Logged In","firstName":"Jacob","gender":"M","itemInSession":10,"lastName":"Klein","length":165.642,"level":"paid","location":"Tampa-St. Petersburg-Clearwater, FL","method":"PUT","page":"NextVideo","registration":1540558108796.0,"sessionId":72,"video":"Again & Again","status":200,"ts":1541360843796,"userAgent":"\"Mozilla\/5.0 (Macintosh; Intel Mac OS X 10_9_4) AppleWebKit\/537.78.2 (KHTML, like Gecko) Version\/7.0.6 Safari\/537.78.2\"","userId":"73"}
{"youtuber":"Blur","auth":"Logged In","firstName":"Jacob","gender":"M","itemInSession":11,"lastName":"Klein","length":361.58649,"level":"paid","location":"Tampa-St. Petersburg-Clearwater, FL","method":"PUT","page":"NextVideo","registration":1540558108796.0,"sessionId":72,"video":"Sing","status":200,"ts":1541361008796,"userAgent":"\"Mozilla\/5.0 (Macintosh; Intel Mac OS X 10_9_4) AppleWebKit\/537.78.2 (KHTML, like Gecko) Version\/7.0.6 Safari\/537.78.2\"","userId":"73"}
{"youtuber":"Puerto Rican Power","auth":"Logged In","firstName":"Jacob","gender":"M","itemInSession":12,"lastName":"Klein","length":305.44934,"level":"paid","location":"Tampa-St. Petersburg-Clearwater, FL","method":"PUT","page":"NextVideo","registration":1540558108796.0,"sessionId":72,"video":"Juguete De Nadie","status":200,"ts":1541361369796,"userAgent":"\"Mozilla\/5.0 (Macintosh; Intel Mac OS X 10_9_4) AppleWebKit\/537.78.2 (KHTML, like Gecko) Version\/7.0.6 Safari\/537.78.2\"","userId":"73"}
{"youtuber":"Hercules And Love Affair","auth":"Logged In","firstName":"Jacob","gender":"M","itemInSession":13,"lastName":"Klein","length":471.74485,"level":"paid","location":"Tampa-St. Petersburg-Clearwater, FL","method":"PUT","page":"NextVideo","registration":1540558108796.0,"sessionId":72,"video":"Blind (Frankie Knuckles Remix)","status":200,"ts":1541361674796,"userAgent":"\"Mozilla\/5.0 (Macintosh; Intel Mac OS X 10_9_4) AppleWebKit\/537.78.2 (KHTML, like Gecko) Version\/7.0.6 Safari\/537.78.2\"","userId":"73"}
{"youtuber":"Beyonc\u00c3\u0083\u00c2\u00a9","auth":"Logged In","firstName":"Jacob","gender":"M","itemInSession":14,"lastName":"Klein","length":235.67628,"level":"paid","location":"Tampa-St. Petersburg-Clearwater, FL","method":"PUT","page":"NextVideo","registration":1540558108796.0,"sessionId":72,"video":"Kitty Kat","status":200,"ts":1541362145796,"userAgent":"\"Mozilla\/5.0 (Macintosh; Intel Mac OS X 10_9_4) AppleWebKit\/537.78.2 (KHTML, like Gecko) Version\/7.0.6 Safari\/537.78.2\"","userId":"73"}
{"youtuber":"Burt Bacharach","auth":"Logged In","firstName":"Jacob","gender":"M","itemInSession":15,"lastName":"Klein","length":200.54159,"level":"paid","location":"Tampa-St. Petersburg-Clearwater, FL","method":"PUT","page":"NextVideo","registration":1540558108796.0,"sessionId":72,"video":"Pacific Coast Highway","status":200,"ts":1541362380796,"userAgent":"\"Mozilla\/5.0 (Macintosh; Intel Mac OS X 10_9_4) AppleWebKit\/537.78.2 (KHTML, like Gecko) Version\/7.0.6 Safari\/537.78.2\"","userId":"73"}
{"youtuber":"Common","auth":"Logged In","firstName":"Jacob","gender":"M","itemInSession":16,"lastName":"Klein","length":144.16934,"level":"paid","location":"Tampa-St. Petersburg-Clearwater, FL","method":"PUT","page":"NextVideo","registration":1540558108796.0,"sessionId":72,"video":"Be (Intro)","status":200,"ts":1541362580796,"userAgent":"\"Mozilla\/5.0 (Macintosh; Intel Mac OS X 10_9_4) AppleWebKit\/537.78.2 (KHTML, like Gecko) Version\/7.0.6 Safari\/537.78.2\"","userId":"73"}
{"youtuber":"Ra Ra Riot","auth":"Logged In","firstName":"Jacob","gender":"M","itemInSession":17,"lastName":"Klein","length":152.71138,"level":"paid","location":"Tampa-St. Petersburg-Clearwater, FL","method":"PUT","page":"NextVideo","registration":1540558108796.0,"sessionId":72,"video":"Can You Tell","status":200,"ts":1541362724796,"userAgent":"\"Mozilla\/5.0 (Macintosh; Intel Mac OS X 10_9_4) AppleWebKit\/537.78.2 (KHTML, like Gecko) Version\/7.0.6 Safari\/537.78.2\"","userId":"73"}
{"youtuber":"Flyleaf","auth":"Logged In","firstName":"Jacob","gender":"M","itemInSession":18,"lastName":"Klein","length":167.8624,"level":"paid","location":"Tampa-St. Petersburg-Clearwater, FL","method":"PUT","page":"NextVideo","registration":1540558108796.0,"sessionId":72,"video":"There For You","status":200,"ts":1541362876796,"userAgent":"\"Mozilla\/5.0 (Macintosh; Intel Mac OS X 10_9_4) AppleWebKit\/537.78.2 (KHTML, like Gecko) Version\/7.0.6 Safari\/537.78.2\"","userId":"73"}
{"youtuber":"Neil Young","auth":"Logged In","firstName":"Jacob","gender":"M","itemInSession":19,"lastName":"Klein","length":414.69342,"level":"paid","location":"Tampa-St. Petersburg-Clearwater, FL","method":"PUT","page":"NextVideo","registration":1540558108796.0,"sessionId":72,"video":"Danger Bird (Album Version)","status":200,"ts":1541363043796,"userAgent":"\"Mozilla\/5.0 (Macintosh; Intel Mac OS X 10_9_4) AppleWebKit\/537.78.2 (KHTML, like Gecko) Version\/7.0.6 Safari\/537.78.2\"","userId":"73"}
{"youtuber":"A Day To Remember","auth":"Logged In","firstName":"Jacob","gender":"M","itemInSession":20,"lastName":"Klein","length":87.50975,"level":"paid","location":"Tampa-St. Petersburg-Clearwater, FL","method":"PUT","page":"NextVideo","registration":1540558108796.0,"sessionId":72,"video":"You Already Know What You Are","status":200,"ts":1541363457796,"userAgent":"\"Mozilla\/5.0 (Macintosh; Intel Mac OS X 10_9_4) AppleWebKit\/537.78.2 (KHTML, like Gecko) Version\/7.0.6 Safari\/537.78.2\"","userId":"73"}
{"youtuber":"Del Tha Funkee Homosapien","auth":"Logged In","firstName":"Jacob","gender":"M","itemInSession":21,"lastName":"Klein","length":199.07873,"level":"paid","location":"Tampa-St. Petersburg-Clearwater, FL","method":"PUT","page":"NextVideo","registration":1540558108796.0,"sessionId":72,"video":"Sleepin' On My Couch","status":200,"ts":1541363544796,"userAgent":"\"Mozilla\/5.0 (Macintosh; Intel Mac OS X 10_9_4) AppleWebKit\/537.78.2 (KHTML, like Gecko) Version\/7.0.6 Safari\/537.78.2\"","userId":"73"}
{"youtuber":"Leopoldo Federico","auth":"Logged In","firstName":"Jacob","gender":"M","itemInSession":22,"lastName":"Klein","length":205.73995,"level":"paid","location":"Tampa-St. Petersburg-Clearwater, FL","method":"PUT","page":"NextVideo","registration":1540558108796.0,"sessionId":72,"video":"La Cachila","status":200,"ts":1541363743796,"userAgent":"\"Mozilla\/5.0 (Macintosh; Intel Mac OS X 10_9_4) AppleWebKit\/537.78.2 (KHTML, like Gecko) Version\/7.0.6 Safari\/537.78.2\"","userId":"73"}
{"youtuber":"Moose","auth":"Logged In","firstName":"Jacob","gender":"M","itemInSession":23,"lastName":"Klein","length":490.21342,"level":"paid","location":"Tampa-St. Petersburg-Clearwater, FL","method":"PUT","page":"NextVideo","registration":1540558108796.0,"sessionId":72,"video":"Do You Remember","status":200,"ts":1541363948796,"userAgent":"\"Mozilla\/5.0 (Macintosh; Intel Mac OS X 10_9_4) AppleWebKit\/537.78.2 (KHTML, like Gecko) Version\/7.0.6 Safari\/537.78.2\"","userId":"73"}
{"youtuber":"Wyclef Jean","auth":"Logged In","firstName":"Jacob","gender":"M","itemInSession":24,"lastName":"Klein","length":242.07628,"level":"paid","location":"Tampa-St. Petersburg-Clearwater, FL","method":"PUT","page":"NextVideo","registration":1540558108796.0,"sessionId":72,"video":"Knockin' On Heaven's Door","status":200,"ts":1541364438796,"userAgent":"\"Mozilla\/5.0 (Macintosh; Intel Mac OS X 10_9_4) AppleWebKit\/537.78.2 (KHTML, like Gecko) Version\/7.0.6 Safari\/537.78.2\"","userId":"73"}
{"youtuber":"Alvin And The Chipmunks","auth":"Logged In","firstName":"Jacob","gender":"M","itemInSession":25,"lastName":"Klein","length":166.47791,"level":"paid","location":"Tampa-St. Petersburg-Clearwater, FL","method":"PUT","page":"NextVideo","registration":1540558108796.0,"sessionId":72,"video":"Coast 2 Coast","status":200,"ts":1541364680796,"userAgent":"\"Mozilla\/5.0 (Macintosh; Intel Mac OS X 10_9_4) AppleWebKit\/537.78.2 (KHTML, like Gecko) Version\/7.0.6 Safari\/537.78.2\"","userId":"73"}
{"youtuber":"Anthrax","auth":"Logged In","firstName":"Jacob","gender":"M","itemInSession":26,"lastName":"Klein","length":458.23955,"level":"paid","location":"Tampa-St. Petersburg-Clearwater, FL","method":"PUT","page":"NextVideo","registration":1540558108796.0,"sessionId":72,"video":"Who Cares Wins","status":200,"ts":1541364846796,"userAgent":"\"Mozilla\/5.0 (Macintosh; Intel Mac OS X 10_9_4) AppleWebKit\/537.78.2 (KHTML, like Gecko) Version\/7.0.6 Safari\/537.78.2\"","userId":"73"}
{"youtuber":"Beatsteaks","auth":"Logged In","firstName":"Jacob","gender":"M","itemInSession":27,"lastName":"Klein","length":177.8673,"level":"paid","location":"Tampa-St. Petersburg-Clearwater, FL","method":"PUT","page":"NextVideo","registration":1540558108796.0,"sessionId":72,"video":"Jane Became Insane","status":200,"ts":1541365304796,"userAgent":"\"Mozilla\/5.0 (Macintosh; Intel Mac OS X 10_9_4) AppleWebKit\/537.78.2 (KHTML, like Gecko) Version\/7.0.6 Safari\/537.78.2\"","userId":"73"}
{"youtuber":"Nouvelle Vague","auth":"Logged In","firstName":"Anabelle","gender":"F","itemInSession":0,"lastName":"Simpson","length":132.70159,"level":"free","location":"Philadelphia-Camden-Wilmington, PA-NJ-DE-MD","method":"PUT","page":"NextVideo","registration":1541044398796.0,"sessionId":249,"video":"Too Drunk Too F****","status":200,"ts":1541372184796,"userAgent":"\"Mozilla\/5.0 (Macintosh; Intel Mac OS X 10_9_4) AppleWebKit\/537.36 (KHTML, like Gecko) Chrome\/36.0.1985.125 Safari\/537.36\"","userId":"69"}
{"youtuber":"Mastodon","auth":"Logged In","firstName":"Anabelle","gender":"F","itemInSession":1,"lastName":"Simpson","length":218.87955,"level":"free","location":"Philadelphia-Camden-Wilmington, PA-NJ-DE-MD","method":"PUT","page":"NextVideo","registration":1541044398796.0,"sessionId":249,"video":"Divinations (Album Version)","status":200,"ts":1541372316796,"userAgent":"\"Mozilla\/5.0 (Macintosh; Intel Mac OS X 10_9_4) AppleWebKit\/537.36 (KHTML, like Gecko) Chrome\/36.0.1985.125 Safari\/537.36\"","userId":"69"}
{"youtuber":"The Killers","auth":"Logged In","firstName":"Anabelle","gender":"F","itemInSession":2,"lastName":"Simpson","length":245.99465,"level":"free","location":"Philadelphia-Camden-Wilmington, PA-NJ-DE-MD","method":"PUT","page":"NextVideo","registration":1541044398796.0,"sessionId":249,"video":"Sam's Town","status":200,"ts":1541372534796,"userAgent":"\"Mozilla\/5.0 (Macintosh; Intel Mac OS X 10_9_4) AppleWebKit\/537.36 (KHTML, like Gecko) Chrome\/36.0.1985.125 Safari\/537.36\"","userId":"69"}
{"youtuber":null,"auth":"Logged Out","firstName":null,"gender":null,"itemInSession":0,"lastName":null,"length":null,"level":"paid","location":null,"method":"PUT","page":"Login","registration":null,"sessionId":253,"video":null,"status":307,"ts":1541373796796,"userAgent":null,"userId":""}
{"youtuber":null,"auth":"Logged In","firstName":"Emily","gender":"F","itemInSession":1,"lastName":"Benson","length":null,"level":"paid","location":"Augusta-Richmond County, GA-SC","method":"GET","page":"Home","registration":1540907087796.0,"sessionId":253,"video":null,"status":200,"ts":1541373956796,"userAgent":"\"Mozilla\/5.0 (Windows NT 6.3; WOW64) AppleWebKit\/537.36 (KHTML, like Gecko) Chrome\/36.0.1985.125 Safari\/537.36\"","userId":"58"}
{"youtuber":null,"auth":"Logged In","firstName":"Emily","gender":"F","itemInSession":2,"lastName":"Benson","length":null,"level":"paid","location":"Augusta-Richmond County, GA-SC","method":"PUT","page":"Logout","registration":1540907087796.0,"sessionId":253,"video":null,"status":307,"ts":1541373957796,"userAgent":"\"Mozilla\/5.0 (Windows NT 6.3; WOW64) AppleWebKit\/537.36 (KHTML, like Gecko) Chrome\/36.0.1985.125 Safari\/537.36\"","userId":"58"}
{"youtuber":null,"auth":"Logged Out","firstName":null,"gender":null,"itemInSession":3,"lastName":null,"length":null,"level":"paid","location":null,"method":"GET","page":"Home","registration":null,"sessionId":253,"video":null,"status":200,"ts":1541373965796,"userAgent":null,"userId":""}
{"youtuber":"Alanis Morissette","auth":"Logged In","firstName":"Stefany","gender":"F","itemInSession":0,"lastName":"White","length":175.82975,"level":"free","location":"Lubbock, TX","method":"PUT","page":"NextVideo","registration":1540708070796.0,"sessionId":186,"video":"Right Through You (LP Version)","status":200,"ts":1541375113796,"userAgent":"\"Mozilla\/5.0 (Macintosh; Intel Mac OS X 10_9_4) AppleWebKit\/537.36 (KHTML, like Gecko) Chrome\/36.0.1985.143 Safari\/537.36\"","userId":"83"}