{"youtuber":"Kenny G","auth":"Logged In","firstName":"Chloe","gender":"F","itemInSession":53,"lastName":"Cuevas","length":256.57424,"level":"paid","location":"San Francisco-Oakland-Hayward, CA","method":"PUT","page":"NextVideo","registration":1540940782796.0,"sessionId":648,"video":"Everlasting","status":200,"ts":1542412944796,"userAgent":"Mozilla\/5.0 (Windows NT 5.1; rv:31.0) Gecko\/20100101 Firefox\/31.0","userId":"49"}
{"youtuber":"Randy Crawford","auth":"Logged In","firstName":"Chloe","gender":"F","itemInSession":54,"lastName":"Cuevas","length":251.402,"level":"paid","location":"San Francisco-Oakland-Hayward, CA","method":"PUT","page":"NextVideo","registration":1540940782796.0,"sessionId":648,"video":"Rio De Janeiro Blue (Album Version)","status":200,"ts":1542413200796,"userAgent":"Mozilla\/5.0 (Windows NT 5.1; rv:31.0) Gecko\/20100101 Firefox\/31.0","userId":"49"}
{"youtuber":"Placebo","auth":"Logged In","firstName":"Chloe","gender":"F","itemInSession":55,"lastName":"Cuevas","length":224.02567,"level":"paid","location":"San Francisco-Oakland-Hayward, CA","method":"PUT","page":"NextVideo","registration":1540940782796.0,"sessionId":648,"video":"Breathe Underwater","status":200,"ts":1542413451796,"userAgent":"Mozilla\/5.0 (Windows NT 5.1; rv:31.0) Gecko\/20100101 Firefox\/31.0","userId":"49"}
{"youtuber":"Poison The Well","auth":"Logged In","firstName":"Chloe","gender":"F","itemInSession":56,"lastName":"Cuevas","length":184.60689,"level":"paid","location":"San Francisco-Oakland-Hayward, CA","method":"PUT","page":"NextVideo","registration":1540940782796.0,"sessionId":648,"video":"Riverside","status":200,"ts":1542413675796,"userAgent":"Mozilla\/5.0 (Windows NT 5.1; rv:31.0) Gecko\/20100101 Firefox\/31.0","userId":"49"}
{"youtuber":"Justin Bieber","auth":"Logged In","firstName":"Chloe","gender":"F","itemInSession":57,"lastName":"Cuevas","length":196.88444,"level":"paid","location":"San Francisco-Oakland-Hayward, CA","method":"PUT","page":"NextVideo","registration":1540940782796.0,"sessionId":648,"video":"U Smile","status":200,"ts":1542413859796,"userAgent":"Mozilla\/5.0 (Windows NT 5.1; rv:31.0) Gecko\/20100101 Firefox\/31.0","userId":"49"}
{"youtuber":"Type O Negative","auth":"Logged In","firstName":"Chloe","gender":"F","itemInSession":58,"lastName":"Cuevas","length":366.23628,"level":"paid","location":"San Francisco-Oakland-Hayward, CA","method":"PUT","page":"NextVideo","registration":1540940782796.0,"sessionId":648,"video":"Can't Lose You (Album Version)","status":200,"ts":1542414055796,"userAgent":"Mozilla\/5.0 (Windows NT 5.1; rv:31.0) Gecko\/20100101 Firefox\/31.0","userId":"49"}
{"youtuber":"The All-American Rejects","auth":"Logged In","firstName":"Chloe","gender":"F","itemInSession":59,"lastName":"Cuevas","length":260.15302,"level":"paid","location":"San Francisco-Oakland-Hayward, CA","method":"PUT","page":"NextVideo","registration":1540940782796.0,"sessionId":648,"video":"Happy Endings","status":200,"ts":1542414421796,"userAgent":"Mozilla\/5.0 (Windows NT 5.1; rv:31.0) Gecko\/20100101 Firefox\/31.0","userId":"49"}
{"youtuber":"Eminem","auth":"Logged In","firstName":"Mohammad","gender":"M","itemInSession":0,"lastName":"Rodriguez","length":252.73424,"level":"free","location":"Sacramento--Roseville--Arden-Arcade, CA","method":"PUT","page":"NextVideo","registration":1540511766796.0,"sessionId":659,"video":"Still Don't Give A Fuck","status":200,"ts":1542414487796,"userAgent":"\"Mozilla\/5.0 (Macintosh; Intel Mac OS X 10_9_4) AppleWebKit\/537.36 (KHTML, like Gecko) Chrome\/36.0.1985.143 Safari\/537.36\"","userId":"88"}
{"youtuber":"Silversun Pickups","auth":"Logged In","firstName":"Chloe","gender":"F","itemInSession":60,"lastName":"Cuevas","length":353.61914,"level":"paid","location":"San Francisco-Oakland-Hayward, CA","method":"PUT","page":"NextVideo","registration":1540940782796.0,"sessionId":648,"video":"Growing Old Is Getting Old (Album Version)","status":200,"ts":1542414681796,"userAgent":"Mozilla\/5.0 (Windows NT 5.1; rv:31.0) Gecko\/20100101 Firefox\/31.0","userId":"49"}
{"youtuber":"Kid Rock","auth":"Logged In","firstName":"Chloe","gender":"F","itemInSession":61,"lastName":"Cuevas","length":396.72118,"level":"paid","location":"San Francisco-Oakland-Hayward, CA","method":"PUT","page":"NextVideo","registration":1540940782796.0,"sessionId":648,"video":"New Orleans (Album Version)","status":200,"ts":1542415034796,"userAgent":"Mozilla\/5.0 (Windows NT 5.1; rv:31.0) Gecko\/20100101 Firefox\/31.0","userId":"49"}
{"youtuber":"Clifford Brown","auth":"Logged In","firstName":"Chloe","gender":"F","itemInSession":62,"lastName":"Cuevas","length":662.83057,"level":"paid","location":"San Francisco-Oakland-Hayward, CA","method":"PUT","page":"NextVideo","registration":1540940782796.0,"sessionId":648,"video":"Night In Tunisia","status":200,"ts":1542415430796,"userAgent":"Mozilla\/5.0 (Windows NT 5.1; rv:31.0) Gecko\/20100101 Firefox\/31.0","userId":"49"}
{"youtuber":"New Found Glory","auth":"Logged In","firstName":"Chloe","gender":"F","itemInSession":63,"lastName":"Cuevas","length":222.45832,"level":"paid","location":"San Francisco-Oakland-Hayward, CA","method":"PUT","page":"NextVideo","registration":1540940782796.0,"sessionId":648,"video":"My Friends Over You","status":200,"ts":1542416092796,"userAgent":"Mozilla\/5.0 (Windows NT 5.1; rv:31.0) Gecko\/20100101 Firefox\/31.0","userId":"49"}
{"youtuber":"Elton John","auth":"Logged In","firstName":"Chloe","gender":"F","itemInSession":64,"lastName":"Cuevas","length":417.01832,"level":"paid","location":"San Francisco-Oakland-Hayward, CA","method":"PUT","page":"NextVideo","registration":1540940782796.0,"sessionId":648,"video":"Song For Guy","status":200,"ts":1542416314796,"userAgent":"Mozilla\/5.0 (Windows NT 5.1; rv:31.0) Gecko\/20100101 Firefox\/31.0","userId":"49"}
{"youtuber":"Hot Chip","auth":"Logged In","firstName":"Chloe","gender":"F","itemInSession":65,"lastName":"Cuevas","length":198.76526,"level":"paid","location":"San Francisco-Oakland-Hayward, CA","method":"PUT","page":"NextVideo","registration":1540940782796.0,"sessionId":648,"video":"Tchaparian","status":200,"ts":1542416731796,"userAgent":"Mozilla\/5.0 (Windows NT 5.1; rv:31.0) Gecko\/20100101 Firefox\/31.0","userId":"49"}
{"youtuber":"Ratatat","auth":"Logged In","firstName":"Chloe","gender":"F","itemInSession":66,"lastName":"Cuevas","length":226.53342,"level":"paid","location":"San Francisco-Oakland-Hayward, CA","method":"PUT","page":"NextVideo","registration":1540940782796.0,"sessionId":648,"video":"Loud Pipes","status":200,"ts":1542416929796,"userAgent":"Mozilla\/5.0 (Windows NT 5.1; rv:31.0) Gecko\/20100101 Firefox\/31.0","userId":"49"}
{"youtuber":"Tech N9ne","auth":"Logged In","firstName":"Chloe","gender":"F","itemInSession":67,"lastName":"Cuevas","length":345.5473,"level":"paid","location":"San Francisco-Oakland-Hayward, CA","method":"PUT","page":"NextVideo","registration":1540940782796.0,"sessionId":648,"video":"Going Bad","status":200,"ts":1542417155796,"userAgent":"Mozilla\/5.0 (Windows NT 5.1; rv:31.0) Gecko\/20100101 Firefox\/31.0","userId":"49"}
{"youtuber":"Judy Cheeks","auth":"Logged In","firstName":"Chloe","gender":"F","itemInSession":68,"lastName":"Cuevas","length":333.08689,"level":"paid","location":"San Francisco-Oakland-Hayward, CA","method":"PUT","page":"NextVideo","registration":1540940782796.0,"sessionId":648,"video":"So In Love (The Real Deal) (Frankie Foncett Vocal Mix)","status":200,"ts":1542417500796,"userAgent":"Mozilla\/5.0 (Windows NT 5.1; rv:31.0) Gecko\/20100101 Firefox\/31.0","userId":"49"}
{"youtuber":"The Offspring","auth":"Logged In","firstName":"Chloe","gender":"F","itemInSession":69,"lastName":"Cuevas","length":167.65342,"level":"paid","location":"San Francisco-Oakland-Hayward, CA","method":"PUT","page":"NextVideo","registration":1540940782796.0,"sessionId":648,"video":"Cool To Hate (Album version)","status":200,"ts":1542417833796,"userAgent":"Mozilla\/5.0 (Windows NT 5.1; rv:31.0) Gecko\/20100101 Firefox\/31.0","userId":"49"}
{"youtuber":"Arctic Monkeys","auth":"Logged In","firstName":"Chloe","gender":"F","itemInSession":70,"lastName":"Cuevas","length":177.84118,"level":"paid","location":"San Francisco-Oakland-Hayward, CA","method":"PUT","page":"NextVideo","registration":1540940782796.0,"sessionId":648,"video":"Fake Tales Of San Francisco (Explicit)","status":200,"ts":1542418000796,"userAgent":"Mozilla\/5.0 (Windows NT 5.1; rv:31.0) Gecko\/20100101 Firefox\/31.0","userId":"49"}
{"youtuber":"Pinback","auth":"Logged In","firstName":"Chloe","gender":"F","itemInSession":71,"lastName":"Cuevas","length":286.56281,"level":"paid","location":"San Francisco-Oakland-Hayward, CA","method":"PUT","page":"NextVideo","registration":1540940782796.0,"sessionId":648,"video":"Penelope","status":200,"ts":1542418177796,"userAgent":"Mozilla\/5.0 (Windows NT 5.1; rv:31.0) Gecko\/20100101 Firefox\/31.0","userId":"49"}
{"youtuber":"Edwyn Collins","auth":"Logged In","firstName":"Chloe","gender":"F","itemInSession":72,"lastName":"Cuevas","length":235.91138,"level":"paid","location":"San Francisco-Oakland-Hayward, CA","method":"PUT","page":"NextVideo","registration":1540940782796.0,"sessionId":648,"video":"A Girl Like You","status":200,"ts":1542418463796,"userAgent":"Mozilla\/5.0 (Windows NT 5.1; rv:31.0) Gecko\/20100101 Firefox\/31.0","userId":"49"}
{"youtuber":"Air","auth":"Logged In","firstName":"Chloe","gender":"F","itemInSession":73,"lastName":"Cuevas","length":244.50567,"level":"paid","location":"San Francisco-Oakland-Hayward, CA","method":"PUT","page":"NextVideo","registration":1540940782796.0,"sessionId":648,"video":"Venus","status":200,"ts":1542418698796,"userAgent":"Mozilla\/5.0 (Windows NT 5.1; rv:31.0) Gecko\/20100101 Firefox\/31.0","userId":"49"}
{"youtuber":"Los Lobos","auth":"Logged In","firstName":"Chloe","gender":"F","itemInSession":74,"lastName":"Cuevas","length":247.74485,"level":"paid","location":"San Francisco-Oakland-Hayward, CA","method":"PUT","page":"NextVideo","registration":1540940782796.0,"sessionId":648,"video":"Good Morning Aztlan","status":200,"ts":1542418942796,"userAgent":"Mozilla\/5.0 (Windows NT 5.1; rv:31.0) Gecko\/20100101 Firefox\/31.0","userId":"49"}
{"youtuber":"Samael","auth":"Logged In","firstName":"Sylvie","gender":"F","itemInSession":0,"lastName":"Cruz","length":247.09179,"level":"free","location":"Washington-Arlington-Alexandria, DC-VA-MD-WV","method":"PUT","page":"NextVideo","registration":1540266185796.0,"sessionId":677,"video":"God's Snake","status":200,"ts":1542421252796,"userAgent":"\"Mozilla\/5.0 (Macintosh; Intel Mac OS X 10_9_4) AppleWebKit\/537.77.4 (KHTML, like Gecko) Version\/7.0.5 Safari\/537.77.4\"","userId":"10"}
{"youtuber":"Infected Mushroom","auth":"Logged In","firstName":"Kaleb","gender":"M","itemInSession":0,"lastName":"Cook","length":423.6273,"level":"free","location":"Yuba City, CA","method":"PUT","page":"NextVideo","registration":1540679673796.0,"sessionId":616,"video":"Saeed","status":200,"ts":1542429098796,"userAgent":"Mozilla\/5.0 (Windows NT 6.1; WOW64; rv:31.0) Gecko\/20100101 Firefox\/31.0","userId":"54"}
{"youtuber":"Shaft","auth":"Logged In","firstName":"Kaleb","gender":"M","itemInSession":1,"lastName":"Cook","length":207.46404,"level":"free","location":"Yuba City, CA","method":"PUT","page":"NextVideo","registration":1540679673796.0,"sessionId":616,"video":"(Mucho Mambo) Sway","status":200,"ts":1542429521796,"userAgent":"Mozilla\/5.0 (Windows NT 6.1; WOW64; rv:31.0) Gecko\/20100101 Firefox\/31.0","userId":"54"}
{"youtuber":"Coldplay","auth":"Logged In","firstName":"Kaleb","gender":"M","itemInSession":2,"lastName":"Cook","length":307.51302,"level":"free","location":"Yuba City, CA","method":"PUT","page":"NextVideo","registration":1540679673796.0,"sessionId":616,"video":"Clocks","status":200,"ts":1542429728796,"userAgent":"Mozilla\/5.0 (Windows NT 6.1; WOW64; rv:31.0) Gecko\/20100101 Firefox\/31.0","userId":"54"}
{"youtuber":"The Kills","auth":"Logged In","firstName":"Kaleb","gender":"M","itemInSession":3,"lastName":"Cook","length":287.97342,"level":"free","location":"Yuba City, CA","method":"PUT","page":"NextVideo","registration":1540679673796.0,"sessionId":616,"video":"Wait","status":200,"ts":1542430035796,"userAgent":"Mozilla\/5.0 (Windows NT 6.1; WOW64; rv:31.0) Gecko\/20100101 Firefox\/31.0","userId":"54"}
{"youtuber":"Cut Copy","auth":"Logged In","firstName":"Kaleb","gender":"M","itemInSession":4,"lastName":"Cook","length":61.962,"level":"free","location":"Yuba City, CA","method":"PUT","page":"NextVideo","registration":1540679673796.0,"sessionId":616,"video":"We Fight For Diamonds","status":200,"ts":1542430322796,"userAgent":"Mozilla\/5.0 (Windows NT 6.1; WOW64; rv:31.0) Gecko\/20100101 Firefox\/31.0","userId":"54"}
{"youtuber":"Telepath","auth":"Logged In","firstName":"Kaleb","gender":"M","itemInSession":5,"lastName":"Cook","length":304.19546,"level":"free","location":"Yuba City, CA","method":"PUT","page":"NextVideo","registration":1540679673796.0,"sessionId":616,"video":"Globalized","status":200,"ts":1542430383796,"userAgent":"Mozilla\/5.0 (Windows NT 6.1; WOW64; rv:31.0) Gecko\/20100101 Firefox\/31.0","userId":"54"}
{"youtuber":"Daddy Yankee","auth":"Logged In","firstName":"Kaleb","gender":"M","itemInSession":6,"lastName":"Cook","length":214.77832,"level":"free","location":"Yuba City, CA","method":"PUT","page":"NextVideo","registration":1540679673796.0,"sessionId":616,"video":"Somos De Calle","status":200,"ts":1542430687796,"userAgent":"Mozilla\/5.0 (Windows NT 6.1; WOW64; rv:31.0) Gecko\/20100101 Firefox\/31.0","userId":"54"}
{"youtuber":"Ennio Morricone","auth":"Logged In","firstName":"Kaleb","gender":"M","itemInSession":7,"lastName":"Cook","length":215.01342,"level":"free","location":"Yuba City, CA","method":"PUT","page":"NextVideo","registration":1540679673796.0,"sessionId":616,"video":"Chi Mai (El Profesional)","status":200,"ts":1542430901796,"userAgent":"Mozilla\/5.0 (Windows NT 6.1; WOW64; rv:31.0) Gecko\/20100101 Firefox\/31.0","userId":"54"}
{"youtuber":"Moby","auth":"Logged In","firstName":"Bronson","gender":"M","itemInSession":0,"lastName":"Harris","length":240.74404,"level":"free","location":"Eugene, OR","method":"PUT","page":"NextVideo","registration":1540906915796.0,"sessionId":516,"video":"In This World","status":200,"ts":1542430957796,"userAgent":"\"Mozilla\/5.0 (Windows NT 6.1; WOW64) AppleWebKit\/537.36 (KHTML, like Gecko) Chrome\/36.0.1985.125 Safari\/537.36\"","userId":"33"}
{"youtuber":"Plain White T's","auth":"Logged In","firstName":"Kaleb","gender":"M","itemInSession":8,"lastName":"Cook","length":232.202,"level":"free","location":"Yuba City, CA","method":"PUT","page":"NextVideo","registration":1540679673796.0,"sessionId":616,"video":"Hey There Delilah","status":200,"ts":1542431116796,"userAgent":"Mozilla\/5.0 (Windows NT 6.1; WOW64; rv:31.0) Gecko\/20100101 Firefox\/31.0","userId":"54"}
{"youtuber":"The Hush Sound","auth":"Logged In","firstName":"Jordan","gender":"F","itemInSession":0,"lastName":"Hicks","length":192.46975,"level":"free","location":"Salinas, CA","method":"PUT","page":"NextVideo","registration":1540008898796.0,"sessionId":581,"video":"A Dark Congregation (Album Version)","status":200,"ts":1542436308796,"userAgent":"\"Mozilla\/5.0 (Macintosh; Intel Mac OS X 10_9_4) AppleWebKit\/537.78.2 (KHTML, like Gecko) Version\/7.0.6 Safari\/537.78.2\"","userId":"37"}
{"youtuber":"OneRepublic","auth":"Logged In","firstName":"Jordan","gender":"F","itemInSession":1,"lastName":"Hicks","length":212.32281,"level":"free","location":"Salinas, CA","method":"PUT","page":"NextVideo","registration":1540008898796.0,"sessionId":581,"video":"Goodbye_ Apathy","status":200,"ts":1542436500796,"userAgent":"\"Mozilla\/5.0 (Macintosh; Intel Mac OS X 10_9_4) AppleWebKit\/537.78.2 (KHTML, like Gecko) Version\/7.0.6 Safari\/537.78.2\"","userId":"37"}
{"youtuber":null,"auth":"Logged In","firstName":"Jizelle","gender":"F","itemInSession":0,"lastName":"Benjamin","length":null,"level":"free","location":"Plymouth, IN","method":"GET","page":"Home","registration":1539908999796.0,"sessionId":354,"video":null,"status":200,"ts":1542449795796,"userAgent":"\"Mozilla\/5.0 (Windows NT 6.1; WOW64) AppleWebKit\/537.36 (KHTML, like Gecko) Chrome\/36.0.1985.125 Safari\/537.36\"","userId":"2"}
{"youtuber":"Linkin Park","auth":"Logged In","firstName":"Jizelle","gender":"F","itemInSession":1,"lastName":"Benjamin","length":183.97995,"level":"free","location":"Plymouth, IN","method":"PUT","page":"NextVideo","registration":1539908999796.0,"sessionId":354,"video":"Runaway (Album Version)","status":200,"ts":1542450082796,"userAgent":"\"Mozilla\/5.0 (Windows NT 6.1; WOW64) AppleWebKit\/537.36 (KHTML, like Gecko) Chrome\/36.0.1985.125 Safari\/537.36\"","userId":"2"}
{"youtuber":"Inverse","auth":"Logged In","firstName":"Jizelle","gender":"F","itemInSession":2,"lastName":"Benjamin","length":225.69751,"level":"free","location":"Plymouth, IN","method":"PUT","page":"NextVideo","registration":1539908999796.0,"sessionId":354,"video":"Spark My Soul (feat. Substantial)","status":200,"ts":1542450265796,"userAgent":"\"Mozilla\/5.0 (Windows NT 6.1; WOW64) AppleWebKit\/537.36 (KHTML, like Gecko) Chrome\/36.0.1985.125 Safari\/537.36\"","userId":"2"}
{"youtuber":"The Ramones","auth":"Logged In","firstName":"Jizelle","gender":"F","itemInSession":3,"lastName":"Benjamin","length":210.18077,"level":"free","location":"Plymouth, IN","method":"PUT","page":"NextVideo","registration":1539908999796.0,"sessionId":354,"video":"Pet Semetary","status":200,"ts":1542450490796,"userAgent":"\"Mozilla\/5.0 (Windows NT 6.1; WOW64) AppleWebKit\/537.36 (KHTML, like Gecko) Chrome\/36.0.1985.125 Safari\/537.36\"","userId":"2"}
{"youtuber":"iio","auth":"Logged In","firstName":"Ryan","gender":"M","itemInSession":0,"lastName":"Smith","length":270.36689,"level":"free","location":"San Jose-Sunnyvale-Santa Clara, CA","method":"PUT","page":"NextVideo","registration":1541016707796.0,"sessionId":670,"video":"Smooth","status":200,"ts":1542459151796,"userAgent":"\"Mozilla\/5.0 (X11; Linux x86_64) AppleWebKit\/537.36 (KHTML, like Gecko) Ubuntu Chromium\/36.0.1985.125 Chrome\/36.0.1985.125 Safari\/537.36\"","userId":"26"}
{"youtuber":null,"auth":"Logged In","firstName":"Aiden","gender":"M","itemInSession":0,"lastName":"Hess","length":null,"level":"free","location":"La Crosse-Onalaska, WI-MN","method":"GET","page":"Home","registration":1540829025796.0,"sessionId":664,"video":null,"status":200,"ts":1542461639796,"userAgent":"\"Mozilla\/5.0 (Macintosh; Intel Mac OS X 10_9_4) AppleWebKit\/537.36 (KHTML, like Gecko) Chrome\/37.0.2062.94 Safari\/537.36\"","userId":"86"}
{"youtuber":"Britt Nicole","auth":"Logged In","firstName":"Jacob","gender":"M","itemInSession":0,"lastName":"Klein","length":247.48363,"level":"paid","location":"Tampa-St. Petersburg-Clearwater, FL","method":"PUT","page":"NextVideo","registration":1540558108796.0,"sessionId":518,"video":"Say It","status":200,"ts":1542461890796,"userAgent":"\"Mozilla\/5.0 (Macintosh; Intel Mac OS X 10_9_4) AppleWebKit\/537.78.2 (KHTML, like Gecko) Version\/7.0.6 Safari\/537.78.2\"","userId":"73"}
{"youtuber":"K's Choice","auth":"Logged In","firstName":"Jacob","gender":"M","itemInSession":1,"lastName":"Klein","length":206.78485,"level":"paid","location":"Tampa-St. Petersburg-Clearwater, FL","method":"PUT","page":"NextVideo","registration":1540558108796.0,"sessionId":518,"video":"Another Year","status":200,"ts":1542462137796,"userAgent":"\"Mozilla\/5.0 (Macintosh; Intel Mac OS X 10_9_4) AppleWebKit\/537.78.2 (KHTML, like Gecko) Version\/7.0.6 Safari\/537.78.2\"","userId":"73"}
{"youtuber":"Sound 5","auth":"Logged In","firstName":"Jacob","gender":"M","itemInSession":2,"lastName":"Klein","length":451.21261,"level":"paid","location":"Tampa-St. Petersburg-Clearwater, FL","method":"PUT","page":"NextVideo","registration":1540558108796.0,"sessionId":518,"video":"Latin Static","status":200,"ts":1542462343796,"userAgent":"\"Mozilla\/5.0 (Macintosh; Intel Mac OS X 10_9_4) AppleWebKit\/537.78.2 (KHTML, like Gecko) Version\/7.0.6 Safari\/537.78.2\"","userId":"73"}
{"youtuber":"10cc","auth":"Logged In","firstName":"Jacob","gender":"M","itemInSession":3,"lastName":"Klein","length":300.40771,"level":"paid","location":"Tampa-St. Petersburg-Clearwater, FL","method":"PUT","page":"NextVideo","registration":1540558108796.0,"sessionId":518,"video":"Hotel","status":200,"ts":1542462794796,"userAgent":"\"Mozilla\/5.0 (Macintosh; Intel Mac OS X 10_9_4) AppleWebKit\/537.78.2 (KHTML, like Gecko) Version\/7.0.6 Safari\/537.78.2\"","userId":"73"}
{"youtuber":"Underworld","auth":"Logged In","firstName":"Jacob","gender":"M","itemInSession":4,"lastName":"Klein","length":700.81261,"level":"paid","location":"Tampa-St. Petersburg-Clearwater, FL","method":"PUT","page":"NextVideo","registration":1540558108796.0,"sessionId":518,"video":"Born Slippy","status":200,"ts":1542463094796,"userAgent":"\"Mozilla\/5.0 (Macintosh; Intel Mac OS X 10_9_4) AppleWebKit\/537.78.2 (KHTML, like Gecko) Version\/7.0.6 Safari\/537.78.2\"","userId":"73"}
{"youtuber":"Plastilina Mosh","auth":"Logged In","firstName":"Jacob","gender":"M","itemInSession":5,"lastName":"Klein","length":222.95465,"level":"paid","location":"Tampa-St. Petersburg-Clearwater, FL","method":"PUT","page":"NextVideo","registration":1540558108796.0,"sessionId":518,"video":"Ni\u00c3\u0083\u00c2\u00b1o Bomba","status":200,"ts":1542463794796,"userAgent":"\"Mozilla\/5.0 (Macintosh; Intel Mac OS X 10_9_4) AppleWebKit\/537.78.2 (KHTML, like Gecko) Version\/7.0.6 Safari\/537.78.2\"","userId":"73"}
{"youtuber":"Billy Idol","auth":"Logged In","firstName":"Jacob","gender":"M","itemInSession":6,"lastName":"Klein","length":254.01424,"level":"paid","location":"Tampa-St. Petersburg-Clearwater, FL","method":"PUT","page":"NextVideo","registration":1540558108796.0,"sessionId":518,"video":"Yellin' At The Xmas Tree","status":200,"ts":1542464016796,"userAgent":"\"Mozilla\/5.0 (Macintosh; Intel Mac OS X 10_9_4) AppleWebKit\/537.78.2 (KHTML, like Gecko) Version\/7.0.6 Safari\/537.78.2\"","userId":"73"}
{"youtuber":"Coko featuring Kirk Franklin","auth":"Logged In","firstName":"Jacob","gender":"M","itemInSession":7,"lastName":"Klein","length":249.3122,"level":"paid","location":"Tampa-St. Petersburg-Clearwater, FL","method":"PUT","page":"NextVideo","registration":1540558108796.0,"sessionId":518,"video":"I Get Joy","status":200,"ts":1542464270796,"userAgent":"\"Mozilla\/5.0 (Macintosh; Intel Mac OS X 10_9_4) AppleWebKit\/537.78.2 (KHTML, like Gecko) Version\/7.0.6 Safari\/537.78.2\"","userId":"73"}
{"youtuber":"Tech N9ne","auth":"Logged In","firstName":"Jacob","gender":"M","itemInSession":8,"lastName":"Klein","length":301.76608,"level":"paid","location":"Tampa-St. Petersburg-Clearwater, FL","method":"PUT","page":"NextVideo","registration":1540558108796.0,"sessionId":518,"video":"Thugged-Out","status":200,"ts":1542464519796,"userAgent":"\"Mozilla\/5.0 (Macintosh; Intel Mac OS X 10_9_4) AppleWebKit\/537.78.2 (KHTML, like Gecko) Version\/7.0.6 Safari\/537.78.2\"","userId":"73"}
{"youtuber":"Kudai","auth":"Logged In","firstName":"Jacob","gender":"M","itemInSession":9,"lastName":"Klein","length":225.82812,"level":"paid","location":"Tampa-St. Petersburg-Clearwater, FL","method":"PUT","page":"NextVideo","registration":1540558108796.0,"sessionId":518,"video":"Ya Nada Queda","status":200,"ts":1542464820796,"userAgent":"\"Mozilla\/5.0 (Macintosh; Intel Mac OS X 10_9_4) AppleWebKit\/537.78.2 (KHTML, like Gecko) Version\/7.0.6 Safari\/537.78.2\"","userId":"73"}
{"youtuber":"Slightly Stoopid","auth":"Logged In","firstName":"Jacob","gender":"M","itemInSession":10,"lastName":"Klein","length":158.71955,"level":"paid","location":"Tampa-St. Petersburg-Clearwater, FL","method":"PUT","page":"NextVideo","registration":1540558108796.0,"sessionId":518,"video":"Till It Gets Wet","status":200,"ts":1542465045796,"userAgent":"\"Mozilla\/5.0 (Macintosh; Intel Mac OS X 10_9_4) AppleWebKit\/537.78.2 (KHTML, like Gecko) Version\/7.0.6 Safari\/537.78.2\"","userId":"73"}
{"youtuber":"The Killers","auth":"Logged In","firstName":"Jacob","gender":"M","itemInSession":11,"lastName":"Klein","length":254.85016,"level":"paid","location":"Tampa-St. Petersburg-Clearwater, FL","method":"PUT","page":"NextVideo","registration":1540558108796.0,"sessionId":518,"video":"Daddy's Eyes","status":200,"ts":1542465203796,"userAgent":"\"Mozilla\/5.0 (Macintosh; Intel Mac OS X 10_9_4) AppleWebKit\/537.78.2 (KHTML, like Gecko) Version\/7.0.6 Safari\/537.78.2\"","userId":"73"}
{"youtuber":"Final Fantasy","auth":"Logged In","firstName":"Jacob","gender":"M","itemInSession":12,"lastName":"Klein","length":152.97261,"level":"paid","location":"Tampa-St. Petersburg-Clearwater, FL","method":"PUT","page":"NextVideo","registration":1540558108796.0,"sessionId":518,"video":"None Of You Will Ever See A Penny","status":200,"ts":1542465457796,"userAgent":"\"Mozilla\/5.0 (Macintosh; Intel Mac OS X 10_9_4) AppleWebKit\/537.78.2 (KHTML, like Gecko) Version\/7.0.6 Safari\/537.78.2\"","userId":"73"}
{"youtuber":"Snow Patrol","auth":"Logged In","firstName":"Jacob","gender":"M","itemInSession":13,"lastName":"Klein","length":200.93342,"level":"paid","location":"Tampa-St. Petersburg-Clearwater, FL","method":"PUT","page":"NextVideo","registration":1540558108796.0,"sessionId":518,"video":"Crack The Shutters","status":200,"ts":1542465609796,"userAgent":"\"Mozilla\/5.0 (Macintosh; Intel Mac OS X 10_9_4) AppleWebKit\/537.78.2 (KHTML, like Gecko) Version\/7.0.6 Safari\/537.78.2\"","userId":"73"}
{"youtuber":null,"auth":"Logged In","firstName":"Jacob","gender":"M","itemInSession":14,"lastName":"Klein","length":null,"level":"paid","location":"Tampa-St. Petersburg-Clearwater, FL","method":"PUT","page":"Logout","registration":1540558108796.0,"sessionId":518,"video":null,"status":307,"ts":1542465610796,"userAgent":"\"Mozilla\/5.0 (Macintosh; Intel Mac OS X 10_9_4) AppleWebKit\/537.78.2 (KHTML, like Gecko) Version\/7.0.6 Safari\/537.78.2\"","userId":"73"}
{"youtuber":null,"auth":"Logged Out","firstName":null,"gender":null,"itemInSession":15,"lastName":null,"length":null,"level":"paid","location":null,"method":"GET","page":"Home","registration":null,"sessionId":518,"video":null,"status":200,"ts":1542465783796,"userAgent":null,"userId":""}
{"youtuber":null,"auth":"Logged Out","firstName":null,"gender":null,"itemInSession":16,"lastName":null,"length":null,"level":"paid","location":null,"method":"PUT","page":"Login","registration":null,"sessionId":518,"video":null,"status":307,"ts":1542465784796,"userAgent":null,"userId":""}
{"youtuber":null,"auth":"Logged In","firstName":"Jacob","gender":"M","itemInSession":17,"lastName":"Klein","length":null,"level":"paid","location":"Tampa-St. Petersburg-Clearwater, FL","method":"GET","page":"Home","registration":1540558108796.0,"sessionId":518,"video":null,"status":200,"ts":1542465815796,"userAgent":"\"Mozilla\/5.0 (Macintosh; Intel Mac OS X 10_9_4) AppleWebKit\/537.78.2 (KHTML, like Gecko) Version\/7.0.6 Safari\/537.78.2\"","userId":"73"}
{"youtuber":"Jorge Drexler","auth":"Logged In","firstName":"Jacob","gender":"M","itemInSession":18,"lastName":"Klein","length":224.57424,"level":"paid","location":"Tampa-St. Petersburg-Clearwater, FL","method":"PUT","page":"NextVideo","registration":1540558108796.0,"sessionId":518,"video":"Ganas De Ti (Album Version)","status":200,"ts":1542465905796,"userAgent":"\"Mozilla\/5.0 (Macintosh; Intel Mac OS X 10_9_4) AppleWebKit\/537.78.2 (KHTML, like Gecko) Version\/7.0.6 Safari\/537.78.2\"","userId":"73"}
{"youtuber":"Emmy The Great","auth":"Logged In","firstName":"Jacob","gender":"M","itemInSession":19,"lastName":"Klein","length":204.79955,"level":"paid","location":"Tampa-St. Petersburg-Clearwater, FL","method":"PUT","page":"NextVideo","registration":1540558108796.0,"sessionId":518,"video":"Mia","status":200,"ts":1542466129796,"userAgent":"\"Mozilla\/5.0 (Macintosh; Intel Mac OS X 10_9_4) AppleWebKit\/537.78.2 (KHTML, like Gecko) Version\/7.0.6 Safari\/537.78.2\"","userId":"73"}
{"youtuber":"Big Tymers \/ Gotti \/ TQ \/ Mikkey","auth":"Logged In","firstName":"Jacob","gender":"M","itemInSession":20,"lastName":"Klein","length":222.40608,"level":"paid","location":"Tampa-St. Petersburg-Clearwater, FL","method":"PUT","page":"NextVideo","registration":1540558108796.0,"sessionId":518,"video":"Sunny Day","status":200,"ts":1542466333796,"userAgent":"\"Mozilla\/5.0 (Macintosh; Intel Mac OS X 10_9_4) AppleWebKit\/537.78.2 (KHTML, like Gecko) Version\/7.0.6 Safari\/537.78.2\"","userId":"73"}
{"youtuber":"Molotov","auth":"Logged In","firstName":"Jacob","gender":"M","itemInSession":21,"lastName":"Klein","length":210.07628,"level":"paid","location":"Tampa-St. Petersburg-Clearwater, FL","method":"PUT","page":"NextVideo","registration":1540558108796.0,"sessionId":518,"video":"Frijolero","status":200,"ts":1542466555796,"userAgent":"\"Mozilla\/5.0 (Macintosh; Intel Mac OS X 10_9_4) AppleWebKit\/537.78.2 (KHTML, like Gecko) Version\/7.0.6 Safari\/537.78.2\"","userId":"73"}
{"youtuber":"Tub Ring","auth":"Logged In","firstName":"Lily","gender":"F","itemInSession":0,"lastName":"Burns","length":233.69098,"level":"free","location":"New York-Newark-Jersey City, NY-NJ-PA","method":"PUT","page":"NextVideo","registration":1540621059796.0,"sessionId":646,"video":"Invalid","status":200,"ts":1542466611796,"userAgent":"\"Mozilla\/5.0 (Windows NT 6.1; WOW64) AppleWebKit\/537.36 (KHTML, like Gecko) Chrome\/36.0.1985.125 Safari\/537.36\"","userId":"32"}
{"youtuber":"Gin Blossoms","auth":"Logged In","firstName":"Mohammad","gender":"M","itemInSession":0,"lastName":"Rodriguez","length":233.482,"level":"free","location":"Sacramento--Roseville--Arden-Arcade, CA","method":"PUT","page":"NextVideo","registration":1540511766796.0,"sessionId":679,"video":"Day Job","status":200,"ts":1542466761796,"userAgent":"\"Mozilla\/5.0 (Macintosh; Intel Mac OS X 10_9_4) AppleWebKit\/537.36 (KHTML, like Gecko) Chrome\/36.0.1985.143 Safari\/537.36\"","userId":"88"}
{"youtuber":"Che Sudaka","auth":"Logged In","firstName":"Jacob","gender":"M","itemInSession":22,"lastName":"Klein","length":160.49587,"level":"paid","location":"Tampa-St. Petersburg-Clearwater, FL","method":"PUT","page":"NextVideo","registration":1540558108796.0,"sessionId":518,"video":"Bihotza","status":200,"ts":1542466765796,"userAgent":"\"Mozilla\/5.0 (Macintosh; Intel Mac OS X 10_9_4) AppleWebKit\/537.78.2 (KHTML, like Gecko) Version\/7.0.6 Safari\/537.78.2\"","userId":"73"}
{"youtuber":"Audioslave","auth":"Logged In","firstName":"Lily","gender":"F","itemInSession":1,"lastName":"Burns","length":273.65832,"level":"free","location":"New York-Newark-Jersey City, NY-NJ-PA","method":"PUT","page":"NextVideo","registration":1540621059796.0,"sessionId":646,"video":"Yesterday To Tomorrow","status":200,"ts":1542466844796,"userAgent":"\"Mozilla\/5.0 (Windows NT 6.1; WOW64) AppleWebKit\/537.36 (KHTML, like Gecko) Chrome\/36.0.1985.125 Safari\/537.36\"","userId":"32"}
{"youtuber":"Erin Bode","auth":"Logged In","firstName":"Jacob","gender":"M","itemInSession":23,"lastName":"Klein","length":252.05506,"level":"paid","location":"Tampa-St. Petersburg-Clearwater, FL","method":"PUT","page":"NextVideo","registration":1540558108796.0,"sessionId":518,"video":"Here_ There And Everywhere","status":200,"ts":1542466925796,"userAgent":"\"Mozilla\/5.0 (Macintosh; Intel Mac OS X 10_9_4) AppleWebKit\/537.78.2 (KHTML, like Gecko) Version\/7.0.6 Safari\/537.78.2\"","userId":"73"}
{"youtuber":"Calle 13","auth":"Logged In","firstName":"Mohammad","gender":"M","itemInSession":1,"lastName":"Rodriguez","length":239.3073,"level":"free","location":"Sacramento--Roseville--Arden-Arcade, CA","method":"PUT","page":"NextVideo","registration":1540511766796.0,"sessionId":679,"video":"Atr\u00c3\u0083\u00c2\u00a9vete te te","status":200,"ts":1542466994796,"userAgent":"\"Mozilla\/5.0 (Macintosh; Intel Mac OS X 10_9_4) AppleWebKit\/537.36 (KHTML, like Gecko) Chrome\/36.0.1985.143 Safari\/537.36\"","userId":"88"}
{"youtuber":"Selena Gomez & The Scene","auth":"Logged In","firstName":"Lily","gender":"F","itemInSession":2,"lastName":"Burns","length":184.65914,"level":"free","location":"New York-Newark-Jersey City, NY-NJ-PA","method":"PUT","page":"NextVideo","registration":1540621059796.0,"sessionId":646,"video":"Falling Down","status":200,"ts":1542467117796,"userAgent":"\"Mozilla\/5.0 (Windows NT 6.1; WOW64) AppleWebKit\/537.36 (KHTML, like Gecko) Chrome\/36.0.1985.125 Safari\/537.36\"","userId":"32"}
{"youtuber":"Barry Tuckwell\/Academy of St Martin-in-the-Fields\/Sir Neville Marriner","auth":"Logged In","firstName":"Jacob","gender":"M","itemInSession":24,"lastName":"Klein","length":277.15873,"level":"paid","location":"Tampa-St. Petersburg-Clearwater, FL","method":"PUT","page":"NextVideo","registration":1540558108796.0,"sessionId":518,"video":"Horn Concerto No. 4 in E flat K495: II. Romance (Andante cantabile)","status":200,"ts":1542467177796,"userAgent":"\"Mozilla\/5.0 (Macintosh; Intel Mac OS X 10_9_4) AppleWebKit\/537.78.2 (KHTML, like Gecko) Version\/7.0.6 Safari\/537.78.2\"","userId":"73"}
{"youtuber":"Colbie Caillat","auth":"Logged In","firstName":"Jacob","gender":"M","itemInSession":25,"lastName":"Klein","length":233.16853,"level":"paid","location":"Tampa-St. Petersburg-Clearwater, FL","method":"PUT","page":"NextVideo","registration":1540558108796.0,"sessionId":518,"video":"I Never Told You","status":200,"ts":1542467454796,"userAgent":"\"Mozilla\/5.0 (Macintosh; Intel Mac OS X 10_9_4) AppleWebKit\/537.78.2 (KHTML, like Gecko) Version\/7.0.6 Safari\/537.78.2\"","userId":"73"}
{"youtuber":"The Black Crowes","auth":"Logged In","firstName":"Jacob","gender":"M","itemInSession":26,"lastName":"Klein","length":223.65995,"level":"paid","location":"Tampa-St. Petersburg-Clearwater, FL","method":"PUT","page":"NextVideo","registration":1540558108796.0,"sessionId":518,"video":"Mellow Down Easy","status":200,"ts":1542467687796,"userAgent":"\"Mozilla\/5.0 (Macintosh; Intel Mac OS X 10_9_4) AppleWebKit\/537.78.2 (KHTML, like Gecko) Version\/7.0.6 Safari\/537.78.2\"","userId":"73"}
{"youtuber":"Aloe Blacc","auth":"Logged In","firstName":"Jacob","gender":"M","itemInSession":27,"lastName":"Klein","length":244.1922,"level":"paid","location":"Tampa-St. Petersburg-Clearwater, FL","method":"PUT","page":"NextVideo","registration":1540558108796.0,"sessionId":518,"video":"I Need A Dollar","status":200,"ts":1542467910796,"userAgent":"\"Mozilla\/5.0 (Macintosh; Intel Mac OS X 10_9_4) AppleWebKit\/537.78.2 (KHTML, like Gecko) Version\/7.0.6 Safari\/537.78.2\"","userId":"73"}
{"youtuber":"Datarock","auth":"Logged In","firstName":"Jacob","gender":"M","itemInSession":28,"lastName":"Klein","length":169.50812,"level":"paid","location":"Tampa-St. Petersburg-Clearwater, FL","method":"PUT","page":"NextVideo","registration":1540558108796.0,"sessionId":518,"video":"True Stories","status":200,"ts":1542468154796,"userAgent":"\"Mozilla\/5.0 (Macintosh; Intel Mac OS X 10_9_4) AppleWebKit\/537.78.2 (KHTML, like Gecko) Version\/7.0.6 Safari\/537.78.2\"","userId":"73"}
{"youtuber":"Benjy Ferree","auth":"Logged In","firstName":"Jacob","gender":"M","itemInSession":29,"lastName":"Klein","length":169.89995,"level":"paid","location":"Tampa-St. Petersburg-Clearwater, FL","method":"PUT","page":"NextVideo","registration":1540558108796.0,"sessionId":518,"video":"Fear","status":200,"ts":1542468323796,"userAgent":"\"Mozilla\/5.0 (Macintosh; Intel Mac OS X 10_9_4) AppleWebKit\/537.78.2 (KHTML, like Gecko) Version\/7.0.6 Safari\/537.78.2\"","userId":"73"}
{"youtuber":"Lighter Shade of Brown","auth":"Logged In","firstName":"Jacob","gender":"M","itemInSession":30,"lastName":"Klein","length":211.85261,"level":"paid","location":"Tampa-St. Petersburg-Clearwater, FL","method":"PUT","page":"NextVideo","registration":1540558108796.0,"sessionId":518,"video":"Homies","status":200,"ts":1542468492796,"userAgent":"\"Mozilla\/5.0 (Macintosh; Intel Mac OS X 10_9_4) AppleWebKit\/537.78.2 (KHTML, like Gecko) Version\/7.0.6 Safari\/537.78.2\"","userId":"73"}
{"youtuber":"Kinky","auth":"Logged In","firstName":"Jacob","gender":"M","itemInSession":31,"lastName":"Klein","length":190.92853,"level":"paid","location":"Tampa-St. Petersburg-Clearwater, FL","method":"PUT","page":"NextVideo","registration":1540558108796.0,"sessionId":518,"video":"Soun Tha Mi Primer Amor","status":200,"ts":1542468703796,"userAgent":"\"Mozilla\/5.0 (Macintosh; Intel Mac OS X 10_9_4) AppleWebKit\/537.78.2 (KHTML, like Gecko) Version\/7.0.6 Safari\/537.78.2\"","userId":"73"}
{"youtuber":"Pepper","auth":"Logged In","firstName":"Jacob","gender":"M","itemInSession":32,"lastName":"Klein","length":139.98975,"level":"paid","location":"Tampa-St. Petersburg-Clearwater, FL","method":"PUT","page":"NextVideo","registration":1540558108796.0,"sessionId":518,"video":"Blackout","status":200,"ts":1542468893796,"userAgent":"\"Mozilla\/5.0 (Macintosh; Intel Mac OS X 10_9_4) AppleWebKit\/537.78.2 (KHTML, like Gecko) Version\/7.0.6 Safari\/537.78.2\"","userId":"73"}
{"youtuber":"Lionel Richie","auth":"Logged In","firstName":"Jacob","gender":"M","itemInSession":33,"lastName":"Klein","length":249.62567,"level":"paid","location":"Tampa-St. Petersburg-Clearwater, FL","method":"PUT","page":"NextVideo","registration":1540558108796.0,"sessionId":518,"video":"Hello","status":200,"ts":1542469032796,"userAgent":"\"Mozilla\/5.0 (Macintosh; Intel Mac OS X 10_9_4) AppleWebKit\/537.78.2 (KHTML, like Gecko) Version\/7.0.6 Safari\/537.78.2\"","userId":"73"}
{"youtuber":"Fat Freddys Drop","auth":"Logged In","firstName":"Jacob","gender":"M","itemInSession":34,"lastName":"Klein","length":431.28118,"level":"paid","location":"Tampa-St. Petersburg-Clearwater, FL","method":"PUT","page":"NextVideo","registration":1540558108796.0,"sessionId":518,"video":"The Raft","status":200,"ts":1542469281796,"userAgent":"\"Mozilla\/5.0 (Macintosh; Intel Mac OS X 10_9_4) AppleWebKit\/537.78.2 (KHTML, like Gecko) Version\/7.0.6 Safari\/537.78.2\"","userId":"73"}
{"youtuber":"Aqua","auth":"Logged In","firstName":"Jacob","gender":"M","itemInSession":35,"lastName":"Klein","length":201.92608,"level":"paid","location":"Tampa-St. Petersburg-Clearwater, FL","method":"PUT","page":"NextVideo","registration":1540558108796.0,"sessionId":518,"video":"Doctor Jones","status":200,"ts":1542469712796,"userAgent":"\"Mozilla\/5.0 (Macintosh; Intel Mac OS X 10_9_4) AppleWebKit\/537.78.2 (KHTML, like Gecko) Version\/7.0.6 Safari\/537.78.2\"","userId":"73"}
{"youtuber":"Arctic Monkeys","auth":"Logged In","firstName":"Jacob","gender":"M","itemInSession":36,"lastName":"Klein","length":193.43628,"level":"paid","location":"Tampa-St. Petersburg-Clearwater, FL","method":"PUT","page":"NextVideo","registration":1540558108796.0,"sessionId":518,"video":"From The Ritz To The Rubble","status":200,"ts":1542469913796,"userAgent":"\"Mozilla\/5.0 (Macintosh; Intel Mac OS X 10_9_4) AppleWebKit\/537.78.2 (KHTML, like Gecko) Version\/7.0.6 Safari\/537.78.2\"","userId":"73"}
{"youtuber":null,"auth":"Logged Out","firstName":null,"gender":null,"itemInSession":0,"lastName":null,"length":null,"level":"paid","location":null,"method":"GET","page":"Home","registration":null,"sessionId":629,"video":null,"status":200,"ts":1542470025796,"userAgent":null,"userId":""}
{"youtuber":null,"auth":"Logged Out","firstName":null,"gender":null,"itemInSession":1,"lastName":null,"length":null,"level":"paid","location":null,"method":"PUT","page":"Login","registration":null,"sessionId":629,"video":null,"status":307,"ts":1542470026796,"userAgent":null,"userId":""}
{"youtuber":null,"auth":"Logged In","firstName":"Avery","gender":"F","itemInSession":2,"lastName":"Watkins","length":null,"level":"paid","location":"San Jose-Sunnyvale-Santa Clara, CA","method":"GET","page":"Home","registration":1540871783796.0,"sessionId":629,"video":null,"status":200,"ts":1542470039796,"userAgent":"Mozilla\/5.0 (Windows NT 6.1; WOW64; rv:31.0) Gecko\/20100101 Firefox\/31.0","userId":"30"}
{"youtuber":"The Crests","auth":"Logged In","firstName":"Avery","gender":"F","itemInSession":3,"lastName":"Watkins","length":182.88281,"level":"paid","location":"San Jose-Sunnyvale-Santa Clara, CA","method":"PUT","page":"NextVideo","registration":1540871783796.0,"sessionId":629,"video":"16 Candles","status":200,"ts":1542470050796,"userAgent":"Mozilla\/5.0 (Windows NT 6.1; WOW64; rv:31.0) Gecko\/20100101 Firefox\/31.0","userId":"30"}
{"youtuber":"Onra","auth":"Logged In","firstName":"Jacob","gender":"M","itemInSession":37,"lastName":"Klein","length":120.94649,"level":"paid","location":"Tampa-St. Petersburg-Clearwater, FL","method":"PUT","page":"NextVideo","registration":1540558108796.0,"sessionId":518,"video":"TAKE A RIDE","status":200,"ts":1542470106796,"userAgent":"\"Mozilla\/5.0 (Macintosh; Intel Mac OS X 10_9_4) AppleWebKit\/537.78.2 (KHTML, like Gecko) Version\/7.0.6 Safari\/537.78.2\"","userId":"73"}
{"youtuber":"Jets To Brazil","auth":"Logged In","firstName":"Jacob","gender":"M","itemInSession":38,"lastName":"Klein","length":305.73669,"level":"paid","location":"Tampa-St. Petersburg-Clearwater, FL","method":"PUT","page":"NextVideo","registration":1540558108796.0,"sessionId":518,"video":"Cat Heaven","status":200,"ts":1542470226796,"userAgent":"\"Mozilla\/5.0 (Macintosh; Intel Mac OS X 10_9_4) AppleWebKit\/537.78.2 (KHTML, like Gecko) Version\/7.0.6 Safari\/537.78.2\"","userId":"73"}
{"youtuber":"Extreme","auth":"Logged In","firstName":"Avery","gender":"F","itemInSession":4,"lastName":"Watkins","length":238.99383,"level":"paid","location":"San Jose-Sunnyvale-Santa Clara, CA","method":"PUT","page":"NextVideo","registration":1540871783796.0,"sessionId":629,"video":"More Than Words","status":200,"ts":1542470232796,"userAgent":"Mozilla\/5.0 (Windows NT 6.1; WOW64; rv:31.0) Gecko\/20100101 Firefox\/31.0","userId":"30"}
{"youtuber":"John Mayer","auth":"Logged In","firstName":"Avery","gender":"F","itemInSession":5,"lastName":"Watkins","length":269.71383,"level":"paid","location":"San Jose-Sunnyvale-Santa Clara, CA","method":"PUT","page":"NextVideo","registration":1540871783796.0,"sessionId":629,"video":"Heartbreak Warfare","status":200,"ts":1542470470796,"userAgent":"Mozilla\/5.0 (Windows NT 6.1; WOW64; rv:31.0) Gecko\/20100101 Firefox\/31.0","userId":"30"}
{"youtuber":"The Knife","auth":"Logged In","firstName":"Jacob","gender":"M","itemInSession":39,"lastName":"Klein","length":292.54485,"level":"paid","location":"Tampa-St. Petersburg-Clearwater, FL","method":"PUT","page":"NextVideo","registration":1540558108796.0,"sessionId":518,"video":"Silent Shout","status":200,"ts":1542470531796,"userAgent":"\"Mozilla\/5.0 (Macintosh; Intel Mac OS X 10_9_4) AppleWebKit\/537.78.2 (KHTML, like Gecko) Version\/7.0.6 Safari\/537.78.2\"","userId":"73"}
{"youtuber":null,"auth":"Logged In","firstName":"Samuel","gender":"M","itemInSession":0,"lastName":"Gonzalez","length":null,"level":"free","location":"Houston-The Woodlands-Sugar Land, TX","method":"GET","page":"Home","registration":1540492941796.0,"sessionId":654,"video":null,"status":200,"ts":1542470641796,"userAgent":"\"Mozilla\/5.0 (Macintosh; Intel Mac OS X 10_9_4) AppleWebKit\/537.77.4 (KHTML, like Gecko) Version\/7.0.5 Safari\/537.77.4\"","userId":"61"}
{"youtuber":"Nelson Ned","auth":"Logged In","firstName":"Avery","gender":"F","itemInSession":6,"lastName":"Watkins","length":187.24526,"level":"paid","location":"San Jose-Sunnyvale-Santa Clara, CA","method":"PUT","page":"NextVideo","registration":1540871783796.0,"sessionId":629,"video":"Eu Gosto Tanto De Voce","status":200,"ts":1542470739796,"userAgent":"Mozilla\/5.0 (Windows NT 6.1; WOW64; rv:31.0) Gecko\/20100101 Firefox\/31.0","userId":"30"}
{"youtuber":"The Mars Volta","auth":"Logged In","firstName":"Jacob","gender":"M","itemInSession":40,"lastName":"Klein","length":472.39791,"level":"paid","location":"Tampa-St. Petersburg-Clearwater, FL","method":"PUT","page":"NextVideo","registration":1540558108796.0,"sessionId":518,"video":"With Twilight as My Guide","status":200,"ts":1542470823796,"userAgent":"\"Mozilla\/5.0 (Macintosh; Intel Mac OS X 10_9_4) AppleWebKit\/537.78.2 (KHTML, like Gecko) Version\/7.0.6 Safari\/537.78.2\"","userId":"73"}
{"youtuber":"Cyan Velvet Project","auth":"Logged In","firstName":"Avery","gender":"F","itemInSession":7,"lastName":"Watkins","length":205.16526,"level":"paid","location":"San Jose-Sunnyvale-Santa Clara, CA","method":"PUT","page":"NextVideo","registration":1540871783796.0,"sessionId":629,"video":"Dead Skin (edit)","status":200,"ts":1542470926796,"userAgent":"Mozilla\/5.0 (Windows NT 6.1; WOW64; rv:31.0) Gecko\/20100101 Firefox\/31.0","userId":"30"}
{"youtuber":"Tub Ring","auth":"Logged In","firstName":"Avery","gender":"F","itemInSession":8,"lastName":"Watkins","length":233.69098,"level":"paid","location":"San Jose-Sunnyvale-Santa Clara, CA","method":"PUT","page":"NextVideo","registration":1540871783796.0,"sessionId":629,"video":"Invalid","status":200,"ts":1542471131796,"userAgent":"Mozilla\/5.0 (Windows NT 6.1; WOW64; rv:31.0) Gecko\/20100101 Firefox\/31.0","userId":"30"}
{"youtuber":"Thee Silver Mountain Reveries","auth":"Logged In","firstName":"Jacob","gender":"M","itemInSession":41,"lastName":"Klein","length":587.38893,"level":"paid","location":"Tampa-St. Petersburg-Clearwater, FL","method":"PUT","page":"NextVideo","registration":1540558108796.0,"sessionId":518,"video":"Microphones in the Trees","status":200,"ts":1542471295796,"userAgent":"\"Mozilla\/5.0 (Macintosh; Intel Mac OS X 10_9_4) AppleWebKit\/537.78.2 (KHTML, like Gecko) Version\/7.0.6 Safari\/537.78.2\"","userId":"73"}
{"youtuber":"Red Hot Chili Peppers","auth":"Logged In","firstName":"Avery","gender":"F","itemInSession":9,"lastName":"Watkins","length":334.65424,"level":"paid","location":"San Jose-Sunnyvale-Santa Clara, CA","method":"PUT","page":"NextVideo","registration":1540871783796.0,"sessionId":629,"video":"Snow [Hey Oh] (Album Version)","status":200,"ts":1542471364796,"userAgent":"Mozilla\/5.0 (Windows NT 6.1; WOW64; rv:31.0) Gecko\/20100101 Firefox\/31.0","userId":"30"}
{"youtuber":null,"auth":"Logged In","firstName":"Avery","gender":"F","itemInSession":10,"lastName":"Watkins","length":null,"level":"paid","location":"San Jose-Sunnyvale-Santa Clara, CA","method":"GET","page":"About","registration":1540871783796.0,"sessionId":629,"video":null,"status":200,"ts":1542471368796,"userAgent":"Mozilla\/5.0 (Windows NT 6.1; WOW64; rv:31.0) Gecko\/20100101 Firefox\/31.0","userId":"30"}
{"youtuber":null,"auth":"Logged In","firstName":"Avery","gender":"F","itemInSession":11,"lastName":"Watkins","length":null,"level":"paid","location":"San Jose-Sunnyvale-Santa Clara, CA","method":"GET","page":"About","registration":1540871783796.0,"sessionId":629,"video":null,"status":200,"ts":1542471369796,"userAgent":"Mozilla\/5.0 (Windows NT 6.1; WOW64; rv:31.0) Gecko\/20100101 Firefox\/31.0","userId":"30"}
{"youtuber":"Metallica","auth":"Logged In","firstName":"Jacob","gender":"M","itemInSession":42,"lastName":"Klein","length":515.21261,"level":"paid","location":"Tampa-St. Petersburg-Clearwater, FL","method":"PUT","page":"NextVideo","registration":1540558108796.0,"sessionId":518,"video":"Master Of Puppets","status":200,"ts":1542471882796,"userAgent":"\"Mozilla\/5.0 (Macintosh; Intel Mac OS X 10_9_4) AppleWebKit\/537.78.2 (KHTML, like Gecko) Version\/7.0.6 Safari\/537.78.2\"","userId":"73"}
{"youtuber":"Bikini Kill","auth":"Logged In","firstName":"Jacob","gender":"M","itemInSession":43,"lastName":"Klein","length":149.81179,"level":"paid","location":"Tampa-St. Petersburg-Clearwater, FL","method":"PUT","page":"NextVideo","registration":1540558108796.0,"sessionId":518,"video":"Reject All American","status":200,"ts":1542472397796,"userAgent":"\"Mozilla\/5.0 (Macintosh; Intel Mac OS X 10_9_4) AppleWebKit\/537.78.2 (KHTML, like Gecko) Version\/7.0.6 Safari\/537.78.2\"","userId":"73"}
{"youtuber":"The Black Keys","auth":"Logged In","firstName":"Jacob","gender":"M","itemInSession":44,"lastName":"Klein","length":204.59057,"level":"paid","location":"Tampa-St. Petersburg-Clearwater, FL","method":"PUT","page":"NextVideo","registration":1540558108796.0,"sessionId":518,"video":"Every Lasting Light","status":200,"ts":1542472546796,"userAgent":"\"Mozilla\/5.0 (Macintosh; Intel Mac OS X 10_9_4) AppleWebKit\/537.78.2 (KHTML, like Gecko) Version\/7.0.6 Safari\/537.78.2\"","userId":"73"}
{"youtuber":"Jake Hess","auth":"Logged In","firstName":"Jacob","gender":"M","itemInSession":45,"lastName":"Klein","length":199.26159,"level":"paid","location":"Tampa-St. Petersburg-Clearwater, FL","method":"PUT","page":"NextVideo","registration":1540558108796.0,"sessionId":518,"video":"You And Me Jesus","status":200,"ts":1542472750796,"userAgent":"\"Mozilla\/5.0 (Macintosh; Intel Mac OS X 10_9_4) AppleWebKit\/537.78.2 (KHTML, like Gecko) Version\/7.0.6 Safari\/537.78.2\"","userId":"73"}
{"youtuber":"B.o.B","auth":"Logged In","firstName":"Jacob","gender":"M","itemInSession":46,"lastName":"Klein","length":269.63546,"level":"paid","location":"Tampa-St. Petersburg-Clearwater, FL","method":"PUT","page":"NextVideo","registration":1540558108796.0,"sessionId":518,"video":"Nothin' On You [feat. Bruno Mars] (Album Version)","status":200,"ts":1542472949796,"userAgent":"\"Mozilla\/5.0 (Macintosh; Intel Mac OS X 10_9_4) AppleWebKit\/537.78.2 (KHTML, like Gecko) Version\/7.0.6 Safari\/537.78.2\"","userId":"73"}
{"youtuber":"Collective Soul","auth":"Logged In","firstName":"Jacob","gender":"M","itemInSession":47,"lastName":"Klein","length":155.29751,"level":"paid","location":"Tampa-St. Petersburg-Clearwater, FL","method":"PUT","page":"NextVideo","registration":1540558108796.0,"sessionId":518,"video":"Reunion (LP Version)","status":200,"ts":1542473218796,"userAgent":"\"Mozilla\/5.0 (Macintosh; Intel Mac OS X 10_9_4) AppleWebKit\/537.78.2 (KHTML, like Gecko) Version\/7.0.6 Safari\/537.78.2\"","userId":"73"}
{"youtuber":"Three Drives","auth":"Logged In","firstName":"Jacob","gender":"M","itemInSession":48,"lastName":"Klein","length":411.6371,"level":"paid","location":"Tampa-St. Petersburg-Clearwater, FL","method":"PUT","page":"NextVideo","registration":1540558108796.0,"sessionId":518,"video":"Greece 2000","status":200,"ts":1542473373796,"userAgent":"\"Mozilla\/5.0 (Macintosh; Intel Mac OS X 10_9_4) AppleWebKit\/537.78.2 (KHTML, like Gecko) Version\/7.0.6 Safari\/537.78.2\"","userId":"73"}
{"youtuber":"Vanity Fare","auth":"Logged In","firstName":"Jacob","gender":"M","itemInSession":49,"lastName":"Klein","length":152.86812,"level":"paid","location":"Tampa-St. Petersburg-Clearwater, FL","method":"PUT","page":"NextVideo","registration":1540558108796.0,"sessionId":518,"video":"Early In The Morning","status":200,"ts":1542473784796,"userAgent":"\"Mozilla\/5.0 (Macintosh; Intel Mac OS X 10_9_4) AppleWebKit\/537.78.2 (KHTML, like Gecko) Version\/7.0.6 Safari\/537.78.2\"","userId":"73"}
{"youtuber":"Drake \/ Kanye West \/ Lil Wayne \/ Eminem","auth":"Logged In","firstName":"Jacob","gender":"M","itemInSession":50,"lastName":"Klein","length":357.66812,"level":"paid","location":"Tampa-St. Petersburg-Clearwater, FL","method":"PUT","page":"NextVideo","registration":1540558108796.0,"sessionId":518,"video":"Forever","status":200,"ts":1542473936796,"userAgent":"\"Mozilla\/5.0 (Macintosh; Intel Mac OS X 10_9_4) AppleWebKit\/537.78.2 (KHTML, like Gecko) Version\/7.0.6 Safari\/537.78.2\"","userId":"73"}
{"youtuber":null,"auth":"Logged In","firstName":"Stefany","gender":"F","itemInSession":0,"lastName":"White","length":null,"level":"free","location":"Lubbock, TX","method":"GET","page":"Home","registration":1540708070796.0,"sessionId":649,"video":null,"status":200,"ts":1542475846796,"userAgent":"\"Mozilla\/5.0 (Macintosh; Intel Mac OS X 10_9_4) AppleWebKit\/537.36 (KHTML, like Gecko) Chrome\/36.0.1985.143 Safari\/537.36\"","userId":"83"}
{"youtuber":"Aleks Syntek","auth":"Logged In","firstName":"Stefany","gender":"F","itemInSession":1,"lastName":"White","length":300.14649,"level":"free","location":"Lubbock, TX","method":"PUT","page":"NextVideo","registration":1540708070796.0,"sessionId":649,"video":"Tu Necesitas (2008 Digital Remaster)","status":200,"ts":1542475896796,"userAgent":"\"Mozilla\/5.0 (Macintosh; Intel Mac OS X 10_9_4) AppleWebKit\/537.36 (KHTML, like Gecko) Chrome\/36.0.1985.143 Safari\/537.36\"","userId":"83"}
{"youtuber":"The Grapes Of Wrath","auth":"Logged In","firstName":"Stefany","gender":"F","itemInSession":2,"lastName":"White","length":138.05669,"level":"free","location":"Lubbock, TX","method":"PUT","page":"NextVideo","registration":1540708070796.0,"sessionId":649,"video":"All The Things I Wasn't","status":200,"ts":1542476196796,"userAgent":"\"Mozilla\/5.0 (Macintosh; Intel Mac OS X 10_9_4) AppleWebKit\/537.36 (KHTML, like Gecko) Chrome\/36.0.1985.143 Safari\/537.36\"","userId":"83"}
{"youtuber":"Rilo Kiley","auth":"Logged In","firstName":"Stefany","gender":"F","itemInSession":3,"lastName":"White","length":215.64036,"level":"free","location":"Lubbock, TX","method":"PUT","page":"NextVideo","registration":1540708070796.0,"sessionId":649,"video":"Silver Lining (Album Version)","status":200,"ts":1542476334796,"userAgent":"\"Mozilla\/5.0 (Macintosh; Intel Mac OS X 10_9_4) AppleWebKit\/537.36 (KHTML, like Gecko) Chrome\/36.0.1985.143 Safari\/537.36\"","userId":"83"}
{"youtuber":"Lonnie Gordon","auth":"Logged In","firstName":"Stefany","gender":"F","itemInSession":4,"lastName":"White","length":181.21098,"level":"free","location":"Lubbock, TX","method":"PUT","page":"NextVideo","registration":1540708070796.0,"sessionId":649,"video":"Catch You Baby (Steve Pitron & Max Sanna Radio Edit)","status":200,"ts":1542476549796,"userAgent":"\"Mozilla\/5.0 (Macintosh; Intel Mac OS X 10_9_4) AppleWebKit\/537.36 (KHTML, like Gecko) Chrome\/36.0.1985.143 Safari\/537.36\"","userId":"83"}
{"youtuber":"Matt Costa","auth":"Logged In","firstName":"Ava","gender":"F","itemInSession":0,"lastName":"Robinson","length":246.02077,"level":"free","location":"New Haven-Milford, CT","method":"PUT","page":"NextVideo","registration":1540931983796.0,"sessionId":669,"video":"Unfamiliar Faces","status":200,"ts":1542490357796,"userAgent":"\"Mozilla\/5.0 (Windows NT 6.3; WOW64) AppleWebKit\/537.36 (KHTML, like Gecko) Chrome\/36.0.1985.143 Safari\/537.36\"","userId":"50"}
{"youtuber":null,"auth":"Logged In","firstName":"Ava","gender":"F","itemInSession":1,"lastName":"Robinson","length":null,"level":"free","location":"New Haven-Milford, CT","method":"PUT","page":"Logout","registration":1540931983796.0,"sessionId":669,"video":null,"status":307,"ts":1542490358796,"userAgent":"\"Mozilla\/5.0 (Windows NT 6.3; WOW64) AppleWebKit\/537.36 (KHTML, like Gecko) Chrome\/36.0.1985.143 Safari\/537.36\"","userId":"50"}
{"youtuber":null,"auth":"Logged Out","firstName":null,"gender":null,"itemInSession":2,"lastName":null,"length":null,"level":"free","location":null,"method":"GET","page":"Home","registration":null,"sessionId":669,"video":null,"status":200,"ts":1542490463796,"userAgent":null,"userId":""}
{"youtuber":null,"auth":"Logged Out","firstName":null,"gender":null,"itemInSession":3,"lastName":null,"length":null,"level":"free","location":null,"method":"PUT","page":"Login","registration":null,"sessionId":669,"video":null,"status":307,"ts":1542490464796,"userAgent":null,"userId":""}
{"youtuber":null,"auth":"Logged In","firstName":"Ava","gender":"F","itemInSession":4,"lastName":"Robinson","length":null,"level":"free","location":"New Haven-Milford, CT","method":"GET","page":"Home","registration":1540931983796.0,"sessionId":669,"video":null,"status":200,"ts":1542490495796,"userAgent":"\"Mozilla\/5.0 (Windows NT 6.3; WOW64) AppleWebKit\/537.36 (KHTML, like Gecko) Chrome\/36.0.1985.143 Safari\/537.36\"","userId":"50"}
{"youtuber":"Capital Inicial","auth":"Logged In","firstName":"Jaleah","gender":"F","itemInSession":0,"lastName":"Hayes","length":228.67546,"level":"paid","location":"San Antonio-New Braunfels, TX","method":"PUT","page":"NextVideo","registration":1541003367796.0,"sessionId":113,"video":"F\u00c3\u0083\u00c2\u00a1tima","status":200,"ts":1542494696796,"userAgent":"Mozilla\/5.0 (Windows NT 6.1; WOW64; rv:31.0) Gecko\/20100101 Firefox\/31.0","userId":"70"}
{"youtuber":null,"auth":"Logged In","firstName":"Jaleah","gender":"F","itemInSession":1,"lastName":"Hayes","length":null,"level":"paid","location":"San Antonio-New Braunfels, TX","method":"GET","page":"Help","registration":1541003367796.0,"sessionId":113,"video":null,"status":200,"ts":1542494701796,"userAgent":"Mozilla\/5.0 (Windows NT 6.1; WOW64; rv:31.0) Gecko\/20100101 Firefox\/31.0","userId":"70"}
{"youtuber":"A Day To Remember","auth":"Logged In","firstName":"Jaleah","gender":"F","itemInSession":2,"lastName":"Hayes","length":243.22567,"level":"paid","location":"San Antonio-New Braunfels, TX","method":"PUT","page":"NextVideo","registration":1541003367796.0,"sessionId":113,"video":"If It Means A Lot To You","status":200,"ts":1542494924796,"userAgent":"Mozilla\/5.0 (Windows NT 6.1; WOW64; rv:31.0) Gecko\/20100101 Firefox\/31.0","userId":"70"}
{"youtuber":"Jack Johnson","auth":"Logged In","firstName":"Jaleah","gender":"F","itemInSession":3,"lastName":"Hayes","length":236.93016,"level":"paid","location":"San Antonio-New Braunfels, TX","method":"PUT","page":"NextVideo","registration":1541003367796.0,"sessionId":113,"video":"Bubble Toes","status":200,"ts":1542495167796,"userAgent":"Mozilla\/5.0 (Windows NT 6.1; WOW64; rv:31.0) Gecko\/20100101 Firefox\/31.0","userId":"70"}
{"youtuber":"Gorillaz","auth":"Logged In","firstName":"Jaleah","gender":"F","itemInSession":4,"lastName":"Hayes","length":246.17751,"level":"paid","location":"San Antonio-New Braunfels, TX","method":"PUT","page":"NextVideo","registration":1541003367796.0,"sessionId":113,"video":"DARE","status":200,"ts":1542495403796,"userAgent":"Mozilla\/5.0 (Windows NT 6.1; WOW64; rv:31.0) Gecko\/20100101 Firefox\/31.0","userId":"70"}
{"youtuber":"Jason Mraz","auth":"Logged In","firstName":"Jaleah","gender":"F","itemInSession":5,"lastName":"Hayes","length":220.18567,"level":"paid","location":"San Antonio-New Braunfels, TX","method":"PUT","page":"NextVideo","registration":1541003367796.0,"sessionId":113,"video":"You And I Both (LP Version)","status":200,"ts":1542495649796,"userAgent":"Mozilla\/5.0 (Windows NT 6.1; WOW64; rv:31.0) Gecko\/20100101 Firefox\/31.0","userId":"70"}
{"youtuber":"Ligabue","auth":"Logged In","firstName":"Jaleah","gender":"F","itemInSession":6,"lastName":"Hayes","length":246.20363,"level":"paid","location":"San Antonio-New Braunfels, TX","method":"PUT","page":"NextVideo","registration":1541003367796.0,"sessionId":113,"video":"I duri hanno due cuori","status":200,"ts":1542495869796,"userAgent":"Mozilla\/5.0 (Windows NT 6.1; WOW64; rv:31.0) Gecko\/20100101 Firefox\/31.0","userId":"70"}
{"youtuber":"Steve Miller Band","auth":"Logged In","firstName":"Jaleah","gender":"F","itemInSession":7,"lastName":"Hayes","length":306.23302,"level":"paid","location":"San Antonio-New Braunfels, TX","method":"PUT","page":"NextVideo","registration":1541003367796.0,"sessionId":113,"video":"Abracadabra","status":200,"ts":1542496115796,"userAgent":"Mozilla\/5.0 (Windows NT 6.1; WOW64; rv:31.0) Gecko\/20100101 Firefox\/31.0","userId":"70"}
{"youtuber":"38 Special","auth":"Logged In","firstName":"Jaleah","gender":"F","itemInSession":8,"lastName":"Hayes","length":280.76363,"level":"paid","location":"San Antonio-New Braunfels, TX","method":"PUT","page":"NextVideo","registration":1541003367796.0,"sessionId":113,"video":"Caught Up In You","status":200,"ts":1542496421796,"userAgent":"Mozilla\/5.0 (Windows NT 6.1; WOW64; rv:31.0) Gecko\/20100101 Firefox\/31.0","userId":"70"}
{"youtuber":"Wonderwall","auth":"Logged In","firstName":"Jaleah","gender":"F","itemInSession":9,"lastName":"Hayes","length":281.02485,"level":"paid","location":"San Antonio-New Braunfels, TX","method":"PUT","page":"NextVideo","registration":1541003367796.0,"sessionId":113,"video":"Just More (Album Version)","status":200,"ts":1542496701796,"userAgent":"Mozilla\/5.0 (Windows NT 6.1; WOW64; rv:31.0) Gecko\/20100101 Firefox\/31.0","userId":"70"}
{"youtuber":"Pepper","auth":"Logged In","firstName":"Jaleah","gender":"F","itemInSession":10,"lastName":"Hayes","length":166.32118,"level":"paid","location":"San Antonio-New Braunfels, TX","method":"PUT","page":"NextVideo","registration":1541003367796.0,"sessionId":113,"video":"Slave","status":200,"ts":1542496982796,"userAgent":"Mozilla\/5.0 (Windows NT 6.1; WOW64; rv:31.0) Gecko\/20100101 Firefox\/31.0","userId":"70"}
{"youtuber":"Buckcherry","auth":"Logged In","firstName":"Jaleah","gender":"F","itemInSession":11,"lastName":"Hayes","length":208.66567,"level":"paid","location":"San Antonio-New Braunfels, TX","method":"PUT","page":"NextVideo","registration":1541003367796.0,"sessionId":113,"video":"Next 2 You (Album Version)","status":200,"ts":1542497148796,"userAgent":"Mozilla\/5.0 (Windows NT 6.1; WOW64; rv:31.0) Gecko\/20100101 Firefox\/31.0","userId":"70"}
{"youtuber":"Travie McCoy","auth":"Logged In","firstName":"Jaleah","gender":"F","itemInSession":12,"lastName":"Hayes","length":211.12118,"level":"paid","location":"San Antonio-New Braunfels, TX","method":"PUT","page":"NextVideo","registration":1541003367796.0,"sessionId":113,"video":"Billionaire [feat. Bruno Mars]  (Explicit Album Version)","status":200,"ts":1542497356796,"userAgent":"Mozilla\/5.0 (Windows NT 6.1; WOW64; rv:31.0) Gecko\/20100101 Firefox\/31.0","userId":"70"}
{"youtuber":"OneRepublic","auth":"Logged In","firstName":"Jaleah","gender":"F","itemInSession":13,"lastName":"Hayes","length":224.67873,"level":"paid","location":"San Antonio-New Braunfels, TX","method":"PUT","page":"NextVideo","registration":1541003367796.0,"sessionId":113,"video":"Secrets","status":200,"ts":1542497567796,"userAgent":"Mozilla\/5.0 (Windows NT 6.1; WOW64; rv:31.0) Gecko\/20100101 Firefox\/31.0","userId":"70"}
{"youtuber":"Hawk Nelson","auth":"Logged In","firstName":"Chloe","gender":"F","itemInSession":0,"lastName":"Cuevas","length":174.81098,"level":"paid","location":"San Francisco-Oakland-Hayward, CA","method":"PUT","page":"NextVideo","registration":1540940782796.0,"sessionId":680,"video":"California","status":200,"ts":1542497651796,"userAgent":"Mozilla\/5.0 (Windows NT 5.1; rv:31.0) Gecko\/20100101 Firefox\/31.0","userId":"49"}
{"youtuber":"Pearl Jam","auth":"Logged In","firstName":"Jaleah","gender":"F","itemInSession":14,"lastName":"Hayes","length":258.48118,"level":"paid","location":"San Antonio-New Braunfels, TX","method":"PUT","page":"NextVideo","registration":1541003367796.0,"sessionId":113,"video":"Faithful","status":200,"ts":1542497791796,"userAgent":"Mozilla\/5.0 (Windows NT 6.1; WOW64; rv:31.0) Gecko\/20100101 Firefox\/31.0","userId":"70"}
{"youtuber":"JOSEF LOCKE & ORCHESTRA","auth":"Logged In","firstName":"Chloe","gender":"F","itemInSession":1,"lastName":"Cuevas","length":166.26893,"level":"paid","location":"San Francisco-Oakland-Hayward, CA","method":"PUT","page":"NextVideo","registration":1540940782796.0,"sessionId":680,"video":"How Can You Buy Killarney (1992 Digital Remaster)","status":200,"ts":1542497825796,"userAgent":"Mozilla\/5.0 (Windows NT 5.1; rv:31.0) Gecko\/20100101 Firefox\/31.0","userId":"49"}
{"youtuber":"Project 86","auth":"Logged In","firstName":"Chloe","gender":"F","itemInSession":2,"lastName":"Cuevas","length":777.58649,"level":"paid","location":"San Francisco-Oakland-Hayward, CA","method":"PUT","page":"NextVideo","registration":1540940782796.0,"sessionId":680,"video":"Twenty Three (LP Version)","status":200,"ts":1542497991796,"userAgent":"Mozilla\/5.0 (Windows NT 5.1; rv:31.0) Gecko\/20100101 Firefox\/31.0","userId":"49"}
{"youtuber":"Daft Punk","auth":"Logged In","firstName":"Jaleah","gender":"F","itemInSession":15,"lastName":"Hayes","length":536.13669,"level":"paid","location":"San Antonio-New Braunfels, TX","method":"PUT","page":"NextVideo","registration":1541003367796.0,"sessionId":113,"video":"Revolution 909 (Roger Sanchez Remix)","status":200,"ts":1542498049796,"userAgent":"Mozilla\/5.0 (Windows NT 6.1; WOW64; rv:31.0) Gecko\/20100101 Firefox\/31.0","userId":"70"}
{"youtuber":null,"auth":"Logged In","firstName":"Chloe","gender":"F","itemInSession":3,"lastName":"Cuevas","length":null,"level":"paid","location":"San Francisco-Oakland-Hayward, CA","method":"GET","page":"Home","registration":1540940782796.0,"sessionId":680,"video":null,"status":200,"ts":1542498375796,"userAgent":"Mozilla\/5.0 (Windows NT 5.1; rv:31.0) Gecko\/20100101 Firefox\/31.0","userId":"49"}
{"youtuber":"38 Special","auth":"Logged In","firstName":"Jaleah","gender":"F","itemInSession":16,"lastName":"Hayes","length":280.76363,"level":"paid","location":"San Antonio-New Braunfels, TX","method":"PUT","page":"NextVideo","registration":1541003367796.0,"sessionId":113,"video":"Caught Up In You","status":200,"ts":1542498585796,"userAgent":"Mozilla\/5.0 (Windows NT 6.1; WOW64; rv:31.0) Gecko\/20100101 Firefox\/31.0","userId":"70"}
{"youtuber":"Creedence Clearwater Revival","auth":"Logged In","firstName":"Chloe","gender":"F","itemInSession":4,"lastName":"Cuevas","length":186.51383,"level":"paid","location":"San Francisco-Oakland-Hayward, CA","method":"PUT","page":"NextVideo","registration":1540940782796.0,"sessionId":680,"video":"Proud Mary","status":200,"ts":1542498768796,"userAgent":"Mozilla\/5.0 (Windows NT 5.1; rv:31.0) Gecko\/20100101 Firefox\/31.0","userId":"49"}
{"youtuber":"Ill Nino","auth":"Logged In","firstName":"Jaleah","gender":"F","itemInSession":17,"lastName":"Hayes","length":175.22893,"level":"paid","location":"San Antonio-New Braunfels, TX","method":"PUT","page":"NextVideo","registration":1541003367796.0,"sessionId":113,"video":"My Resurrection (Album Version)","status":200,"ts":1542498865796,"userAgent":"Mozilla\/5.0 (Windows NT 6.1; WOW64; rv:31.0) Gecko\/20100101 Firefox\/31.0","userId":"70"}
{"youtuber":"The Police","auth":"Logged In","firstName":"Chloe","gender":"F","itemInSession":5,"lastName":"Cuevas","length":289.85424,"level":"paid","location":"San Francisco-Oakland-Hayward, CA","method":"PUT","page":"NextVideo","registration":1540940782796.0,"sessionId":680,"video":"So Lonely","status":200,"ts":1542498954796,"userAgent":"Mozilla\/5.0 (Windows NT 5.1; rv:31.0) Gecko\/20100101 Firefox\/31.0","userId":"49"}
{"youtuber":"Bitter:Sweet","auth":"Logged In","firstName":"Jaleah","gender":"F","itemInSession":18,"lastName":"Hayes","length":160.78322,"level":"paid","location":"San Antonio-New Braunfels, TX","method":"PUT","page":"NextVideo","registration":1541003367796.0,"sessionId":113,"video":"Take 2 Blue","status":200,"ts":1542499040796,"userAgent":"Mozilla\/5.0 (Windows NT 6.1; WOW64; rv:31.0) Gecko\/20100101 Firefox\/31.0","userId":"70"}