{"youtuber":null,"auth":"Logged In","firstName":"Walter","gender":"M","itemInSession":0,"lastName":"Frye","length":null,"level":"free","location":"San Francisco-Oakland-Hayward, CA","method":"GET","page":"Home","registration":1540919166796.0,"sessionId":38,"video":null,"status":200,"ts":1541105830796,"userAgent":"\"Mozilla\/5.0 (Macintosh; Intel Mac OS X 10_9_4) AppleWebKit\/537.36 (KHTML, like Gecko) Chrome\/36.0.1985.143 Safari\/537.36\"","userId":"39"}
{"youtuber":null,"auth":"Logged In","firstName":"Kaylee","gender":"F","itemInSession":0,"lastName":"Summers","length":null,"level":"free","location":"Phoenix-Mesa-Scottsdale, AZ","method":"GET","page":"Home","registration":1540344794796.0,"sessionId":139,"video":null,"status":200,"ts":1541106106796,"userAgent":"\"Mozilla\/5.0 (Windows NT 6.1; WOW64) AppleWebKit\/537.36 (KHTML, like Gecko) Chrome\/35.0.1916.153 Safari\/537.36\"","userId":"8"}
{"youtuber":"Des'ree","auth":"Logged In","firstName":"Kaylee","gender":"F","itemInSession":1,"lastName":"Summers","length":246.30812,"level":"free","location":"Phoenix-Mesa-Scottsdale, AZ","method":"PUT","page":"NextVideo","registration":1540344794796.0,"sessionId":139,"video":"You Gotta Be","status":200,"ts":1541106106796,"userAgent":"\"Mozilla\/5.0 (Windows NT 6.1; WOW64) AppleWebKit\/537.36 (KHTML, like Gecko) Chrome\/35.0.1916.153 Safari\/537.36\"","userId":"8"}
{"youtuber":null,"auth":"Logged In","firstName":"Kaylee","gender":"F","itemInSession":2,"lastName":"Summers","length":null,"level":"free","location":"Phoenix-Mesa-Scottsdale, AZ","method":"GET","page":"Upgrade","registration":1540344794796.0,"sessionId":139,"video":null,"status":200,"ts":1541106132796,"userAgent":"\"Mozilla\/5.0 (Windows NT 6.1; WOW64) AppleWebKit\/537.36 (KHTML, like Gecko) Chrome\/35.0.1916.153 Safari\/537.36\"","userId":"8"}
{"youtuber":"Mr Oizo","auth":"Logged In","firstName":"Kaylee","gender":"F","itemInSession":3,"lastName":"Summers","length":144.03873,"level":"free","location":"Phoenix-Mesa-Scottsdale, AZ","method":"PUT","page":"NextVideo","registration":1540344794796.0,"sessionId":139,"video":"Flat 55","status":200,"ts":1541106352796,"userAgent":"\"Mozilla\/5.0 (Windows NT 6.1; WOW64) AppleWebKit\/537.36 (KHTML, like Gecko) Chrome\/35.0.1916.153 Safari\/537.36\"","userId":"8"}
{"youtuber":"Tamba Trio","auth":"Logged In","firstName":"Kaylee","gender":"F","itemInSession":4,"lastName":"Summers","length":177.18812,"level":"free","location":"Phoenix-Mesa-Scottsdale, AZ","method":"PUT","page":"NextVideo","registration":1540344794796.0,"sessionId":139,"video":"Quem Quiser Encontrar O Amor","status":200,"ts":1541106496796,"userAgent":"\"Mozilla\/5.0 (Windows NT 6.1; WOW64) AppleWebKit\/537.36 (KHTML, like Gecko) Chrome\/35.0.1916.153 Safari\/537.36\"","userId":"8"}
{"youtuber":"The Mars Volta","auth":"Logged In","firstName":"Kaylee","gender":"F","itemInSession":5,"lastName":"Summers","length":380.42077,"level":"free","location":"Phoenix-Mesa-Scottsdale, AZ","method":"PUT","page":"NextVideo","registration":1540344794796.0,"sessionId":139,"video":"Eriatarka","status":200,"ts":1541106673796,"userAgent":"\"Mozilla\/5.0 (Windows NT 6.1; WOW64) AppleWebKit\/537.36 (KHTML, like Gecko) Chrome\/35.0.1916.153 Safari\/537.36\"","userId":"8"}
{"youtuber":"Infected Mushroom","auth":"Logged In","firstName":"Kaylee","gender":"F","itemInSession":6,"lastName":"Summers","length":440.2673,"level":"free","location":"Phoenix-Mesa-Scottsdale, AZ","method":"PUT","page":"NextVideo","registration":1540344794796.0,"sessionId":139,"video":"Becoming Insane","status":200,"ts":1541107053796,"userAgent":"\"Mozilla\/5.0 (Windows NT 6.1; WOW64) AppleWebKit\/537.36 (KHTML, like Gecko) Chrome\/35.0.1916.153 Safari\/537.36\"","userId":"8"}
{"youtuber":"Blue October \/ Imogen Heap","auth":"Logged In","firstName":"Kaylee","gender":"F","itemInSession":7,"lastName":"Summers","length":241.3971,"level":"free","location":"Phoenix-Mesa-Scottsdale, AZ","method":"PUT","page":"NextVideo","registration":1540344794796.0,"sessionId":139,"video":"Congratulations","status":200,"ts":1541107493796,"userAgent":"\"Mozilla\/5.0 (Windows NT 6.1; WOW64) AppleWebKit\/537.36 (KHTML, like Gecko) Chrome\/35.0.1916.153 Safari\/537.36\"","userId":"8"}
{"youtuber":"Girl Talk","auth":"Logged In","firstName":"Kaylee","gender":"F","itemInSession":8,"lastName":"Summers","length":160.15628,"level":"free","location":"Phoenix-Mesa-Scottsdale, AZ","method":"PUT","page":"NextVideo","registration":1540344794796.0,"sessionId":139,"video":"Once again","status":200,"ts":1541107734796,"userAgent":"\"Mozilla\/5.0 (Windows NT 6.1; WOW64) AppleWebKit\/537.36 (KHTML, like Gecko) Chrome\/35.0.1916.153 Safari\/537.36\"","userId":"8"}
{"youtuber":"Black Eyed Peas","auth":"Logged In","firstName":"Sylvie","gender":"F","itemInSession":0,"lastName":"Cruz","length":214.93506,"level":"free","location":"Washington-Arlington-Alexandria, DC-VA-MD-WV","method":"PUT","page":"NextVideo","registration":1540266185796.0,"sessionId":9,"video":"Pump It","status":200,"ts":1541108520796,"userAgent":"\"Mozilla\/5.0 (Macintosh; Intel Mac OS X 10_9_4) AppleWebKit\/537.77.4 (KHTML, like Gecko) Version\/7.0.5 Safari\/537.77.4\"","userId":"10"}
{"youtuber":null,"auth":"Logged In","firstName":"Ryan","gender":"M","itemInSession":0,"lastName":"Smith","length":null,"level":"free","location":"San Jose-Sunnyvale-Santa Clara, CA","method":"GET","page":"Home","registration":1541016707796.0,"sessionId":169,"video":null,"status":200,"ts":1541109015796,"userAgent":"\"Mozilla\/5.0 (X11; Linux x86_64) AppleWebKit\/537.36 (KHTML, like Gecko) Ubuntu Chromium\/36.0.1985.125 Chrome\/36.0.1985.125 Safari\/537.36\"","userId":"26"}
{"youtuber":"Fall Out Boy","auth":"Logged In","firstName":"Ryan","gender":"M","itemInSession":1,"lastName":"Smith","length":200.72444,"level":"free","location":"San Jose-Sunnyvale-Santa Clara, CA","method":"PUT","page":"NextVideo","registration":1541016707796.0,"sessionId":169,"video":"Nobody Puts Baby In The Corner","status":200,"ts":1541109125796,"userAgent":"\"Mozilla\/5.0 (X11; Linux x86_64) AppleWebKit\/537.36 (KHTML, like Gecko) Ubuntu Chromium\/36.0.1985.125 Chrome\/36.0.1985.125 Safari\/537.36\"","userId":"26"}
{"youtuber":"M.I.A.","auth":"Logged In","firstName":"Ryan","gender":"M","itemInSession":2,"lastName":"Smith","length":233.7171,"level":"free","location":"San Jose-Sunnyvale-Santa Clara, CA","method":"PUT","page":"NextVideo","registration":1541016707796.0,"sessionId":169,"video":"Mango Pickle Down River (With The Wilcannia Mob)","status":200,"ts":1541109325796,"userAgent":"\"Mozilla\/5.0 (X11; Linux x86_64) AppleWebKit\/537.36 (KHTML, like Gecko) Ubuntu Chromium\/36.0.1985.125 Chrome\/36.0.1985.125 Safari\/537.36\"","userId":"26"}
{"youtuber":"Survivor","auth":"Logged In","firstName":"Jayden","gender":"M","itemInSession":0,"lastName":"Fox","length":245.36771,"level":"free","location":"New Orleans-Metairie, LA","method":"PUT","page":"NextVideo","registration":1541033612796.0,"sessionId":100,"video":"Eye Of The Tiger","status":200,"ts":1541110994796,"userAgent":"\"Mozilla\/5.0 (Windows NT 6.3; WOW64) AppleWebKit\/537.36 (KHTML, like Gecko) Chrome\/36.0.1985.143 Safari\/537.36\"","userId":"101"}