{"youtuber":"Hoobastank","auth":"Logged In","firstName":"Cierra","gender":"F","itemInSession":0,"lastName":"Finley","length":241.3971,"level":"free","location":"Richmond, VA","method":"PUT","page":"NextVideo","registration":1541013292796.0,"sessionId":132,"video":"Say The Same","status":200,"ts":1541808927796,"userAgent":"\"Mozilla\/5.0 (Macintosh; Intel Mac OS X 10_9_4) AppleWebKit\/537.77.4 (KHTML, like Gecko) Version\/7.0.5 Safari\/537.77.4\"","userId":"96"}
{"youtuber":"Mark Knopfler","auth":"Logged In","firstName":"Cierra","gender":"F","itemInSession":1,"lastName":"Finley","length":249.3122,"level":"free","location":"Richmond, VA","method":"PUT","page":"NextVideo","registration":1541013292796.0,"sessionId":132,"video":"Why Aye Man","status":200,"ts":1541809168796,"userAgent":"\"Mozilla\/5.0 (Macintosh; Intel Mac OS X 10_9_4) AppleWebKit\/537.77.4 (KHTML, like Gecko) Version\/7.0.5 Safari\/537.77.4\"","userId":"96"}
{"youtuber":"Mogwai","auth":"Logged In","firstName":"Cierra","gender":"F","itemInSession":2,"lastName":"Finley","length":341.28934,"level":"free","location":"Richmond, VA","method":"PUT","page":"NextVideo","registration":1541013292796.0,"sessionId":132,"video":"We're No Here","status":200,"ts":1541809417796,"userAgent":"\"Mozilla\/5.0 (Macintosh; Intel Mac OS X 10_9_4) AppleWebKit\/537.77.4 (KHTML, like Gecko) Version\/7.0.5 Safari\/537.77.4\"","userId":"96"}
{"youtuber":"The Casualties","auth":"Logged In","firstName":"Cierra","gender":"F","itemInSession":3,"lastName":"Finley","length":181.49832,"level":"free","location":"Richmond, VA","method":"PUT","page":"NextVideo","registration":1541013292796.0,"sessionId":132,"video":"Punx Unite","status":200,"ts":1541809758796,"userAgent":"\"Mozilla\/5.0 (Macintosh; Intel Mac OS X 10_9_4) AppleWebKit\/537.77.4 (KHTML, like Gecko) Version\/7.0.5 Safari\/537.77.4\"","userId":"96"}
{"youtuber":null,"auth":"Logged In","firstName":"Cecilia","gender":"F","itemInSession":0,"lastName":"Owens","length":null,"level":"free","location":"Atlanta-Sandy Springs-Roswell, GA","method":"GET","page":"Home","registration":1541032432796.0,"sessionId":424,"video":null,"status":200,"ts":1541813635796,"userAgent":"Mozilla\/5.0 (Windows NT 6.1; WOW64; rv:32.0) Gecko\/20100101 Firefox\/32.0","userId":"6"}
{"youtuber":"The Living End","auth":"Logged In","firstName":"Ryan","gender":"M","itemInSession":0,"lastName":"Smith","length":188.62975,"level":"free","location":"San Jose-Sunnyvale-Santa Clara, CA","method":"PUT","page":"NextVideo","registration":1541016707796.0,"sessionId":433,"video":"Roll On (Album Version)","status":200,"ts":1541822502796,"userAgent":"\"Mozilla\/5.0 (X11; Linux x86_64) AppleWebKit\/537.36 (KHTML, like Gecko) Ubuntu Chromium\/36.0.1985.125 Chrome\/36.0.1985.125 Safari\/537.36\"","userId":"26"}
{"youtuber":"Aloe Blacc","auth":"Logged In","firstName":"Rylan","gender":"M","itemInSession":0,"lastName":"George","length":244.1922,"level":"free","location":"Birmingham-Hoover, AL","method":"PUT","page":"NextVideo","registration":1541020249796.0,"sessionId":402,"video":"I Need A Dollar","status":200,"ts":1541829709796,"userAgent":"\"Mozilla\/5.0 (Macintosh; Intel Mac OS X 10_9_4) AppleWebKit\/537.77.4 (KHTML, like Gecko) Version\/7.0.5 Safari\/537.77.4\"","userId":"16"}
{"youtuber":"Faith No More","auth":"Logged In","firstName":"Rylan","gender":"M","itemInSession":1,"lastName":"George","length":326.50404,"level":"free","location":"Birmingham-Hoover, AL","method":"PUT","page":"NextVideo","registration":1541020249796.0,"sessionId":402,"video":"Helpless","status":200,"ts":1541829953796,"userAgent":"\"Mozilla\/5.0 (Macintosh; Intel Mac OS X 10_9_4) AppleWebKit\/537.77.4 (KHTML, like Gecko) Version\/7.0.5 Safari\/537.77.4\"","userId":"16"}
{"youtuber":"Chris Cornell","auth":"Logged In","firstName":"Aleena","gender":"F","itemInSession":0,"lastName":"Kirby","length":353.69751,"level":"paid","location":"Waterloo-Cedar Falls, IA","method":"PUT","page":"NextVideo","registration":1541022995796.0,"sessionId":350,"video":"Sunshower (Great Expectations Soundtrack)","status":200,"ts":1541835258796,"userAgent":"Mozilla\/5.0 (Macintosh; Intel Mac OS X 10.9; rv:31.0) Gecko\/20100101 Firefox\/31.0","userId":"44"}
{"youtuber":"Weezer","auth":"Logged In","firstName":"Aleena","gender":"F","itemInSession":1,"lastName":"Kirby","length":203.93751,"level":"paid","location":"Waterloo-Cedar Falls, IA","method":"PUT","page":"NextVideo","registration":1541022995796.0,"sessionId":350,"video":"My Name Is Jonas","status":200,"ts":1541835611796,"userAgent":"Mozilla\/5.0 (Macintosh; Intel Mac OS X 10.9; rv:31.0) Gecko\/20100101 Firefox\/31.0","userId":"44"}
{"youtuber":"Stream of Passion feat. Ayreon","auth":"Logged In","firstName":"Aleena","gender":"F","itemInSession":2,"lastName":"Kirby","length":257.56689,"level":"paid","location":"Waterloo-Cedar Falls, IA","method":"PUT","page":"NextVideo","registration":1541022995796.0,"sessionId":350,"video":"Valley Of The Queens","status":200,"ts":1541835814796,"userAgent":"Mozilla\/5.0 (Macintosh; Intel Mac OS X 10.9; rv:31.0) Gecko\/20100101 Firefox\/31.0","userId":"44"}
{"youtuber":"Lupe Fiasco","auth":"Logged In","firstName":"Aleena","gender":"F","itemInSession":3,"lastName":"Kirby","length":273.94567,"level":"paid","location":"Waterloo-Cedar Falls, IA","method":"PUT","page":"NextVideo","registration":1541022995796.0,"sessionId":350,"video":"Shining Down [feat. Matthew Santos] (Amended Album Version)","status":200,"ts":1541836071796,"userAgent":"Mozilla\/5.0 (Macintosh; Intel Mac OS X 10.9; rv:31.0) Gecko\/20100101 Firefox\/31.0","userId":"44"}
{"youtuber":"Tom Petty","auth":"Logged In","firstName":"Aleena","gender":"F","itemInSession":4,"lastName":"Kirby","length":263.23546,"level":"paid","location":"Waterloo-Cedar Falls, IA","method":"PUT","page":"NextVideo","registration":1541022995796.0,"sessionId":350,"video":"Runnin' Down A Dream","status":200,"ts":1541836344796,"userAgent":"Mozilla\/5.0 (Macintosh; Intel Mac OS X 10.9; rv:31.0) Gecko\/20100101 Firefox\/31.0","userId":"44"}
{"youtuber":"The Killers","auth":"Logged In","firstName":"Aleena","gender":"F","itemInSession":5,"lastName":"Kirby","length":220.89098,"level":"paid","location":"Waterloo-Cedar Falls, IA","method":"PUT","page":"NextVideo","registration":1541022995796.0,"sessionId":350,"video":"When You Were Young","status":200,"ts":1541836607796,"userAgent":"Mozilla\/5.0 (Macintosh; Intel Mac OS X 10.9; rv:31.0) Gecko\/20100101 Firefox\/31.0","userId":"44"}
{"youtuber":"Afghan Whigs","auth":"Logged In","firstName":"Aleena","gender":"F","itemInSession":6,"lastName":"Kirby","length":179.40853,"level":"paid","location":"Waterloo-Cedar Falls, IA","method":"PUT","page":"NextVideo","registration":1541022995796.0,"sessionId":350,"video":"I'm Her Slave (Album)","status":200,"ts":1541836827796,"userAgent":"Mozilla\/5.0 (Macintosh; Intel Mac OS X 10.9; rv:31.0) Gecko\/20100101 Firefox\/31.0","userId":"44"}
{"youtuber":"CSS","auth":"Logged In","firstName":"Aleena","gender":"F","itemInSession":7,"lastName":"Kirby","length":213.75955,"level":"paid","location":"Waterloo-Cedar Falls, IA","method":"PUT","page":"NextVideo","registration":1541022995796.0,"sessionId":350,"video":"Let's Make Love And Listen To Death From Above [Dan Carey Mix] (remastered album version)","status":200,"ts":1541837006796,"userAgent":"Mozilla\/5.0 (Macintosh; Intel Mac OS X 10.9; rv:31.0) Gecko\/20100101 Firefox\/31.0","userId":"44"}
{"youtuber":"Mos Def \/ Talib Kweli","auth":"Logged In","firstName":"Aleena","gender":"F","itemInSession":8,"lastName":"Kirby","length":141.37424,"level":"paid","location":"Waterloo-Cedar Falls, IA","method":"PUT","page":"NextVideo","registration":1541022995796.0,"sessionId":350,"video":"History","status":200,"ts":1541837219796,"userAgent":"Mozilla\/5.0 (Macintosh; Intel Mac OS X 10.9; rv:31.0) Gecko\/20100101 Firefox\/31.0","userId":"44"}
{"youtuber":"Ryan Leslie","auth":"Logged In","firstName":"Aleena","gender":"F","itemInSession":9,"lastName":"Kirby","length":203.96363,"level":"paid","location":"Waterloo-Cedar Falls, IA","method":"PUT","page":"NextVideo","registration":1541022995796.0,"sessionId":350,"video":"How It Was Supposed To Be","status":200,"ts":1541837360796,"userAgent":"Mozilla\/5.0 (Macintosh; Intel Mac OS X 10.9; rv:31.0) Gecko\/20100101 Firefox\/31.0","userId":"44"}
{"youtuber":"Mark Lowry","auth":"Logged In","firstName":"Aleena","gender":"F","itemInSession":10,"lastName":"Kirby","length":168.28036,"level":"paid","location":"Waterloo-Cedar Falls, IA","method":"PUT","page":"NextVideo","registration":1541022995796.0,"sessionId":350,"video":"Get Together With The Lord (The Best Of Mark Lowry - Volume 2 Version)","status":200,"ts":1541837563796,"userAgent":"Mozilla\/5.0 (Macintosh; Intel Mac OS X 10.9; rv:31.0) Gecko\/20100101 Firefox\/31.0","userId":"44"}
{"youtuber":"Beirut","auth":"Logged In","firstName":"Aleena","gender":"F","itemInSession":11,"lastName":"Kirby","length":230.19057,"level":"paid","location":"Waterloo-Cedar Falls, IA","method":"PUT","page":"NextVideo","registration":1541022995796.0,"sessionId":350,"video":"Nantes","status":200,"ts":1541837731796,"userAgent":"Mozilla\/5.0 (Macintosh; Intel Mac OS X 10.9; rv:31.0) Gecko\/20100101 Firefox\/31.0","userId":"44"}
{"youtuber":"MODESELEKTOR FEAT. PUPPETMASTAZ","auth":"Logged In","firstName":"Aleena","gender":"F","itemInSession":12,"lastName":"Kirby","length":52.79302,"level":"paid","location":"Waterloo-Cedar Falls, IA","method":"PUT","page":"NextVideo","registration":1541022995796.0,"sessionId":350,"video":"THE DARK SIDE OF THE FROG","status":200,"ts":1541837961796,"userAgent":"Mozilla\/5.0 (Macintosh; Intel Mac OS X 10.9; rv:31.0) Gecko\/20100101 Firefox\/31.0","userId":"44"}
{"youtuber":"Kid Cudi \/ Kanye West \/ Common","auth":"Logged In","firstName":"Aleena","gender":"F","itemInSession":13,"lastName":"Kirby","length":237.76608,"level":"paid","location":"Waterloo-Cedar Falls, IA","method":"PUT","page":"NextVideo","registration":1541022995796.0,"sessionId":350,"video":"Make Her Say","status":200,"ts":1541838013796,"userAgent":"Mozilla\/5.0 (Macintosh; Intel Mac OS X 10.9; rv:31.0) Gecko\/20100101 Firefox\/31.0","userId":"44"}
{"youtuber":"Julie Ruin","auth":"Logged In","firstName":"Aleena","gender":"F","itemInSession":14,"lastName":"Kirby","length":142.47138,"level":"paid","location":"Waterloo-Cedar Falls, IA","method":"PUT","page":"NextVideo","registration":1541022995796.0,"sessionId":350,"video":"Breakout A-Town","status":200,"ts":1541838250796,"userAgent":"Mozilla\/5.0 (Macintosh; Intel Mac OS X 10.9; rv:31.0) Gecko\/20100101 Firefox\/31.0","userId":"44"}
{"youtuber":"Sons And Daughters","auth":"Logged In","firstName":"Aleena","gender":"F","itemInSession":15,"lastName":"Kirby","length":165.90322,"level":"paid","location":"Waterloo-Cedar Falls, IA","method":"PUT","page":"NextVideo","registration":1541022995796.0,"sessionId":350,"video":"The Bell","status":200,"ts":1541838392796,"userAgent":"Mozilla\/5.0 (Macintosh; Intel Mac OS X 10.9; rv:31.0) Gecko\/20100101 Firefox\/31.0","userId":"44"}
{"youtuber":"Children 18:3","auth":"Logged In","firstName":"Aleena","gender":"F","itemInSession":16,"lastName":"Kirby","length":178.52036,"level":"paid","location":"Waterloo-Cedar Falls, IA","method":"PUT","page":"NextVideo","registration":1541022995796.0,"sessionId":350,"video":"Mock The Music","status":200,"ts":1541838557796,"userAgent":"Mozilla\/5.0 (Macintosh; Intel Mac OS X 10.9; rv:31.0) Gecko\/20100101 Firefox\/31.0","userId":"44"}
{"youtuber":"Chris Cagle","auth":"Logged In","firstName":"Aleena","gender":"F","itemInSession":17,"lastName":"Kirby","length":232.85506,"level":"paid","location":"Waterloo-Cedar Falls, IA","method":"PUT","page":"NextVideo","registration":1541022995796.0,"sessionId":350,"video":"Miss Me Baby","status":200,"ts":1541838735796,"userAgent":"Mozilla\/5.0 (Macintosh; Intel Mac OS X 10.9; rv:31.0) Gecko\/20100101 Firefox\/31.0","userId":"44"}
{"youtuber":"John Waite","auth":"Logged In","firstName":"Aleena","gender":"F","itemInSession":18,"lastName":"Kirby","length":269.76608,"level":"paid","location":"Waterloo-Cedar Falls, IA","method":"PUT","page":"NextVideo","registration":1541022995796.0,"sessionId":350,"video":"Missing You","status":200,"ts":1541838967796,"userAgent":"Mozilla\/5.0 (Macintosh; Intel Mac OS X 10.9; rv:31.0) Gecko\/20100101 Firefox\/31.0","userId":"44"}
{"youtuber":"Basshunter","auth":"Logged In","firstName":"Aleena","gender":"F","itemInSession":19,"lastName":"Kirby","length":223.32036,"level":"paid","location":"Waterloo-Cedar Falls, IA","method":"PUT","page":"NextVideo","registration":1541022995796.0,"sessionId":350,"video":"Walk On Water","status":200,"ts":1541839236796,"userAgent":"Mozilla\/5.0 (Macintosh; Intel Mac OS X 10.9; rv:31.0) Gecko\/20100101 Firefox\/31.0","userId":"44"}
{"youtuber":"Jay-Z \/ Lil Wayne","auth":"Logged In","firstName":"Aleena","gender":"F","itemInSession":20,"lastName":"Kirby","length":236.01587,"level":"paid","location":"Waterloo-Cedar Falls, IA","method":"PUT","page":"NextVideo","registration":1541022995796.0,"sessionId":350,"video":"Hello Brooklyn 2.0","status":200,"ts":1541839459796,"userAgent":"Mozilla\/5.0 (Macintosh; Intel Mac OS X 10.9; rv:31.0) Gecko\/20100101 Firefox\/31.0","userId":"44"}
{"youtuber":"Snow Patrol","auth":"Logged In","firstName":"Aleena","gender":"F","itemInSession":21,"lastName":"Kirby","length":273.6322,"level":"paid","location":"Waterloo-Cedar Falls, IA","method":"PUT","page":"NextVideo","registration":1541022995796.0,"sessionId":350,"video":"It's Beginning To Get To Me","status":200,"ts":1541839695796,"userAgent":"Mozilla\/5.0 (Macintosh; Intel Mac OS X 10.9; rv:31.0) Gecko\/20100101 Firefox\/31.0","userId":"44"}
{"youtuber":"Coldcut","auth":"Logged In","firstName":"Aleena","gender":"F","itemInSession":22,"lastName":"Kirby","length":203.07546,"level":"paid","location":"Waterloo-Cedar Falls, IA","method":"PUT","page":"NextVideo","registration":1541022995796.0,"sessionId":350,"video":"Autumn Leaves","status":200,"ts":1541839968796,"userAgent":"Mozilla\/5.0 (Macintosh; Intel Mac OS X 10.9; rv:31.0) Gecko\/20100101 Firefox\/31.0","userId":"44"}
{"youtuber":"Magic Dirt","auth":"Logged In","firstName":"Aleena","gender":"F","itemInSession":23,"lastName":"Kirby","length":251.79383,"level":"paid","location":"Waterloo-Cedar Falls, IA","method":"PUT","page":"NextVideo","registration":1541022995796.0,"sessionId":350,"video":"Plastic Loveless Letter","status":200,"ts":1541840171796,"userAgent":"Mozilla\/5.0 (Macintosh; Intel Mac OS X 10.9; rv:31.0) Gecko\/20100101 Firefox\/31.0","userId":"44"}
{"youtuber":"J. Karjalainen & Mustat Lasit","auth":"Logged In","firstName":"Aleena","gender":"F","itemInSession":24,"lastName":"Kirby","length":336.74404,"level":"paid","location":"Waterloo-Cedar Falls, IA","method":"PUT","page":"NextVideo","registration":1541022995796.0,"sessionId":350,"video":"Sinisten t\u00c3\u0083\u00c2\u00a4htien alla","status":200,"ts":1541840422796,"userAgent":"Mozilla\/5.0 (Macintosh; Intel Mac OS X 10.9; rv:31.0) Gecko\/20100101 Firefox\/31.0","userId":"44"}
{"youtuber":"OneRepublic","auth":"Logged In","firstName":"Aleena","gender":"F","itemInSession":25,"lastName":"Kirby","length":224.67873,"level":"paid","location":"Waterloo-Cedar Falls, IA","method":"PUT","page":"NextVideo","registration":1541022995796.0,"sessionId":350,"video":"Secrets","status":200,"ts":1541840758796,"userAgent":"Mozilla\/5.0 (Macintosh; Intel Mac OS X 10.9; rv:31.0) Gecko\/20100101 Firefox\/31.0","userId":"44"}
{"youtuber":"Nirvana","auth":"Logged In","firstName":"Aleena","gender":"F","itemInSession":26,"lastName":"Kirby","length":219.08853,"level":"paid","location":"Waterloo-Cedar Falls, IA","method":"PUT","page":"NextVideo","registration":1541022995796.0,"sessionId":350,"video":"Come As You Are","status":200,"ts":1541840982796,"userAgent":"Mozilla\/5.0 (Macintosh; Intel Mac OS X 10.9; rv:31.0) Gecko\/20100101 Firefox\/31.0","userId":"44"}
{"youtuber":null,"auth":"Logged In","firstName":"Theodore","gender":"M","itemInSession":0,"lastName":"Smith","length":null,"level":"free","location":"Houston-The Woodlands-Sugar Land, TX","method":"GET","page":"Home","registration":1540306145796.0,"sessionId":359,"video":null,"status":200,"ts":1541841030796,"userAgent":"Mozilla\/5.0 (Windows NT 6.1; WOW64; rv:31.0) Gecko\/20100101 Firefox\/31.0","userId":"52"}
{"youtuber":"Joyce Cooling","auth":"Logged In","firstName":"Aleena","gender":"F","itemInSession":27,"lastName":"Kirby","length":248.11057,"level":"paid","location":"Waterloo-Cedar Falls, IA","method":"PUT","page":"NextVideo","registration":1541022995796.0,"sessionId":350,"video":"It's Time I Go (Jazz)","status":200,"ts":1541841201796,"userAgent":"Mozilla\/5.0 (Macintosh; Intel Mac OS X 10.9; rv:31.0) Gecko\/20100101 Firefox\/31.0","userId":"44"}
{"youtuber":"Beastie Boys","auth":"Logged In","firstName":"Aleena","gender":"F","itemInSession":28,"lastName":"Kirby","length":211.722,"level":"paid","location":"Waterloo-Cedar Falls, IA","method":"PUT","page":"NextVideo","registration":1541022995796.0,"sessionId":350,"video":"Unite (2009 Digital Remaster)","status":200,"ts":1541841449796,"userAgent":"Mozilla\/5.0 (Macintosh; Intel Mac OS X 10.9; rv:31.0) Gecko\/20100101 Firefox\/31.0","userId":"44"}
{"youtuber":"Usher Featuring Lil' Jon & Ludacris","auth":"Logged In","firstName":"Aleena","gender":"F","itemInSession":29,"lastName":"Kirby","length":250.38322,"level":"paid","location":"Waterloo-Cedar Falls, IA","method":"PUT","page":"NextVideo","registration":1541022995796.0,"sessionId":350,"video":"Yeah!","status":200,"ts":1541841660796,"userAgent":"Mozilla\/5.0 (Macintosh; Intel Mac OS X 10.9; rv:31.0) Gecko\/20100101 Firefox\/31.0","userId":"44"}
{"youtuber":"Nelly \/ Paul Wall \/ Ali & Gipp","auth":"Logged In","firstName":"Aleena","gender":"F","itemInSession":30,"lastName":"Kirby","length":272.50893,"level":"paid","location":"Waterloo-Cedar Falls, IA","method":"PUT","page":"NextVideo","registration":1541022995796.0,"sessionId":350,"video":"Grillz","status":200,"ts":1541841910796,"userAgent":"Mozilla\/5.0 (Macintosh; Intel Mac OS X 10.9; rv:31.0) Gecko\/20100101 Firefox\/31.0","userId":"44"}
{"youtuber":"The Audition","auth":"Logged In","firstName":"Aleena","gender":"F","itemInSession":31,"lastName":"Kirby","length":207.20281,"level":"paid","location":"Waterloo-Cedar Falls, IA","method":"PUT","page":"NextVideo","registration":1541022995796.0,"sessionId":350,"video":"The Running Man","status":200,"ts":1541842182796,"userAgent":"Mozilla\/5.0 (Macintosh; Intel Mac OS X 10.9; rv:31.0) Gecko\/20100101 Firefox\/31.0","userId":"44"}
{"youtuber":"Savage Garden","auth":"Logged In","firstName":"Aleena","gender":"F","itemInSession":32,"lastName":"Kirby","length":277.26322,"level":"paid","location":"Waterloo-Cedar Falls, IA","method":"PUT","page":"NextVideo","registration":1541022995796.0,"sessionId":350,"video":"Truly Madly Deeply","status":200,"ts":1541842389796,"userAgent":"Mozilla\/5.0 (Macintosh; Intel Mac OS X 10.9; rv:31.0) Gecko\/20100101 Firefox\/31.0","userId":"44"}
{"youtuber":"Adam Green","auth":"Logged In","firstName":"Aleena","gender":"F","itemInSession":33,"lastName":"Kirby","length":141.00853,"level":"paid","location":"Waterloo-Cedar Falls, IA","method":"PUT","page":"NextVideo","registration":1541022995796.0,"sessionId":350,"video":"Festival Song","status":200,"ts":1541842666796,"userAgent":"Mozilla\/5.0 (Macintosh; Intel Mac OS X 10.9; rv:31.0) Gecko\/20100101 Firefox\/31.0","userId":"44"}
{"youtuber":"Tom Petty","auth":"Logged In","firstName":"Aleena","gender":"F","itemInSession":34,"lastName":"Kirby","length":204.82567,"level":"paid","location":"Waterloo-Cedar Falls, IA","method":"PUT","page":"NextVideo","registration":1541022995796.0,"sessionId":350,"video":"Square One (Album Version)","status":200,"ts":1541842807796,"userAgent":"Mozilla\/5.0 (Macintosh; Intel Mac OS X 10.9; rv:31.0) Gecko\/20100101 Firefox\/31.0","userId":"44"}
{"youtuber":"Muse","auth":"Logged In","firstName":"Aleena","gender":"F","itemInSession":35,"lastName":"Kirby","length":209.34485,"level":"paid","location":"Waterloo-Cedar Falls, IA","method":"PUT","page":"NextVideo","registration":1541022995796.0,"sessionId":350,"video":"Supermassive Black Hole (Album Version)","status":200,"ts":1541843011796,"userAgent":"Mozilla\/5.0 (Macintosh; Intel Mac OS X 10.9; rv:31.0) Gecko\/20100101 Firefox\/31.0","userId":"44"}
{"youtuber":"The Gerbils","auth":"Logged In","firstName":"Jordan","gender":"F","itemInSession":0,"lastName":"Hicks","length":27.01016,"level":"free","location":"Salinas, CA","method":"PUT","page":"NextVideo","registration":1540008898796.0,"sessionId":304,"video":"(iii)","status":200,"ts":1541843974796,"userAgent":"\"Mozilla\/5.0 (Macintosh; Intel Mac OS X 10_9_4) AppleWebKit\/537.78.2 (KHTML, like Gecko) Version\/7.0.6 Safari\/537.78.2\"","userId":"37"}
{"youtuber":"Robert Plant","auth":"Logged In","firstName":"Jordan","gender":"F","itemInSession":1,"lastName":"Hicks","length":265.66485,"level":"free","location":"Salinas, CA","method":"PUT","page":"NextVideo","registration":1540008898796.0,"sessionId":304,"video":"Dancing In Heaven (2006 Remastered LP Version)","status":200,"ts":1541844001796,"userAgent":"\"Mozilla\/5.0 (Macintosh; Intel Mac OS X 10_9_4) AppleWebKit\/537.78.2 (KHTML, like Gecko) Version\/7.0.6 Safari\/537.78.2\"","userId":"37"}
{"youtuber":"Metallica","auth":"Logged In","firstName":"Jordan","gender":"F","itemInSession":2,"lastName":"Hicks","length":387.02975,"level":"free","location":"Salinas, CA","method":"PUT","page":"NextVideo","registration":1540008898796.0,"sessionId":304,"video":"Welcome Home (Sanitarium)","status":200,"ts":1541844266796,"userAgent":"\"Mozilla\/5.0 (Macintosh; Intel Mac OS X 10_9_4) AppleWebKit\/537.78.2 (KHTML, like Gecko) Version\/7.0.6 Safari\/537.78.2\"","userId":"37"}
{"youtuber":"Infected Mushroom","auth":"Logged In","firstName":"Jordan","gender":"F","itemInSession":3,"lastName":"Hicks","length":506.51383,"level":"free","location":"Salinas, CA","method":"PUT","page":"NextVideo","registration":1540008898796.0,"sessionId":304,"video":"Deeply Disturbed","status":200,"ts":1541844653796,"userAgent":"\"Mozilla\/5.0 (Macintosh; Intel Mac OS X 10_9_4) AppleWebKit\/537.78.2 (KHTML, like Gecko) Version\/7.0.6 Safari\/537.78.2\"","userId":"37"}
{"youtuber":"Eliza Doolittle","auth":"Logged In","firstName":"Jordan","gender":"F","itemInSession":4,"lastName":"Hicks","length":184.60689,"level":"free","location":"Salinas, CA","method":"PUT","page":"NextVideo","registration":1540008898796.0,"sessionId":304,"video":"Rollerblades","status":200,"ts":1541845159796,"userAgent":"\"Mozilla\/5.0 (Macintosh; Intel Mac OS X 10_9_4) AppleWebKit\/537.78.2 (KHTML, like Gecko) Version\/7.0.6 Safari\/537.78.2\"","userId":"37"}
{"youtuber":"Alvin And The Chipmunks","auth":"Logged In","firstName":"Jordan","gender":"F","itemInSession":5,"lastName":"Hicks","length":162.63791,"level":"free","location":"Salinas, CA","method":"PUT","page":"NextVideo","registration":1540008898796.0,"sessionId":304,"video":"Ain't No Party","status":200,"ts":1541845343796,"userAgent":"\"Mozilla\/5.0 (Macintosh; Intel Mac OS X 10_9_4) AppleWebKit\/537.78.2 (KHTML, like Gecko) Version\/7.0.6 Safari\/537.78.2\"","userId":"37"}
{"youtuber":"Chromeo","auth":"Logged In","firstName":"Jordan","gender":"F","itemInSession":6,"lastName":"Hicks","length":348.65587,"level":"free","location":"Salinas, CA","method":"PUT","page":"NextVideo","registration":1540008898796.0,"sessionId":304,"video":"You're So Gangsta","status":200,"ts":1541845505796,"userAgent":"\"Mozilla\/5.0 (Macintosh; Intel Mac OS X 10_9_4) AppleWebKit\/537.78.2 (KHTML, like Gecko) Version\/7.0.6 Safari\/537.78.2\"","userId":"37"}
{"youtuber":"Keisha White","auth":"Logged In","firstName":"Kevin","gender":"M","itemInSession":0,"lastName":"Arellano","length":251.42812,"level":"free","location":"Harrisburg-Carlisle, PA","method":"PUT","page":"NextVideo","registration":1540006905796.0,"sessionId":387,"video":"Brother","status":200,"ts":1541853599796,"userAgent":"\"Mozilla\/5.0 (Macintosh; Intel Mac OS X 10_9_4) AppleWebKit\/537.36 (KHTML, like Gecko) Chrome\/36.0.1985.125 Safari\/537.36\"","userId":"66"}
{"youtuber":"Juanes","auth":"Logged In","firstName":"Kevin","gender":"M","itemInSession":1,"lastName":"Arellano","length":247.37914,"level":"free","location":"Harrisburg-Carlisle, PA","method":"PUT","page":"NextVideo","registration":1540006905796.0,"sessionId":387,"video":"Damelo","status":200,"ts":1541853850796,"userAgent":"\"Mozilla\/5.0 (Macintosh; Intel Mac OS X 10_9_4) AppleWebKit\/537.36 (KHTML, like Gecko) Chrome\/36.0.1985.125 Safari\/537.36\"","userId":"66"}
{"youtuber":null,"auth":"Logged In","firstName":"Walter","gender":"M","itemInSession":0,"lastName":"Frye","length":null,"level":"free","location":"San Francisco-Oakland-Hayward, CA","method":"GET","page":"Home","registration":1540919166796.0,"sessionId":180,"video":null,"status":200,"ts":1541854061796,"userAgent":"\"Mozilla\/5.0 (Macintosh; Intel Mac OS X 10_9_4) AppleWebKit\/537.36 (KHTML, like Gecko) Chrome\/36.0.1985.143 Safari\/537.36\"","userId":"39"}
{"youtuber":"Karnivool","auth":"Logged In","firstName":"Ryan","gender":"M","itemInSession":0,"lastName":"Smith","length":470.80444,"level":"free","location":"San Jose-Sunnyvale-Santa Clara, CA","method":"PUT","page":"NextVideo","registration":1541016707796.0,"sessionId":445,"video":"Umbra","status":200,"ts":1541860418796,"userAgent":"\"Mozilla\/5.0 (X11; Linux x86_64) AppleWebKit\/537.36 (KHTML, like Gecko) Ubuntu Chromium\/36.0.1985.125 Chrome\/36.0.1985.125 Safari\/537.36\"","userId":"26"}
{"youtuber":"WES","auth":"Logged In","firstName":"Cecilia","gender":"F","itemInSession":0,"lastName":"Owens","length":221.57016,"level":"free","location":"Atlanta-Sandy Springs-Roswell, GA","method":"PUT","page":"NextVideo","registration":1541032432796.0,"sessionId":444,"video":"Alane","status":200,"ts":1541861220796,"userAgent":"Mozilla\/5.0 (Windows NT 6.1; WOW64; rv:32.0) Gecko\/20100101 Firefox\/32.0","userId":"6"}
{"youtuber":"Asia 2001","auth":"Logged In","firstName":"Cecilia","gender":"F","itemInSession":1,"lastName":"Owens","length":150.30812,"level":"free","location":"Atlanta-Sandy Springs-Roswell, GA","method":"PUT","page":"NextVideo","registration":1541032432796.0,"sessionId":444,"video":"Epilogue","status":200,"ts":1541861441796,"userAgent":"Mozilla\/5.0 (Windows NT 6.1; WOW64; rv:32.0) Gecko\/20100101 Firefox\/32.0","userId":"6"}
{"youtuber":"Spike Milligan","auth":"Logged In","firstName":"Samuel","gender":"M","itemInSession":0,"lastName":"Gonzalez","length":220.39465,"level":"free","location":"Houston-The Woodlands-Sugar Land, TX","method":"PUT","page":"NextVideo","registration":1540492941796.0,"sessionId":384,"video":"Nothing At All","status":200,"ts":1541862959796,"userAgent":"\"Mozilla\/5.0 (Macintosh; Intel Mac OS X 10_9_4) AppleWebKit\/537.77.4 (KHTML, like Gecko) Version\/7.0.5 Safari\/537.77.4\"","userId":"61"}
{"youtuber":"Laura Izibor","auth":"Logged In","firstName":"Anabelle","gender":"F","itemInSession":0,"lastName":"Simpson","length":211.56526,"level":"free","location":"Philadelphia-Camden-Wilmington, PA-NJ-DE-MD","method":"PUT","page":"NextVideo","registration":1541044398796.0,"sessionId":378,"video":"Carousel (PSILY Album Version)","status":200,"ts":1541867247796,"userAgent":"\"Mozilla\/5.0 (Macintosh; Intel Mac OS X 10_9_4) AppleWebKit\/537.36 (KHTML, like Gecko) Chrome\/36.0.1985.125 Safari\/537.36\"","userId":"69"}
{"youtuber":null,"auth":"Logged In","firstName":"Lily","gender":"F","itemInSession":0,"lastName":"Burns","length":null,"level":"free","location":"New York-Newark-Jersey City, NY-NJ-PA","method":"GET","page":"Home","registration":1540621059796.0,"sessionId":426,"video":null,"status":200,"ts":1541870196796,"userAgent":"\"Mozilla\/5.0 (Windows NT 6.1; WOW64) AppleWebKit\/537.36 (KHTML, like Gecko) Chrome\/36.0.1985.125 Safari\/537.36\"","userId":"32"}
{"youtuber":"Ryan Adams","auth":"Logged In","firstName":"Braden","gender":"M","itemInSession":0,"lastName":"Parker","length":248.5024,"level":"free","location":"Youngstown-Warren-Boardman, OH-PA","method":"PUT","page":"NextVideo","registration":1540999292796.0,"sessionId":246,"video":"Wonderwall","status":200,"ts":1541871116796,"userAgent":"\"Mozilla\/5.0 (Windows NT 6.1; WOW64) AppleWebKit\/537.36 (KHTML, like Gecko) Chrome\/36.0.1985.143 Safari\/537.36\"","userId":"74"}
{"youtuber":null,"auth":"Logged In","firstName":"Adelyn","gender":"F","itemInSession":0,"lastName":"Jordan","length":null,"level":"free","location":"Chicago-Naperville-Elgin, IL-IN-WI","method":"GET","page":"Home","registration":1540130971796.0,"sessionId":391,"video":null,"status":200,"ts":1541871867796,"userAgent":"\"Mozilla\/5.0 (Macintosh; Intel Mac OS X 10_9_3) AppleWebKit\/537.36 (KHTML, like Gecko) Chrome\/36.0.1985.143 Safari\/537.36\"","userId":"7"}
{"youtuber":"Method Man","auth":"Logged In","firstName":"Adelyn","gender":"F","itemInSession":1,"lastName":"Jordan","length":204.64281,"level":"free","location":"Chicago-Naperville-Elgin, IL-IN-WI","method":"PUT","page":"NextVideo","registration":1540130971796.0,"sessionId":391,"video":"The Motto","status":200,"ts":1541871869796,"userAgent":"\"Mozilla\/5.0 (Macintosh; Intel Mac OS X 10_9_3) AppleWebKit\/537.36 (KHTML, like Gecko) Chrome\/36.0.1985.143 Safari\/537.36\"","userId":"7"}
{"youtuber":"The Stanley Brothers","auth":"Logged In","firstName":"Adelyn","gender":"F","itemInSession":2,"lastName":"Jordan","length":179.69587,"level":"free","location":"Chicago-Naperville-Elgin, IL-IN-WI","method":"PUT","page":"NextVideo","registration":1540130971796.0,"sessionId":391,"video":"I'm A Man Of Constant Sorrow","status":200,"ts":1541872073796,"userAgent":"\"Mozilla\/5.0 (Macintosh; Intel Mac OS X 10_9_3) AppleWebKit\/537.36 (KHTML, like Gecko) Chrome\/36.0.1985.143 Safari\/537.36\"","userId":"7"}
{"youtuber":"Dexter Freebish","auth":"Logged In","firstName":"Adelyn","gender":"F","itemInSession":3,"lastName":"Jordan","length":210.54649,"level":"free","location":"Chicago-Naperville-Elgin, IL-IN-WI","method":"PUT","page":"NextVideo","registration":1540130971796.0,"sessionId":391,"video":"Deeper","status":200,"ts":1541872252796,"userAgent":"\"Mozilla\/5.0 (Macintosh; Intel Mac OS X 10_9_3) AppleWebKit\/537.36 (KHTML, like Gecko) Chrome\/36.0.1985.143 Safari\/537.36\"","userId":"7"}
{"youtuber":"Jamiroquai","auth":"Logged In","firstName":"Jacob","gender":"M","itemInSession":0,"lastName":"Rogers","length":362.05669,"level":"free","location":"San Diego-Carlsbad, CA","method":"PUT","page":"NextVideo","registration":1540976199796.0,"sessionId":432,"video":"Talullah","status":200,"ts":1541873727796,"userAgent":"\"Mozilla\/5.0 (Macintosh; Intel Mac OS X 10_9_2) AppleWebKit\/537.75.14 (KHTML, like Gecko) Version\/7.0.3 Safari\/537.75.14\"","userId":"18"}
{"youtuber":"Michael Cera & Ellen Page","auth":"Logged In","firstName":"Matthew","gender":"M","itemInSession":0,"lastName":"Jones","length":116.71465,"level":"paid","location":"Janesville-Beloit, WI","method":"PUT","page":"NextVideo","registration":1541062818796.0,"sessionId":439,"video":"Anyone Else But You","status":200,"ts":1541876932796,"userAgent":"\"Mozilla\/5.0 (Windows NT 5.1) AppleWebKit\/537.36 (KHTML, like Gecko) Chrome\/36.0.1985.143 Safari\/537.36\"","userId":"36"}
{"youtuber":"The Cat Empire","auth":"Logged In","firstName":"Matthew","gender":"M","itemInSession":1,"lastName":"Jones","length":218.22649,"level":"paid","location":"Janesville-Beloit, WI","method":"PUT","page":"NextVideo","registration":1541062818796.0,"sessionId":439,"video":"How To Explain","status":200,"ts":1541877048796,"userAgent":"\"Mozilla\/5.0 (Windows NT 5.1) AppleWebKit\/537.36 (KHTML, like Gecko) Chrome\/36.0.1985.143 Safari\/537.36\"","userId":"36"}
{"youtuber":"Bryn Terfel \/ Berliner Philharmoniker \/ Claudio Abbado","auth":"Logged In","firstName":"Matthew","gender":"M","itemInSession":2,"lastName":"Jones","length":967.36608,"level":"paid","location":"Janesville-Beloit, WI","method":"PUT","page":"NextVideo","registration":1541062818796.0,"sessionId":439,"video":"Wotan's Farewell & Magic Fire Music","status":200,"ts":1541877266796,"userAgent":"\"Mozilla\/5.0 (Windows NT 5.1) AppleWebKit\/537.36 (KHTML, like Gecko) Chrome\/36.0.1985.143 Safari\/537.36\"","userId":"36"}
{"youtuber":"The Fugees","auth":"Logged In","firstName":"Matthew","gender":"M","itemInSession":3,"lastName":"Jones","length":281.20771,"level":"paid","location":"Janesville-Beloit, WI","method":"PUT","page":"NextVideo","registration":1541062818796.0,"sessionId":439,"video":"Ready Or Not","status":200,"ts":1541878233796,"userAgent":"\"Mozilla\/5.0 (Windows NT 5.1) AppleWebKit\/537.36 (KHTML, like Gecko) Chrome\/36.0.1985.143 Safari\/537.36\"","userId":"36"}
{"youtuber":"Hardline","auth":"Logged In","firstName":"Matthew","gender":"M","itemInSession":4,"lastName":"Jones","length":234.73587,"level":"paid","location":"Janesville-Beloit, WI","method":"PUT","page":"NextVideo","registration":1541062818796.0,"sessionId":439,"video":"Everything","status":200,"ts":1541878514796,"userAgent":"\"Mozilla\/5.0 (Windows NT 5.1) AppleWebKit\/537.36 (KHTML, like Gecko) Chrome\/36.0.1985.143 Safari\/537.36\"","userId":"36"}
{"youtuber":"The Funky Lowlives","auth":"Logged In","firstName":"Matthew","gender":"M","itemInSession":5,"lastName":"Jones","length":280.34567,"level":"paid","location":"Janesville-Beloit, WI","method":"PUT","page":"NextVideo","registration":1541062818796.0,"sessionId":439,"video":"Sail Into the Sun","status":200,"ts":1541878748796,"userAgent":"\"Mozilla\/5.0 (Windows NT 5.1) AppleWebKit\/537.36 (KHTML, like Gecko) Chrome\/36.0.1985.143 Safari\/537.36\"","userId":"36"}
{"youtuber":"DL Incognito","auth":"Logged In","firstName":"Matthew","gender":"M","itemInSession":6,"lastName":"Jones","length":221.07383,"level":"paid","location":"Janesville-Beloit, WI","method":"PUT","page":"NextVideo","registration":1541062818796.0,"sessionId":439,"video":"Proof","status":200,"ts":1541879028796,"userAgent":"\"Mozilla\/5.0 (Windows NT 5.1) AppleWebKit\/537.36 (KHTML, like Gecko) Chrome\/36.0.1985.143 Safari\/537.36\"","userId":"36"}
{"youtuber":null,"auth":"Logged In","firstName":"Theodore","gender":"M","itemInSession":0,"lastName":"Smith","length":null,"level":"free","location":"Houston-The Woodlands-Sugar Land, TX","method":"GET","page":"Home","registration":1540306145796.0,"sessionId":447,"video":null,"status":200,"ts":1541879108796,"userAgent":"Mozilla\/5.0 (Windows NT 6.1; WOW64; rv:31.0) Gecko\/20100101 Firefox\/31.0","userId":"52"}
{"youtuber":"Justice","auth":"Logged In","firstName":"Matthew","gender":"M","itemInSession":7,"lastName":"Jones","length":243.40853,"level":"paid","location":"Janesville-Beloit, WI","method":"PUT","page":"NextVideo","registration":1541062818796.0,"sessionId":439,"video":"TTHHEE PPAARRTTYY","status":200,"ts":1541879249796,"userAgent":"\"Mozilla\/5.0 (Windows NT 5.1) AppleWebKit\/537.36 (KHTML, like Gecko) Chrome\/36.0.1985.143 Safari\/537.36\"","userId":"36"}
{"youtuber":"Earth_ Wind & Fire","auth":"Logged In","firstName":"Theodore","gender":"M","itemInSession":1,"lastName":"Smith","length":178.20689,"level":"free","location":"Houston-The Woodlands-Sugar Land, TX","method":"PUT","page":"NextVideo","registration":1540306145796.0,"sessionId":447,"video":"Night Dreamin'","status":200,"ts":1541879270796,"userAgent":"Mozilla\/5.0 (Windows NT 6.1; WOW64; rv:31.0) Gecko\/20100101 Firefox\/31.0","userId":"52"}
{"youtuber":"Strawbs","auth":"Logged In","firstName":"Matthew","gender":"M","itemInSession":8,"lastName":"Jones","length":255.81669,"level":"paid","location":"Janesville-Beloit, WI","method":"PUT","page":"NextVideo","registration":1541062818796.0,"sessionId":439,"video":"Sheep","status":200,"ts":1541879492796,"userAgent":"\"Mozilla\/5.0 (Windows NT 5.1) AppleWebKit\/537.36 (KHTML, like Gecko) Chrome\/36.0.1985.143 Safari\/537.36\"","userId":"36"}
{"youtuber":"Angus & Julia Stone","auth":"Logged In","firstName":"Matthew","gender":"M","itemInSession":9,"lastName":"Jones","length":172.85179,"level":"paid","location":"Janesville-Beloit, WI","method":"PUT","page":"NextVideo","registration":1541062818796.0,"sessionId":439,"video":"Wasted","status":200,"ts":1541879747796,"userAgent":"\"Mozilla\/5.0 (Windows NT 5.1) AppleWebKit\/537.36 (KHTML, like Gecko) Chrome\/36.0.1985.143 Safari\/537.36\"","userId":"36"}
{"youtuber":"Sara Bareilles","auth":"Logged In","firstName":"Matthew","gender":"M","itemInSession":10,"lastName":"Jones","length":260.8322,"level":"paid","location":"Janesville-Beloit, WI","method":"PUT","page":"NextVideo","registration":1541062818796.0,"sessionId":439,"video":"Love Song","status":200,"ts":1541879919796,"userAgent":"\"Mozilla\/5.0 (Windows NT 5.1) AppleWebKit\/537.36 (KHTML, like Gecko) Chrome\/36.0.1985.143 Safari\/537.36\"","userId":"36"}
{"youtuber":"Bruna Caram","auth":"Logged In","firstName":"Matthew","gender":"M","itemInSession":11,"lastName":"Jones","length":198.63465,"level":"paid","location":"Janesville-Beloit, WI","method":"PUT","page":"NextVideo","registration":1541062818796.0,"sessionId":439,"video":"Meus Sonhos","status":200,"ts":1541880179796,"userAgent":"\"Mozilla\/5.0 (Windows NT 5.1) AppleWebKit\/537.36 (KHTML, like Gecko) Chrome\/36.0.1985.143 Safari\/537.36\"","userId":"36"}
{"youtuber":"Nando Reis","auth":"Logged In","firstName":"Matthew","gender":"M","itemInSession":12,"lastName":"Jones","length":239.82975,"level":"paid","location":"Janesville-Beloit, WI","method":"PUT","page":"NextVideo","registration":1541062818796.0,"sessionId":439,"video":"O Segundo Sol","status":200,"ts":1541880377796,"userAgent":"\"Mozilla\/5.0 (Windows NT 5.1) AppleWebKit\/537.36 (KHTML, like Gecko) Chrome\/36.0.1985.143 Safari\/537.36\"","userId":"36"}
{"youtuber":"The Black Keys","auth":"Logged In","firstName":"Matthew","gender":"M","itemInSession":13,"lastName":"Jones","length":189.28281,"level":"paid","location":"Janesville-Beloit, WI","method":"PUT","page":"NextVideo","registration":1541062818796.0,"sessionId":439,"video":"Same Old Thing","status":200,"ts":1541880616796,"userAgent":"\"Mozilla\/5.0 (Windows NT 5.1) AppleWebKit\/537.36 (KHTML, like Gecko) Chrome\/36.0.1985.143 Safari\/537.36\"","userId":"36"}
{"youtuber":"Kreator","auth":"Logged In","firstName":"Matthew","gender":"M","itemInSession":14,"lastName":"Jones","length":294.53016,"level":"paid","location":"Janesville-Beloit, WI","method":"PUT","page":"NextVideo","registration":1541062818796.0,"sessionId":439,"video":"Riot Of Violence","status":200,"ts":1541880805796,"userAgent":"\"Mozilla\/5.0 (Windows NT 5.1) AppleWebKit\/537.36 (KHTML, like Gecko) Chrome\/36.0.1985.143 Safari\/537.36\"","userId":"36"}
{"youtuber":"Audioslave","auth":"Logged In","firstName":"Matthew","gender":"M","itemInSession":15,"lastName":"Jones","length":277.83791,"level":"paid","location":"Janesville-Beloit, WI","method":"PUT","page":"NextVideo","registration":1541062818796.0,"sessionId":439,"video":"Show Me How To Live","status":200,"ts":1541881099796,"userAgent":"\"Mozilla\/5.0 (Windows NT 5.1) AppleWebKit\/537.36 (KHTML, like Gecko) Chrome\/36.0.1985.143 Safari\/537.36\"","userId":"36"}
{"youtuber":"Red Hot Chili Peppers","auth":"Logged In","firstName":"Matthew","gender":"M","itemInSession":16,"lastName":"Jones","length":269.34812,"level":"paid","location":"Janesville-Beloit, WI","method":"PUT","page":"NextVideo","registration":1541062818796.0,"sessionId":439,"video":"Parallel Universe (Album Version)","status":200,"ts":1541881376796,"userAgent":"\"Mozilla\/5.0 (Windows NT 5.1) AppleWebKit\/537.36 (KHTML, like Gecko) Chrome\/36.0.1985.143 Safari\/537.36\"","userId":"36"}
{"youtuber":"Manu Chao","auth":"Logged In","firstName":"Matthew","gender":"M","itemInSession":17,"lastName":"Jones","length":288.15628,"level":"paid","location":"Janesville-Beloit, WI","method":"PUT","page":"NextVideo","registration":1541062818796.0,"sessionId":439,"video":"Me Quedo Contigo [Si Me Das A Elegir]","status":200,"ts":1541881645796,"userAgent":"\"Mozilla\/5.0 (Windows NT 5.1) AppleWebKit\/537.36 (KHTML, like Gecko) Chrome\/36.0.1985.143 Safari\/537.36\"","userId":"36"}
{"youtuber":"Barry Tuckwell\/Academy of St Martin-in-the-Fields\/Sir Neville Marriner","auth":"Logged In","firstName":"Matthew","gender":"M","itemInSession":18,"lastName":"Jones","length":277.15873,"level":"paid","location":"Janesville-Beloit, WI","method":"PUT","page":"NextVideo","registration":1541062818796.0,"sessionId":439,"video":"Horn Concerto No. 4 in E flat K495: II. Romance (Andante cantabile)","status":200,"ts":1541881933796,"userAgent":"\"Mozilla\/5.0 (Windows NT 5.1) AppleWebKit\/537.36 (KHTML, like Gecko) Chrome\/36.0.1985.143 Safari\/537.36\"","userId":"36"}
{"youtuber":"Ron Carter","auth":"Logged In","firstName":"Matthew","gender":"M","itemInSession":19,"lastName":"Jones","length":497.13587,"level":"paid","location":"Janesville-Beloit, WI","method":"PUT","page":"NextVideo","registration":1541062818796.0,"sessionId":439,"video":"I CAN'T GET STARTED","status":200,"ts":1541882210796,"userAgent":"\"Mozilla\/5.0 (Windows NT 5.1) AppleWebKit\/537.36 (KHTML, like Gecko) Chrome\/36.0.1985.143 Safari\/537.36\"","userId":"36"}
{"youtuber":null,"auth":"Logged In","firstName":"Theodore","gender":"M","itemInSession":0,"lastName":"Harris","length":null,"level":"free","location":"Red Bluff, CA","method":"GET","page":"Home","registration":1541097374796.0,"sessionId":440,"video":null,"status":200,"ts":1541884206796,"userAgent":"Mozilla\/5.0 (Windows NT 6.1; WOW64; rv:31.0) Gecko\/20100101 Firefox\/31.0","userId":"14"}
{"youtuber":null,"auth":"Logged In","firstName":"Theodore","gender":"M","itemInSession":1,"lastName":"Harris","length":null,"level":"free","location":"Red Bluff, CA","method":"GET","page":"Home","registration":1541097374796.0,"sessionId":440,"video":null,"status":200,"ts":1541884572796,"userAgent":"Mozilla\/5.0 (Windows NT 6.1; WOW64; rv:31.0) Gecko\/20100101 Firefox\/31.0","userId":"14"}
{"youtuber":"Lifehouse","auth":"Logged In","firstName":"Theodore","gender":"M","itemInSession":2,"lastName":"Harris","length":195.47383,"level":"free","location":"Red Bluff, CA","method":"PUT","page":"NextVideo","registration":1541097374796.0,"sessionId":440,"video":"You And Me (Wedding Version)","status":200,"ts":1541884618796,"userAgent":"Mozilla\/5.0 (Windows NT 6.1; WOW64; rv:31.0) Gecko\/20100101 Firefox\/31.0","userId":"14"}
{"youtuber":"Yann Tiersen","auth":"Logged In","firstName":"Kaylee","gender":"F","itemInSession":0,"lastName":"Summers","length":158.71955,"level":"free","location":"Phoenix-Mesa-Scottsdale, AZ","method":"PUT","page":"NextVideo","registration":1540344794796.0,"sessionId":333,"video":"La Valse D'Am\u00c3\u0083\u00c2\u00a9lie (Version Piano)","status":200,"ts":1541885952796,"userAgent":"\"Mozilla\/5.0 (Windows NT 6.1; WOW64) AppleWebKit\/537.36 (KHTML, like Gecko) Chrome\/35.0.1916.153 Safari\/537.36\"","userId":"8"}
{"youtuber":"ISRAEL & NEW BREED","auth":"Logged In","firstName":"Kaylee","gender":"F","itemInSession":1,"lastName":"Summers","length":176.48281,"level":"free","location":"Phoenix-Mesa-Scottsdale, AZ","method":"PUT","page":"NextVideo","registration":1540344794796.0,"sessionId":333,"video":"Awesome Medley","status":200,"ts":1541886110796,"userAgent":"\"Mozilla\/5.0 (Windows NT 6.1; WOW64) AppleWebKit\/537.36 (KHTML, like Gecko) Chrome\/35.0.1916.153 Safari\/537.36\"","userId":"8"}
{"youtuber":null,"auth":"Logged In","firstName":"Molly","gender":"F","itemInSession":0,"lastName":"Taylor","length":null,"level":"free","location":"St. Louis, MO-IL","method":"GET","page":"Home","registration":1540992766796.0,"sessionId":396,"video":null,"status":200,"ts":1541886726796,"userAgent":"\"Mozilla\/5.0 (X11; Linux x86_64) AppleWebKit\/537.36 (KHTML, like Gecko) Chrome\/37.0.2062.94 Safari\/537.36\"","userId":"35"}
{"youtuber":"Stellar Kart","auth":"Logged In","firstName":"Molly","gender":"F","itemInSession":1,"lastName":"Taylor","length":186.17424,"level":"free","location":"St. Louis, MO-IL","method":"PUT","page":"NextVideo","registration":1540992766796.0,"sessionId":396,"video":"Jesus Loves You (Album Version)","status":200,"ts":1541886750796,"userAgent":"\"Mozilla\/5.0 (X11; Linux x86_64) AppleWebKit\/537.36 (KHTML, like Gecko) Chrome\/37.0.2062.94 Safari\/537.36\"","userId":"35"}