{"youtuber":"Rokia Traor\u00c3\u0083\u00c2\u00a9","auth":"Logged In","firstName":"Stefany","gender":"F","itemInSession":0,"lastName":"White","length":274.88608,"level":"free","location":"Lubbock, TX","method":"PUT","page":"NextVideo","registration":1540708070796.0,"sessionId":693,"video":"Zen","status":200,"ts":1542508401796,"userAgent":"\"Mozilla\/5.0 (Macintosh; Intel Mac OS X 10_9_4) AppleWebKit\/537.36 (KHTML, like Gecko) Chrome\/36.0.1985.143 Safari\/537.36\"","userId":"83"}
{"youtuber":null,"auth":"Logged In","firstName":"Tucker","gender":"M","itemInSession":0,"lastName":"Garrison","length":null,"level":"free","location":"Oxnard-Thousand Oaks-Ventura, CA","method":"GET","page":"Home","registration":1540832693796.0,"sessionId":555,"video":null,"status":200,"ts":1542511280796,"userAgent":"\"Mozilla\/5.0 (Macintosh; Intel Mac OS X 10_9_4) AppleWebKit\/537.77.4 (KHTML, like Gecko) Version\/7.0.5 Safari\/537.77.4\"","userId":"40"}
{"youtuber":"Camila","auth":"Logged In","firstName":"Tucker","gender":"M","itemInSession":1,"lastName":"Garrison","length":230.81751,"level":"free","location":"Oxnard-Thousand Oaks-Ventura, CA","method":"PUT","page":"NextVideo","registration":1540832693796.0,"sessionId":555,"video":"Abrazame  (Version Acustica)","status":200,"ts":1542511324796,"userAgent":"\"Mozilla\/5.0 (Macintosh; Intel Mac OS X 10_9_4) AppleWebKit\/537.77.4 (KHTML, like Gecko) Version\/7.0.5 Safari\/537.77.4\"","userId":"40"}
{"youtuber":null,"auth":"Logged In","firstName":"Ann","gender":"F","itemInSession":0,"lastName":"Banks","length":null,"level":"free","location":"Salt Lake City, UT","method":"GET","page":"Home","registration":1540895683796.0,"sessionId":573,"video":null,"status":200,"ts":1542532333796,"userAgent":"Mozilla\/5.0 (Macintosh; Intel Mac OS X 10.9; rv:31.0) Gecko\/20100101 Firefox\/31.0","userId":"99"}
{"youtuber":"Carl Thomas","auth":"Logged In","firstName":"Tucker","gender":"M","itemInSession":0,"lastName":"Garrison","length":196.67546,"level":"free","location":"Oxnard-Thousand Oaks-Ventura, CA","method":"PUT","page":"NextVideo","registration":1540832693796.0,"sessionId":698,"video":"You Ain't Right (Album Version)","status":200,"ts":1542533944796,"userAgent":"\"Mozilla\/5.0 (Macintosh; Intel Mac OS X 10_9_4) AppleWebKit\/537.77.4 (KHTML, like Gecko) Version\/7.0.5 Safari\/537.77.4\"","userId":"40"}
{"youtuber":"N.E.R.D.","auth":"Logged In","firstName":"James","gender":"M","itemInSession":0,"lastName":"Martin","length":242.99057,"level":"free","location":"Dallas-Fort Worth-Arlington, TX","method":"PUT","page":"NextVideo","registration":1540810448796.0,"sessionId":78,"video":"Provider (Remix Radio Edit)","status":200,"ts":1542536291796,"userAgent":"Mozilla\/5.0 (compatible; MSIE 9.0; Windows NT 6.1; Trident\/5.0)","userId":"79"}
{"youtuber":null,"auth":"Logged Out","firstName":null,"gender":null,"itemInSession":0,"lastName":null,"length":null,"level":"paid","location":null,"method":"GET","page":"Home","registration":null,"sessionId":589,"video":null,"status":200,"ts":1542546633796,"userAgent":null,"userId":""}
{"youtuber":null,"auth":"Logged Out","firstName":null,"gender":null,"itemInSession":1,"lastName":null,"length":null,"level":"paid","location":null,"method":"PUT","page":"Login","registration":null,"sessionId":589,"video":null,"status":307,"ts":1542546634796,"userAgent":null,"userId":""}
{"youtuber":null,"auth":"Logged In","firstName":"Jacqueline","gender":"F","itemInSession":2,"lastName":"Lynch","length":null,"level":"paid","location":"Atlanta-Sandy Springs-Roswell, GA","method":"GET","page":"Home","registration":1540223723796.0,"sessionId":589,"video":null,"status":200,"ts":1542546896796,"userAgent":"\"Mozilla\/5.0 (Macintosh; Intel Mac OS X 10_9_4) AppleWebKit\/537.78.2 (KHTML, like Gecko) Version\/7.0.6 Safari\/537.78.2\"","userId":"29"}
{"youtuber":"Lil Jon \/ The East Side Boyz \/ DJ Flexx","auth":"Logged In","firstName":"Jacqueline","gender":"F","itemInSession":3,"lastName":"Lynch","length":285.30893,"level":"paid","location":"Atlanta-Sandy Springs-Roswell, GA","method":"PUT","page":"NextVideo","registration":1540223723796.0,"sessionId":589,"video":"Aww Skeet Skeet","status":200,"ts":1542546961796,"userAgent":"\"Mozilla\/5.0 (Macintosh; Intel Mac OS X 10_9_4) AppleWebKit\/537.78.2 (KHTML, like Gecko) Version\/7.0.6 Safari\/537.78.2\"","userId":"29"}
{"youtuber":"Enya","auth":"Logged In","firstName":"Jacqueline","gender":"F","itemInSession":4,"lastName":"Lynch","length":175.85587,"level":"paid","location":"Atlanta-Sandy Springs-Roswell, GA","method":"PUT","page":"NextVideo","registration":1540223723796.0,"sessionId":589,"video":"The Sun In The Stream","status":200,"ts":1542547246796,"userAgent":"\"Mozilla\/5.0 (Macintosh; Intel Mac OS X 10_9_4) AppleWebKit\/537.78.2 (KHTML, like Gecko) Version\/7.0.6 Safari\/537.78.2\"","userId":"29"}
{"youtuber":"Furthermore","auth":"Logged In","firstName":"Jacqueline","gender":"F","itemInSession":5,"lastName":"Lynch","length":278.41261,"level":"paid","location":"Atlanta-Sandy Springs-Roswell, GA","method":"PUT","page":"NextVideo","registration":1540223723796.0,"sessionId":589,"video":"We Need To Talk (She And I Album Version)","status":200,"ts":1542547421796,"userAgent":"\"Mozilla\/5.0 (Macintosh; Intel Mac OS X 10_9_4) AppleWebKit\/537.78.2 (KHTML, like Gecko) Version\/7.0.6 Safari\/537.78.2\"","userId":"29"}
{"youtuber":"Kid Cudi \/ MGMT \/ Ratatat","auth":"Logged In","firstName":"Jacqueline","gender":"F","itemInSession":6,"lastName":"Lynch","length":295.67955,"level":"paid","location":"Atlanta-Sandy Springs-Roswell, GA","method":"PUT","page":"NextVideo","registration":1540223723796.0,"sessionId":589,"video":"Pursuit Of Happiness (nightmare)","status":200,"ts":1542547699796,"userAgent":"\"Mozilla\/5.0 (Macintosh; Intel Mac OS X 10_9_4) AppleWebKit\/537.78.2 (KHTML, like Gecko) Version\/7.0.6 Safari\/537.78.2\"","userId":"29"}
{"youtuber":"Crosby_ Stills & Nash","auth":"Logged In","firstName":"Jacqueline","gender":"F","itemInSession":7,"lastName":"Lynch","length":186.90567,"level":"paid","location":"Atlanta-Sandy Springs-Roswell, GA","method":"PUT","page":"NextVideo","registration":1540223723796.0,"sessionId":589,"video":"Haven't We Lost Enough?  (LP Version)","status":200,"ts":1542547994796,"userAgent":"\"Mozilla\/5.0 (Macintosh; Intel Mac OS X 10_9_4) AppleWebKit\/537.78.2 (KHTML, like Gecko) Version\/7.0.6 Safari\/537.78.2\"","userId":"29"}
{"youtuber":"Passion Pit","auth":"Logged In","firstName":"Jacqueline","gender":"F","itemInSession":8,"lastName":"Lynch","length":174.75873,"level":"paid","location":"Atlanta-Sandy Springs-Roswell, GA","method":"PUT","page":"NextVideo","registration":1540223723796.0,"sessionId":589,"video":"Sleepyhead","status":200,"ts":1542548180796,"userAgent":"\"Mozilla\/5.0 (Macintosh; Intel Mac OS X 10_9_4) AppleWebKit\/537.78.2 (KHTML, like Gecko) Version\/7.0.6 Safari\/537.78.2\"","userId":"29"}
{"youtuber":"Keith Sweat","auth":"Logged In","firstName":"Jacqueline","gender":"F","itemInSession":9,"lastName":"Lynch","length":295.78404,"level":"paid","location":"Atlanta-Sandy Springs-Roswell, GA","method":"PUT","page":"NextVideo","registration":1540223723796.0,"sessionId":589,"video":"Merry Go Round (Remastered Single Version)","status":200,"ts":1542548354796,"userAgent":"\"Mozilla\/5.0 (Macintosh; Intel Mac OS X 10_9_4) AppleWebKit\/537.78.2 (KHTML, like Gecko) Version\/7.0.6 Safari\/537.78.2\"","userId":"29"}
{"youtuber":null,"auth":"Logged In","firstName":"Molly","gender":"F","itemInSession":0,"lastName":"Taylor","length":null,"level":"free","location":"St. Louis, MO-IL","method":"GET","page":"Home","registration":1540992766796.0,"sessionId":634,"video":null,"status":200,"ts":1542548632796,"userAgent":"\"Mozilla\/5.0 (X11; Linux x86_64) AppleWebKit\/537.36 (KHTML, like Gecko) Chrome\/37.0.2062.94 Safari\/537.36\"","userId":"35"}
{"youtuber":"Mariza","auth":"Logged In","firstName":"Molly","gender":"F","itemInSession":1,"lastName":"Taylor","length":166.5824,"level":"free","location":"St. Louis, MO-IL","method":"PUT","page":"NextVideo","registration":1540992766796.0,"sessionId":634,"video":"Rosa Branca","status":200,"ts":1542548635796,"userAgent":"\"Mozilla\/5.0 (X11; Linux x86_64) AppleWebKit\/537.36 (KHTML, like Gecko) Chrome\/37.0.2062.94 Safari\/537.36\"","userId":"35"}
{"youtuber":"In Flames","auth":"Logged In","firstName":"Jacqueline","gender":"F","itemInSession":10,"lastName":"Lynch","length":202.84036,"level":"paid","location":"Atlanta-Sandy Springs-Roswell, GA","method":"PUT","page":"NextVideo","registration":1540223723796.0,"sessionId":589,"video":"Like you better dead","status":200,"ts":1542548649796,"userAgent":"\"Mozilla\/5.0 (Macintosh; Intel Mac OS X 10_9_4) AppleWebKit\/537.78.2 (KHTML, like Gecko) Version\/7.0.6 Safari\/537.78.2\"","userId":"29"}
{"youtuber":"Cute Is What We Aim For","auth":"Logged In","firstName":"Molly","gender":"F","itemInSession":2,"lastName":"Taylor","length":211.33016,"level":"free","location":"St. Louis, MO-IL","method":"PUT","page":"NextVideo","registration":1540992766796.0,"sessionId":634,"video":"Newport Living (Album Version)","status":200,"ts":1542548801796,"userAgent":"\"Mozilla\/5.0 (X11; Linux x86_64) AppleWebKit\/537.36 (KHTML, like Gecko) Chrome\/37.0.2062.94 Safari\/537.36\"","userId":"35"}
{"youtuber":"The All-American Rejects","auth":"Logged In","firstName":"Jacqueline","gender":"F","itemInSession":11,"lastName":"Lynch","length":245.02812,"level":"paid","location":"Atlanta-Sandy Springs-Roswell, GA","method":"PUT","page":"NextVideo","registration":1540223723796.0,"sessionId":589,"video":"Too Far Gone","status":200,"ts":1542548851796,"userAgent":"\"Mozilla\/5.0 (Macintosh; Intel Mac OS X 10_9_4) AppleWebKit\/537.78.2 (KHTML, like Gecko) Version\/7.0.6 Safari\/537.78.2\"","userId":"29"}
{"youtuber":"Cam'Ron \/ Juelz Santana \/ Un Kasa","auth":"Logged In","firstName":"Molly","gender":"F","itemInSession":3,"lastName":"Taylor","length":228.38812,"level":"free","location":"St. Louis, MO-IL","method":"PUT","page":"NextVideo","registration":1540992766796.0,"sessionId":634,"video":"Take Em To Church","status":200,"ts":1542549012796,"userAgent":"\"Mozilla\/5.0 (X11; Linux x86_64) AppleWebKit\/537.36 (KHTML, like Gecko) Chrome\/37.0.2062.94 Safari\/537.36\"","userId":"35"}
{"youtuber":"Sick Puppies","auth":"Logged In","firstName":"Jacqueline","gender":"F","itemInSession":12,"lastName":"Lynch","length":227.83955,"level":"paid","location":"Atlanta-Sandy Springs-Roswell, GA","method":"PUT","page":"NextVideo","registration":1540223723796.0,"sessionId":589,"video":"Don't Walk Away","status":200,"ts":1542549096796,"userAgent":"\"Mozilla\/5.0 (Macintosh; Intel Mac OS X 10_9_4) AppleWebKit\/537.78.2 (KHTML, like Gecko) Version\/7.0.6 Safari\/537.78.2\"","userId":"29"}
{"youtuber":"Rapsusklei","auth":"Logged In","firstName":"Jacqueline","gender":"F","itemInSession":13,"lastName":"Lynch","length":263.96689,"level":"paid","location":"Atlanta-Sandy Springs-Roswell, GA","method":"PUT","page":"NextVideo","registration":1540223723796.0,"sessionId":589,"video":"Nube Inerte (con Aniki)","status":200,"ts":1542549323796,"userAgent":"\"Mozilla\/5.0 (Macintosh; Intel Mac OS X 10_9_4) AppleWebKit\/537.78.2 (KHTML, like Gecko) Version\/7.0.6 Safari\/537.78.2\"","userId":"29"}
{"youtuber":"Jonezetta","auth":"Logged In","firstName":"Jacqueline","gender":"F","itemInSession":14,"lastName":"Lynch","length":35.63057,"level":"paid","location":"Atlanta-Sandy Springs-Roswell, GA","method":"PUT","page":"NextVideo","registration":1540223723796.0,"sessionId":589,"video":"Untitled","status":200,"ts":1542549586796,"userAgent":"\"Mozilla\/5.0 (Macintosh; Intel Mac OS X 10_9_4) AppleWebKit\/537.78.2 (KHTML, like Gecko) Version\/7.0.6 Safari\/537.78.2\"","userId":"29"}
{"youtuber":"Cut Copy","auth":"Logged In","firstName":"Jacqueline","gender":"F","itemInSession":15,"lastName":"Lynch","length":237.50485,"level":"paid","location":"Atlanta-Sandy Springs-Roswell, GA","method":"PUT","page":"NextVideo","registration":1540223723796.0,"sessionId":589,"video":"A Dream","status":200,"ts":1542549621796,"userAgent":"\"Mozilla\/5.0 (Macintosh; Intel Mac OS X 10_9_4) AppleWebKit\/537.78.2 (KHTML, like Gecko) Version\/7.0.6 Safari\/537.78.2\"","userId":"29"}
{"youtuber":"Beyonc\u00c3\u0083\u00c2\u00a9","auth":"Logged In","firstName":"Jacqueline","gender":"F","itemInSession":16,"lastName":"Lynch","length":261.74649,"level":"paid","location":"Atlanta-Sandy Springs-Roswell, GA","method":"PUT","page":"NextVideo","registration":1540223723796.0,"sessionId":589,"video":"Halo","status":200,"ts":1542549858796,"userAgent":"\"Mozilla\/5.0 (Macintosh; Intel Mac OS X 10_9_4) AppleWebKit\/537.78.2 (KHTML, like Gecko) Version\/7.0.6 Safari\/537.78.2\"","userId":"29"}
{"youtuber":"Easy Star All-Stars","auth":"Logged In","firstName":"Jacqueline","gender":"F","itemInSession":17,"lastName":"Lynch","length":198.94812,"level":"paid","location":"Atlanta-Sandy Springs-Roswell, GA","method":"PUT","page":"NextVideo","registration":1540223723796.0,"sessionId":589,"video":"Getting Better (feat. The Mighty Diamonds)","status":200,"ts":1542550119796,"userAgent":"\"Mozilla\/5.0 (Macintosh; Intel Mac OS X 10_9_4) AppleWebKit\/537.78.2 (KHTML, like Gecko) Version\/7.0.6 Safari\/537.78.2\"","userId":"29"}
{"youtuber":"Blue Man Group","auth":"Logged In","firstName":"Jacqueline","gender":"F","itemInSession":18,"lastName":"Lynch","length":205.76608,"level":"paid","location":"Atlanta-Sandy Springs-Roswell, GA","method":"PUT","page":"NextVideo","registration":1540223723796.0,"sessionId":589,"video":"Sing Along [Featuring Dave Matthews]","status":200,"ts":1542550317796,"userAgent":"\"Mozilla\/5.0 (Macintosh; Intel Mac OS X 10_9_4) AppleWebKit\/537.78.2 (KHTML, like Gecko) Version\/7.0.6 Safari\/537.78.2\"","userId":"29"}
{"youtuber":"Carpark North","auth":"Logged In","firstName":"Jacqueline","gender":"F","itemInSession":19,"lastName":"Lynch","length":279.2224,"level":"paid","location":"Atlanta-Sandy Springs-Roswell, GA","method":"PUT","page":"NextVideo","registration":1540223723796.0,"sessionId":589,"video":"Run","status":200,"ts":1542550522796,"userAgent":"\"Mozilla\/5.0 (Macintosh; Intel Mac OS X 10_9_4) AppleWebKit\/537.78.2 (KHTML, like Gecko) Version\/7.0.6 Safari\/537.78.2\"","userId":"29"}
{"youtuber":"The Fleetwoods","auth":"Logged In","firstName":"Jacqueline","gender":"F","itemInSession":20,"lastName":"Lynch","length":146.05016,"level":"paid","location":"Atlanta-Sandy Springs-Roswell, GA","method":"PUT","page":"NextVideo","registration":1540223723796.0,"sessionId":589,"video":"Come Softly To Me","status":200,"ts":1542550801796,"userAgent":"\"Mozilla\/5.0 (Macintosh; Intel Mac OS X 10_9_4) AppleWebKit\/537.78.2 (KHTML, like Gecko) Version\/7.0.6 Safari\/537.78.2\"","userId":"29"}
{"youtuber":"Radiohead","auth":"Logged In","firstName":"Jacqueline","gender":"F","itemInSession":21,"lastName":"Lynch","length":298.13506,"level":"paid","location":"Atlanta-Sandy Springs-Roswell, GA","method":"PUT","page":"NextVideo","registration":1540223723796.0,"sessionId":589,"video":"Let Down","status":200,"ts":1542550947796,"userAgent":"\"Mozilla\/5.0 (Macintosh; Intel Mac OS X 10_9_4) AppleWebKit\/537.78.2 (KHTML, like Gecko) Version\/7.0.6 Safari\/537.78.2\"","userId":"29"}
{"youtuber":"Gorillaz","auth":"Logged In","firstName":"Jacqueline","gender":"F","itemInSession":22,"lastName":"Lynch","length":268.45995,"level":"paid","location":"Atlanta-Sandy Springs-Roswell, GA","method":"PUT","page":"NextVideo","registration":1540223723796.0,"sessionId":589,"video":"Demon Days","status":200,"ts":1542551245796,"userAgent":"\"Mozilla\/5.0 (Macintosh; Intel Mac OS X 10_9_4) AppleWebKit\/537.78.2 (KHTML, like Gecko) Version\/7.0.6 Safari\/537.78.2\"","userId":"29"}
{"youtuber":"Reginald Dixon","auth":"Logged In","firstName":"Jacqueline","gender":"F","itemInSession":23,"lastName":"Lynch","length":188.55138,"level":"paid","location":"Atlanta-Sandy Springs-Roswell, GA","method":"PUT","page":"NextVideo","registration":1540223723796.0,"sessionId":589,"video":"Eton Boating Song\/Wyoming Lullaby\/The Wiffenpoof Song (Baa Baa Baa) (Medley)","status":200,"ts":1542551513796,"userAgent":"\"Mozilla\/5.0 (Macintosh; Intel Mac OS X 10_9_4) AppleWebKit\/537.78.2 (KHTML, like Gecko) Version\/7.0.6 Safari\/537.78.2\"","userId":"29"}
{"youtuber":"Gorillaz","auth":"Logged In","firstName":"Jacqueline","gender":"F","itemInSession":24,"lastName":"Lynch","length":152.13669,"level":"paid","location":"Atlanta-Sandy Springs-Roswell, GA","method":"PUT","page":"NextVideo","registration":1540223723796.0,"sessionId":589,"video":"Pirate Jet","status":200,"ts":1542551701796,"userAgent":"\"Mozilla\/5.0 (Macintosh; Intel Mac OS X 10_9_4) AppleWebKit\/537.78.2 (KHTML, like Gecko) Version\/7.0.6 Safari\/537.78.2\"","userId":"29"}
{"youtuber":"OceanLab","auth":"Logged In","firstName":"Jacqueline","gender":"F","itemInSession":25,"lastName":"Lynch","length":440.842,"level":"paid","location":"Atlanta-Sandy Springs-Roswell, GA","method":"PUT","page":"NextVideo","registration":1540223723796.0,"sessionId":589,"video":"Clear Blue Water","status":200,"ts":1542551853796,"userAgent":"\"Mozilla\/5.0 (Macintosh; Intel Mac OS X 10_9_4) AppleWebKit\/537.78.2 (KHTML, like Gecko) Version\/7.0.6 Safari\/537.78.2\"","userId":"29"}
{"youtuber":"Macy Gray","auth":"Logged In","firstName":"Jacqueline","gender":"F","itemInSession":26,"lastName":"Lynch","length":236.09424,"level":"paid","location":"Atlanta-Sandy Springs-Roswell, GA","method":"PUT","page":"NextVideo","registration":1540223723796.0,"sessionId":589,"video":"Oh Yeah","status":200,"ts":1542552293796,"userAgent":"\"Mozilla\/5.0 (Macintosh; Intel Mac OS X 10_9_4) AppleWebKit\/537.78.2 (KHTML, like Gecko) Version\/7.0.6 Safari\/537.78.2\"","userId":"29"}
{"youtuber":"David Bowie","auth":"Logged In","firstName":"Samuel","gender":"M","itemInSession":0,"lastName":"Gonzalez","length":174.41914,"level":"free","location":"Houston-The Woodlands-Sugar Land, TX","method":"PUT","page":"NextVideo","registration":1540492941796.0,"sessionId":690,"video":"Sorrow (1997 Digital Remaster)","status":200,"ts":1542552369796,"userAgent":"\"Mozilla\/5.0 (Macintosh; Intel Mac OS X 10_9_4) AppleWebKit\/537.77.4 (KHTML, like Gecko) Version\/7.0.5 Safari\/537.77.4\"","userId":"61"}
{"youtuber":"Tavares","auth":"Logged In","firstName":"Jacqueline","gender":"F","itemInSession":27,"lastName":"Lynch","length":374.09914,"level":"paid","location":"Atlanta-Sandy Springs-Roswell, GA","method":"PUT","page":"NextVideo","registration":1540223723796.0,"sessionId":589,"video":"Don't Take Away The Music","status":200,"ts":1542552529796,"userAgent":"\"Mozilla\/5.0 (Macintosh; Intel Mac OS X 10_9_4) AppleWebKit\/537.78.2 (KHTML, like Gecko) Version\/7.0.6 Safari\/537.78.2\"","userId":"29"}
{"youtuber":"The String Cheese Incident","auth":"Logged In","firstName":"Samuel","gender":"M","itemInSession":1,"lastName":"Gonzalez","length":392.35873,"level":"free","location":"Houston-The Woodlands-Sugar Land, TX","method":"PUT","page":"NextVideo","registration":1540492941796.0,"sessionId":690,"video":"Bigger Isn't Better","status":200,"ts":1542552543796,"userAgent":"\"Mozilla\/5.0 (Macintosh; Intel Mac OS X 10_9_4) AppleWebKit\/537.77.4 (KHTML, like Gecko) Version\/7.0.5 Safari\/537.77.4\"","userId":"61"}
{"youtuber":"Pixies","auth":"Logged In","firstName":"Chloe","gender":"F","itemInSession":0,"lastName":"Roth","length":113.78893,"level":"free","location":"Indianapolis-Carmel-Anderson, IN","method":"PUT","page":"NextVideo","registration":1540699429796.0,"sessionId":511,"video":"Break My Body","status":200,"ts":1542552806796,"userAgent":"Mozilla\/5.0 (Windows NT 6.1; rv:31.0) Gecko\/20100101 Firefox\/31.0","userId":"78"}
{"youtuber":"Meet Me In St Louis","auth":"Logged In","firstName":"Jacqueline","gender":"F","itemInSession":28,"lastName":"Lynch","length":275.27791,"level":"paid","location":"Atlanta-Sandy Springs-Roswell, GA","method":"PUT","page":"NextVideo","registration":1540223723796.0,"sessionId":589,"video":"I've Got Knives In My Eyes I'm Going Home Sick","status":200,"ts":1542552903796,"userAgent":"\"Mozilla\/5.0 (Macintosh; Intel Mac OS X 10_9_4) AppleWebKit\/537.78.2 (KHTML, like Gecko) Version\/7.0.6 Safari\/537.78.2\"","userId":"29"}
{"youtuber":"Syd Barrett","auth":"Logged In","firstName":"Jacqueline","gender":"F","itemInSession":29,"lastName":"Lynch","length":114.65098,"level":"paid","location":"Atlanta-Sandy Springs-Roswell, GA","method":"PUT","page":"NextVideo","registration":1540223723796.0,"sessionId":589,"video":"Effervescing Elephant","status":200,"ts":1542553178796,"userAgent":"\"Mozilla\/5.0 (Macintosh; Intel Mac OS X 10_9_4) AppleWebKit\/537.78.2 (KHTML, like Gecko) Version\/7.0.6 Safari\/537.78.2\"","userId":"29"}
{"youtuber":"Cat Stevens","auth":"Logged In","firstName":"Jacqueline","gender":"F","itemInSession":30,"lastName":"Lynch","length":167.6273,"level":"paid","location":"Atlanta-Sandy Springs-Roswell, GA","method":"PUT","page":"NextVideo","registration":1540223723796.0,"sessionId":589,"video":"If You Want To Sing Out_ Sing Out","status":200,"ts":1542553292796,"userAgent":"\"Mozilla\/5.0 (Macintosh; Intel Mac OS X 10_9_4) AppleWebKit\/537.78.2 (KHTML, like Gecko) Version\/7.0.6 Safari\/537.78.2\"","userId":"29"}
{"youtuber":"Cosmic Gate","auth":"Logged In","firstName":"Kaylee","gender":"F","itemInSession":0,"lastName":"Summers","length":652.59057,"level":"free","location":"Phoenix-Mesa-Scottsdale, AZ","method":"PUT","page":"NextVideo","registration":1540344794796.0,"sessionId":675,"video":"I Feel Wonderful (AM to PM Mix)","status":200,"ts":1542553336796,"userAgent":"\"Mozilla\/5.0 (Windows NT 6.1; WOW64) AppleWebKit\/537.36 (KHTML, like Gecko) Chrome\/35.0.1916.153 Safari\/537.36\"","userId":"8"}
{"youtuber":"Spoon","auth":"Logged In","firstName":"Jacqueline","gender":"F","itemInSession":31,"lastName":"Lynch","length":224.73098,"level":"paid","location":"Atlanta-Sandy Springs-Roswell, GA","method":"PUT","page":"NextVideo","registration":1540223723796.0,"sessionId":589,"video":"Who Makes Your Money","status":200,"ts":1542553459796,"userAgent":"\"Mozilla\/5.0 (Macintosh; Intel Mac OS X 10_9_4) AppleWebKit\/537.78.2 (KHTML, like Gecko) Version\/7.0.6 Safari\/537.78.2\"","userId":"29"}
{"youtuber":"The Dodos","auth":"Logged In","firstName":"Jacqueline","gender":"F","itemInSession":32,"lastName":"Lynch","length":282.53995,"level":"paid","location":"Atlanta-Sandy Springs-Roswell, GA","method":"PUT","page":"NextVideo","registration":1540223723796.0,"sessionId":589,"video":"Fools","status":200,"ts":1542553683796,"userAgent":"\"Mozilla\/5.0 (Macintosh; Intel Mac OS X 10_9_4) AppleWebKit\/537.78.2 (KHTML, like Gecko) Version\/7.0.6 Safari\/537.78.2\"","userId":"29"}
{"youtuber":"Cartola","auth":"Logged In","firstName":"Jacqueline","gender":"F","itemInSession":33,"lastName":"Lynch","length":127.242,"level":"paid","location":"Atlanta-Sandy Springs-Roswell, GA","method":"PUT","page":"NextVideo","registration":1540223723796.0,"sessionId":589,"video":"Tive Sim","status":200,"ts":1542553965796,"userAgent":"\"Mozilla\/5.0 (Macintosh; Intel Mac OS X 10_9_4) AppleWebKit\/537.78.2 (KHTML, like Gecko) Version\/7.0.6 Safari\/537.78.2\"","userId":"29"}
{"youtuber":"Supertramp","auth":"Logged In","firstName":"Jacqueline","gender":"F","itemInSession":34,"lastName":"Lynch","length":264.38485,"level":"paid","location":"Atlanta-Sandy Springs-Roswell, GA","method":"PUT","page":"NextVideo","registration":1540223723796.0,"sessionId":589,"video":"It's Raining Again","status":200,"ts":1542554092796,"userAgent":"\"Mozilla\/5.0 (Macintosh; Intel Mac OS X 10_9_4) AppleWebKit\/537.78.2 (KHTML, like Gecko) Version\/7.0.6 Safari\/537.78.2\"","userId":"29"}
{"youtuber":"The Ruts","auth":"Logged In","firstName":"Jacqueline","gender":"F","itemInSession":35,"lastName":"Lynch","length":338.96444,"level":"paid","location":"Atlanta-Sandy Springs-Roswell, GA","method":"PUT","page":"NextVideo","registration":1540223723796.0,"sessionId":589,"video":"West One (Shine On Me)","status":200,"ts":1542554356796,"userAgent":"\"Mozilla\/5.0 (Macintosh; Intel Mac OS X 10_9_4) AppleWebKit\/537.78.2 (KHTML, like Gecko) Version\/7.0.6 Safari\/537.78.2\"","userId":"29"}
{"youtuber":"Marisa Monte","auth":"Logged In","firstName":"Jacqueline","gender":"F","itemInSession":36,"lastName":"Lynch","length":157.98812,"level":"paid","location":"Atlanta-Sandy Springs-Roswell, GA","method":"PUT","page":"NextVideo","registration":1540223723796.0,"sessionId":589,"video":"Abololo","status":200,"ts":1542554694796,"userAgent":"\"Mozilla\/5.0 (Macintosh; Intel Mac OS X 10_9_4) AppleWebKit\/537.78.2 (KHTML, like Gecko) Version\/7.0.6 Safari\/537.78.2\"","userId":"29"}
{"youtuber":"Smile Empty Soul","auth":"Logged In","firstName":"Jacqueline","gender":"F","itemInSession":37,"lastName":"Lynch","length":218.61832,"level":"paid","location":"Atlanta-Sandy Springs-Roswell, GA","method":"PUT","page":"NextVideo","registration":1540223723796.0,"sessionId":589,"video":"Bottom of a Bottle (Explicit Album Version)","status":200,"ts":1542554851796,"userAgent":"\"Mozilla\/5.0 (Macintosh; Intel Mac OS X 10_9_4) AppleWebKit\/537.78.2 (KHTML, like Gecko) Version\/7.0.6 Safari\/537.78.2\"","userId":"29"}
{"youtuber":"M83","auth":"Logged In","firstName":"Jacqueline","gender":"F","itemInSession":38,"lastName":"Lynch","length":251.79383,"level":"paid","location":"Atlanta-Sandy Springs-Roswell, GA","method":"PUT","page":"NextVideo","registration":1540223723796.0,"sessionId":589,"video":"Unrecorded","status":200,"ts":1542555069796,"userAgent":"\"Mozilla\/5.0 (Macintosh; Intel Mac OS X 10_9_4) AppleWebKit\/537.78.2 (KHTML, like Gecko) Version\/7.0.6 Safari\/537.78.2\"","userId":"29"}
{"youtuber":"Beats Antique","auth":"Logged In","firstName":"Jacqueline","gender":"F","itemInSession":39,"lastName":"Lynch","length":185.46893,"level":"paid","location":"Atlanta-Sandy Springs-Roswell, GA","method":"PUT","page":"NextVideo","registration":1540223723796.0,"sessionId":589,"video":"Roustabout (Bassnectar REMIX)","status":200,"ts":1542555320796,"userAgent":"\"Mozilla\/5.0 (Macintosh; Intel Mac OS X 10_9_4) AppleWebKit\/537.78.2 (KHTML, like Gecko) Version\/7.0.6 Safari\/537.78.2\"","userId":"29"}
{"youtuber":"Why?","auth":"Logged In","firstName":"Jacqueline","gender":"F","itemInSession":40,"lastName":"Lynch","length":246.07302,"level":"paid","location":"Atlanta-Sandy Springs-Roswell, GA","method":"PUT","page":"NextVideo","registration":1540223723796.0,"sessionId":589,"video":"The Vowels Pt. 2","status":200,"ts":1542555505796,"userAgent":"\"Mozilla\/5.0 (Macintosh; Intel Mac OS X 10_9_4) AppleWebKit\/537.78.2 (KHTML, like Gecko) Version\/7.0.6 Safari\/537.78.2\"","userId":"29"}
{"youtuber":"Chris Clark","auth":"Logged In","firstName":"Jacqueline","gender":"F","itemInSession":41,"lastName":"Lynch","length":162.11546,"level":"paid","location":"Atlanta-Sandy Springs-Roswell, GA","method":"PUT","page":"NextVideo","registration":1540223723796.0,"sessionId":589,"video":"From Head To Toe","status":200,"ts":1542555751796,"userAgent":"\"Mozilla\/5.0 (Macintosh; Intel Mac OS X 10_9_4) AppleWebKit\/537.78.2 (KHTML, like Gecko) Version\/7.0.6 Safari\/537.78.2\"","userId":"29"}
{"youtuber":"The Concretes","auth":"Logged In","firstName":"Jacqueline","gender":"F","itemInSession":42,"lastName":"Lynch","length":195.082,"level":"paid","location":"Atlanta-Sandy Springs-Roswell, GA","method":"PUT","page":"NextVideo","registration":1540223723796.0,"sessionId":589,"video":"On The Radio (Edit)","status":200,"ts":1542555913796,"userAgent":"\"Mozilla\/5.0 (Macintosh; Intel Mac OS X 10_9_4) AppleWebKit\/537.78.2 (KHTML, like Gecko) Version\/7.0.6 Safari\/537.78.2\"","userId":"29"}
{"youtuber":"Beyonc\u00c3\u0083\u00c2\u00a9","auth":"Logged In","firstName":"Jacqueline","gender":"F","itemInSession":43,"lastName":"Lynch","length":261.74649,"level":"paid","location":"Atlanta-Sandy Springs-Roswell, GA","method":"PUT","page":"NextVideo","registration":1540223723796.0,"sessionId":589,"video":"Halo","status":200,"ts":1542556108796,"userAgent":"\"Mozilla\/5.0 (Macintosh; Intel Mac OS X 10_9_4) AppleWebKit\/537.78.2 (KHTML, like Gecko) Version\/7.0.6 Safari\/537.78.2\"","userId":"29"}
{"youtuber":"Enya","auth":"Logged In","firstName":"Jacqueline","gender":"F","itemInSession":44,"lastName":"Lynch","length":218.53995,"level":"paid","location":"Atlanta-Sandy Springs-Roswell, GA","method":"PUT","page":"NextVideo","registration":1540223723796.0,"sessionId":589,"video":"Only Time (Original Version)","status":200,"ts":1542556369796,"userAgent":"\"Mozilla\/5.0 (Macintosh; Intel Mac OS X 10_9_4) AppleWebKit\/537.78.2 (KHTML, like Gecko) Version\/7.0.6 Safari\/537.78.2\"","userId":"29"}
{"youtuber":"C\u00c3\u0083\u00c2\u00a9line Dion","auth":"Logged In","firstName":"Jacqueline","gender":"F","itemInSession":45,"lastName":"Lynch","length":219.37587,"level":"paid","location":"Atlanta-Sandy Springs-Roswell, GA","method":"PUT","page":"NextVideo","registration":1540223723796.0,"sessionId":589,"video":"Ne me plaignez pas","status":200,"ts":1542556587796,"userAgent":"\"Mozilla\/5.0 (Macintosh; Intel Mac OS X 10_9_4) AppleWebKit\/537.78.2 (KHTML, like Gecko) Version\/7.0.6 Safari\/537.78.2\"","userId":"29"}
{"youtuber":"Rise Against","auth":"Logged In","firstName":"Jacqueline","gender":"F","itemInSession":46,"lastName":"Lynch","length":245.96853,"level":"paid","location":"Atlanta-Sandy Springs-Roswell, GA","method":"PUT","page":"NextVideo","registration":1540223723796.0,"sessionId":589,"video":"Audience Of One","status":200,"ts":1542556806796,"userAgent":"\"Mozilla\/5.0 (Macintosh; Intel Mac OS X 10_9_4) AppleWebKit\/537.78.2 (KHTML, like Gecko) Version\/7.0.6 Safari\/537.78.2\"","userId":"29"}
{"youtuber":"Kaiser Chiefs","auth":"Logged In","firstName":"Jacqueline","gender":"F","itemInSession":47,"lastName":"Lynch","length":203.07546,"level":"paid","location":"Atlanta-Sandy Springs-Roswell, GA","method":"PUT","page":"NextVideo","registration":1540223723796.0,"sessionId":589,"video":"Ruby","status":200,"ts":1542557051796,"userAgent":"\"Mozilla\/5.0 (Macintosh; Intel Mac OS X 10_9_4) AppleWebKit\/537.78.2 (KHTML, like Gecko) Version\/7.0.6 Safari\/537.78.2\"","userId":"29"}
{"youtuber":"Jag Panzer","auth":"Logged In","firstName":"Jacqueline","gender":"F","itemInSession":48,"lastName":"Lynch","length":217.99138,"level":"paid","location":"Atlanta-Sandy Springs-Roswell, GA","method":"PUT","page":"NextVideo","registration":1540223723796.0,"sessionId":589,"video":"Reign Of The Tyrants","status":200,"ts":1542557254796,"userAgent":"\"Mozilla\/5.0 (Macintosh; Intel Mac OS X 10_9_4) AppleWebKit\/537.78.2 (KHTML, like Gecko) Version\/7.0.6 Safari\/537.78.2\"","userId":"29"}
{"youtuber":"My Chemical Romance","auth":"Logged In","firstName":"Jacqueline","gender":"F","itemInSession":49,"lastName":"Lynch","length":203.41506,"level":"paid","location":"Atlanta-Sandy Springs-Roswell, GA","method":"PUT","page":"NextVideo","registration":1540223723796.0,"sessionId":589,"video":"The Ghost Of You (Album Version)","status":200,"ts":1542557471796,"userAgent":"\"Mozilla\/5.0 (Macintosh; Intel Mac OS X 10_9_4) AppleWebKit\/537.78.2 (KHTML, like Gecko) Version\/7.0.6 Safari\/537.78.2\"","userId":"29"}
{"youtuber":"Zeromancer","auth":"Logged In","firstName":"Jacqueline","gender":"F","itemInSession":50,"lastName":"Lynch","length":360.85506,"level":"paid","location":"Atlanta-Sandy Springs-Roswell, GA","method":"PUT","page":"NextVideo","registration":1540223723796.0,"sessionId":589,"video":"Cupola","status":200,"ts":1542557674796,"userAgent":"\"Mozilla\/5.0 (Macintosh; Intel Mac OS X 10_9_4) AppleWebKit\/537.78.2 (KHTML, like Gecko) Version\/7.0.6 Safari\/537.78.2\"","userId":"29"}
{"youtuber":"The Cardigans","auth":"Logged In","firstName":"Jacqueline","gender":"F","itemInSession":51,"lastName":"Lynch","length":197.38077,"level":"paid","location":"Atlanta-Sandy Springs-Roswell, GA","method":"PUT","page":"NextVideo","registration":1540223723796.0,"sessionId":589,"video":"Losers","status":200,"ts":1542558034796,"userAgent":"\"Mozilla\/5.0 (Macintosh; Intel Mac OS X 10_9_4) AppleWebKit\/537.78.2 (KHTML, like Gecko) Version\/7.0.6 Safari\/537.78.2\"","userId":"29"}
{"youtuber":"Future Rock","auth":"Logged In","firstName":"Jacqueline","gender":"F","itemInSession":52,"lastName":"Lynch","length":239.90812,"level":"paid","location":"Atlanta-Sandy Springs-Roswell, GA","method":"PUT","page":"NextVideo","registration":1540223723796.0,"sessionId":589,"video":"Gears","status":200,"ts":1542558231796,"userAgent":"\"Mozilla\/5.0 (Macintosh; Intel Mac OS X 10_9_4) AppleWebKit\/537.78.2 (KHTML, like Gecko) Version\/7.0.6 Safari\/537.78.2\"","userId":"29"}
{"youtuber":"Lady GaGa","auth":"Logged In","firstName":"Jacqueline","gender":"F","itemInSession":53,"lastName":"Lynch","length":274.18077,"level":"paid","location":"Atlanta-Sandy Springs-Roswell, GA","method":"PUT","page":"NextVideo","registration":1540223723796.0,"sessionId":589,"video":"Alejandro","status":200,"ts":1542558470796,"userAgent":"\"Mozilla\/5.0 (Macintosh; Intel Mac OS X 10_9_4) AppleWebKit\/537.78.2 (KHTML, like Gecko) Version\/7.0.6 Safari\/537.78.2\"","userId":"29"}
{"youtuber":null,"auth":"Logged In","firstName":"Ryan","gender":"M","itemInSession":0,"lastName":"Smith","length":null,"level":"free","location":"San Jose-Sunnyvale-Santa Clara, CA","method":"GET","page":"Home","registration":1541016707796.0,"sessionId":686,"video":null,"status":200,"ts":1542558612796,"userAgent":"\"Mozilla\/5.0 (X11; Linux x86_64) AppleWebKit\/537.36 (KHTML, like Gecko) Ubuntu Chromium\/36.0.1985.125 Chrome\/36.0.1985.125 Safari\/537.36\"","userId":"26"}
{"youtuber":"Keyshia Cole","auth":"Logged In","firstName":"Jacqueline","gender":"F","itemInSession":54,"lastName":"Lynch","length":227.60444,"level":"paid","location":"Atlanta-Sandy Springs-Roswell, GA","method":"PUT","page":"NextVideo","registration":1540223723796.0,"sessionId":589,"video":"Superstar","status":200,"ts":1542558744796,"userAgent":"\"Mozilla\/5.0 (Macintosh; Intel Mac OS X 10_9_4) AppleWebKit\/537.78.2 (KHTML, like Gecko) Version\/7.0.6 Safari\/537.78.2\"","userId":"29"}
{"youtuber":"Big Star","auth":"Logged In","firstName":"Jacqueline","gender":"F","itemInSession":55,"lastName":"Lynch","length":203.51955,"level":"paid","location":"Atlanta-Sandy Springs-Roswell, GA","method":"PUT","page":"NextVideo","registration":1540223723796.0,"sessionId":589,"video":"When My Baby's Beside Me","status":200,"ts":1542558971796,"userAgent":"\"Mozilla\/5.0 (Macintosh; Intel Mac OS X 10_9_4) AppleWebKit\/537.78.2 (KHTML, like Gecko) Version\/7.0.6 Safari\/537.78.2\"","userId":"29"}
{"youtuber":"Armin van Buuren","auth":"Logged In","firstName":"Ryan","gender":"M","itemInSession":1,"lastName":"Smith","length":435.51302,"level":"free","location":"San Jose-Sunnyvale-Santa Clara, CA","method":"PUT","page":"NextVideo","registration":1541016707796.0,"sessionId":686,"video":"Hold On To Me","status":200,"ts":1542559056796,"userAgent":"\"Mozilla\/5.0 (X11; Linux x86_64) AppleWebKit\/537.36 (KHTML, like Gecko) Ubuntu Chromium\/36.0.1985.125 Chrome\/36.0.1985.125 Safari\/537.36\"","userId":"26"}
{"youtuber":"Harmonia","auth":"Logged In","firstName":"Jacqueline","gender":"F","itemInSession":56,"lastName":"Lynch","length":655.77751,"level":"paid","location":"Atlanta-Sandy Springs-Roswell, GA","method":"PUT","page":"NextVideo","registration":1540223723796.0,"sessionId":589,"video":"Sehr kosmisch","status":200,"ts":1542559174796,"userAgent":"\"Mozilla\/5.0 (Macintosh; Intel Mac OS X 10_9_4) AppleWebKit\/537.78.2 (KHTML, like Gecko) Version\/7.0.6 Safari\/537.78.2\"","userId":"29"}
{"youtuber":"Jermaine Jackson","auth":"Logged In","firstName":"Jacqueline","gender":"F","itemInSession":57,"lastName":"Lynch","length":206.8371,"level":"paid","location":"Atlanta-Sandy Springs-Roswell, GA","method":"PUT","page":"NextVideo","registration":1540223723796.0,"sessionId":589,"video":"I Need You","status":200,"ts":1542559829796,"userAgent":"\"Mozilla\/5.0 (Macintosh; Intel Mac OS X 10_9_4) AppleWebKit\/537.78.2 (KHTML, like Gecko) Version\/7.0.6 Safari\/537.78.2\"","userId":"29"}
{"youtuber":"The Sons Of the Pioneers","auth":"Logged In","firstName":"Jacqueline","gender":"F","itemInSession":58,"lastName":"Lynch","length":175.59465,"level":"paid","location":"Atlanta-Sandy Springs-Roswell, GA","method":"PUT","page":"NextVideo","registration":1540223723796.0,"sessionId":589,"video":"Cool Water","status":200,"ts":1542560035796,"userAgent":"\"Mozilla\/5.0 (Macintosh; Intel Mac OS X 10_9_4) AppleWebKit\/537.78.2 (KHTML, like Gecko) Version\/7.0.6 Safari\/537.78.2\"","userId":"29"}
{"youtuber":"Ti\u00c3\u0083\u00c2\u00absto","auth":"Logged In","firstName":"Jacqueline","gender":"F","itemInSession":59,"lastName":"Lynch","length":231.73179,"level":"paid","location":"Atlanta-Sandy Springs-Roswell, GA","method":"PUT","page":"NextVideo","registration":1540223723796.0,"sessionId":589,"video":"In The Dark (ft. Christian Burns)","status":200,"ts":1542560210796,"userAgent":"\"Mozilla\/5.0 (Macintosh; Intel Mac OS X 10_9_4) AppleWebKit\/537.78.2 (KHTML, like Gecko) Version\/7.0.6 Safari\/537.78.2\"","userId":"29"}
{"youtuber":"U2","auth":"Logged In","firstName":"Jacqueline","gender":"F","itemInSession":60,"lastName":"Lynch","length":247.66649,"level":"paid","location":"Atlanta-Sandy Springs-Roswell, GA","method":"PUT","page":"NextVideo","registration":1540223723796.0,"sessionId":589,"video":"Window In The Skies","status":200,"ts":1542560441796,"userAgent":"\"Mozilla\/5.0 (Macintosh; Intel Mac OS X 10_9_4) AppleWebKit\/537.78.2 (KHTML, like Gecko) Version\/7.0.6 Safari\/537.78.2\"","userId":"29"}
{"youtuber":"Kanye West \/ Nas \/ Really Doe","auth":"Logged In","firstName":"Jacqueline","gender":"F","itemInSession":61,"lastName":"Lynch","length":448.57424,"level":"paid","location":"Atlanta-Sandy Springs-Roswell, GA","method":"PUT","page":"NextVideo","registration":1540223723796.0,"sessionId":589,"video":"We Major","status":200,"ts":1542560688796,"userAgent":"\"Mozilla\/5.0 (Macintosh; Intel Mac OS X 10_9_4) AppleWebKit\/537.78.2 (KHTML, like Gecko) Version\/7.0.6 Safari\/537.78.2\"","userId":"29"}
{"youtuber":"Radney Foster","auth":"Logged In","firstName":"Jacqueline","gender":"F","itemInSession":62,"lastName":"Lynch","length":288.96608,"level":"paid","location":"Atlanta-Sandy Springs-Roswell, GA","method":"PUT","page":"NextVideo","registration":1540223723796.0,"sessionId":589,"video":"Sweet And Wild","status":200,"ts":1542561136796,"userAgent":"\"Mozilla\/5.0 (Macintosh; Intel Mac OS X 10_9_4) AppleWebKit\/537.78.2 (KHTML, like Gecko) Version\/7.0.6 Safari\/537.78.2\"","userId":"29"}
{"youtuber":"Binary Star","auth":"Logged In","firstName":"Jacqueline","gender":"F","itemInSession":63,"lastName":"Lynch","length":268.93016,"level":"paid","location":"Atlanta-Sandy Springs-Roswell, GA","method":"PUT","page":"NextVideo","registration":1540223723796.0,"sessionId":589,"video":"Solar Powered","status":200,"ts":1542561424796,"userAgent":"\"Mozilla\/5.0 (Macintosh; Intel Mac OS X 10_9_4) AppleWebKit\/537.78.2 (KHTML, like Gecko) Version\/7.0.6 Safari\/537.78.2\"","userId":"29"}
{"youtuber":"Eminem","auth":"Logged In","firstName":"Jacqueline","gender":"F","itemInSession":64,"lastName":"Lynch","length":284.18567,"level":"paid","location":"Atlanta-Sandy Springs-Roswell, GA","method":"PUT","page":"NextVideo","registration":1540223723796.0,"sessionId":589,"video":"The Real Slim Shady","status":200,"ts":1542561692796,"userAgent":"\"Mozilla\/5.0 (Macintosh; Intel Mac OS X 10_9_4) AppleWebKit\/537.78.2 (KHTML, like Gecko) Version\/7.0.6 Safari\/537.78.2\"","userId":"29"}
{"youtuber":"Sick Puppies","auth":"Logged In","firstName":"Jacqueline","gender":"F","itemInSession":65,"lastName":"Lynch","length":248.58077,"level":"paid","location":"Atlanta-Sandy Springs-Roswell, GA","method":"PUT","page":"NextVideo","registration":1540223723796.0,"sessionId":589,"video":"What Are You Looking For","status":200,"ts":1542561976796,"userAgent":"\"Mozilla\/5.0 (Macintosh; Intel Mac OS X 10_9_4) AppleWebKit\/537.78.2 (KHTML, like Gecko) Version\/7.0.6 Safari\/537.78.2\"","userId":"29"}
{"youtuber":"OneRepublic","auth":"Logged In","firstName":"Jacqueline","gender":"F","itemInSession":66,"lastName":"Lynch","length":224.67873,"level":"paid","location":"Atlanta-Sandy Springs-Roswell, GA","method":"PUT","page":"NextVideo","registration":1540223723796.0,"sessionId":589,"video":"Secrets","status":200,"ts":1542562224796,"userAgent":"\"Mozilla\/5.0 (Macintosh; Intel Mac OS X 10_9_4) AppleWebKit\/537.78.2 (KHTML, like Gecko) Version\/7.0.6 Safari\/537.78.2\"","userId":"29"}
{"youtuber":"Say Anything","auth":"Logged In","firstName":"Jacqueline","gender":"F","itemInSession":67,"lastName":"Lynch","length":180.03546,"level":"paid","location":"Atlanta-Sandy Springs-Roswell, GA","method":"PUT","page":"NextVideo","registration":1540223723796.0,"sessionId":589,"video":"Wow_ I Can Get Sexual Too","status":200,"ts":1542562448796,"userAgent":"\"Mozilla\/5.0 (Macintosh; Intel Mac OS X 10_9_4) AppleWebKit\/537.78.2 (KHTML, like Gecko) Version\/7.0.6 Safari\/537.78.2\"","userId":"29"}
{"youtuber":"Nine Inch Nails","auth":"Logged In","firstName":"Jacqueline","gender":"F","itemInSession":68,"lastName":"Lynch","length":179.06893,"level":"paid","location":"Atlanta-Sandy Springs-Roswell, GA","method":"PUT","page":"NextVideo","registration":1540223723796.0,"sessionId":589,"video":"A Warm Place","status":200,"ts":1542562628796,"userAgent":"\"Mozilla\/5.0 (Macintosh; Intel Mac OS X 10_9_4) AppleWebKit\/537.78.2 (KHTML, like Gecko) Version\/7.0.6 Safari\/537.78.2\"","userId":"29"}
{"youtuber":"Bebe","auth":"Logged In","firstName":"Jacqueline","gender":"F","itemInSession":69,"lastName":"Lynch","length":234.762,"level":"paid","location":"Atlanta-Sandy Springs-Roswell, GA","method":"PUT","page":"NextVideo","registration":1540223723796.0,"sessionId":589,"video":"El Golpe","status":200,"ts":1542562807796,"userAgent":"\"Mozilla\/5.0 (Macintosh; Intel Mac OS X 10_9_4) AppleWebKit\/537.78.2 (KHTML, like Gecko) Version\/7.0.6 Safari\/537.78.2\"","userId":"29"}
{"youtuber":"Pennywise","auth":"Logged In","firstName":"Jacqueline","gender":"F","itemInSession":70,"lastName":"Lynch","length":138.05669,"level":"paid","location":"Atlanta-Sandy Springs-Roswell, GA","method":"PUT","page":"NextVideo","registration":1540223723796.0,"sessionId":589,"video":"Waste of Time","status":200,"ts":1542563041796,"userAgent":"\"Mozilla\/5.0 (Macintosh; Intel Mac OS X 10_9_4) AppleWebKit\/537.78.2 (KHTML, like Gecko) Version\/7.0.6 Safari\/537.78.2\"","userId":"29"}
{"youtuber":"Justice","auth":"Logged In","firstName":"Jacqueline","gender":"F","itemInSession":71,"lastName":"Lynch","length":265.16853,"level":"paid","location":"Atlanta-Sandy Springs-Roswell, GA","method":"PUT","page":"NextVideo","registration":1540223723796.0,"sessionId":589,"video":"Waters Of Nazareth (album version)","status":200,"ts":1542563179796,"userAgent":"\"Mozilla\/5.0 (Macintosh; Intel Mac OS X 10_9_4) AppleWebKit\/537.78.2 (KHTML, like Gecko) Version\/7.0.6 Safari\/537.78.2\"","userId":"29"}
{"youtuber":"Panic At The Disco","auth":"Logged In","firstName":"Jacqueline","gender":"F","itemInSession":72,"lastName":"Lynch","length":259.29098,"level":"paid","location":"Atlanta-Sandy Springs-Roswell, GA","method":"PUT","page":"NextVideo","registration":1540223723796.0,"sessionId":589,"video":"Behind The Sea [Live In Chicago]","status":200,"ts":1542563444796,"userAgent":"\"Mozilla\/5.0 (Macintosh; Intel Mac OS X 10_9_4) AppleWebKit\/537.78.2 (KHTML, like Gecko) Version\/7.0.6 Safari\/537.78.2\"","userId":"29"}
{"youtuber":"Los L\u00c3\u0083\u00c2\u00a1tigos","auth":"Logged In","firstName":"Jacqueline","gender":"F","itemInSession":73,"lastName":"Lynch","length":122.17424,"level":"paid","location":"Atlanta-Sandy Springs-Roswell, GA","method":"PUT","page":"NextVideo","registration":1540223723796.0,"sessionId":589,"video":"Besos Y Caricias","status":200,"ts":1542563703796,"userAgent":"\"Mozilla\/5.0 (Macintosh; Intel Mac OS X 10_9_4) AppleWebKit\/537.78.2 (KHTML, like Gecko) Version\/7.0.6 Safari\/537.78.2\"","userId":"29"}
{"youtuber":"Sick Puppies","auth":"Logged In","firstName":"Jacqueline","gender":"F","itemInSession":74,"lastName":"Lynch","length":209.44934,"level":"paid","location":"Atlanta-Sandy Springs-Roswell, GA","method":"PUT","page":"NextVideo","registration":1540223723796.0,"sessionId":589,"video":"Maybe","status":200,"ts":1542563825796,"userAgent":"\"Mozilla\/5.0 (Macintosh; Intel Mac OS X 10_9_4) AppleWebKit\/537.78.2 (KHTML, like Gecko) Version\/7.0.6 Safari\/537.78.2\"","userId":"29"}
{"youtuber":"David Crowder*Band","auth":"Logged In","firstName":"Jacqueline","gender":"F","itemInSession":75,"lastName":"Lynch","length":165.14567,"level":"paid","location":"Atlanta-Sandy Springs-Roswell, GA","method":"PUT","page":"NextVideo","registration":1540223723796.0,"sessionId":589,"video":"I Saw The Light","status":200,"ts":1542564034796,"userAgent":"\"Mozilla\/5.0 (Macintosh; Intel Mac OS X 10_9_4) AppleWebKit\/537.78.2 (KHTML, like Gecko) Version\/7.0.6 Safari\/537.78.2\"","userId":"29"}
{"youtuber":"Supersister","auth":"Logged In","firstName":"Jacqueline","gender":"F","itemInSession":76,"lastName":"Lynch","length":606.06649,"level":"paid","location":"Atlanta-Sandy Springs-Roswell, GA","method":"PUT","page":"NextVideo","registration":1540223723796.0,"sessionId":589,"video":"A Girl Named You","status":200,"ts":1542564199796,"userAgent":"\"Mozilla\/5.0 (Macintosh; Intel Mac OS X 10_9_4) AppleWebKit\/537.78.2 (KHTML, like Gecko) Version\/7.0.6 Safari\/537.78.2\"","userId":"29"}
{"youtuber":"Faith No More","auth":"Logged In","firstName":"Jacqueline","gender":"F","itemInSession":77,"lastName":"Lynch","length":249.86077,"level":"paid","location":"Atlanta-Sandy Springs-Roswell, GA","method":"PUT","page":"NextVideo","registration":1540223723796.0,"sessionId":589,"video":"Last Cup Of Sorrow","status":200,"ts":1542564805796,"userAgent":"\"Mozilla\/5.0 (Macintosh; Intel Mac OS X 10_9_4) AppleWebKit\/537.78.2 (KHTML, like Gecko) Version\/7.0.6 Safari\/537.78.2\"","userId":"29"}
{"youtuber":"Jet Black Stare","auth":"Logged In","firstName":"Jacqueline","gender":"F","itemInSession":78,"lastName":"Lynch","length":211.30404,"level":"paid","location":"Atlanta-Sandy Springs-Roswell, GA","method":"PUT","page":"NextVideo","registration":1540223723796.0,"sessionId":589,"video":"Rearview Mirror","status":200,"ts":1542565054796,"userAgent":"\"Mozilla\/5.0 (Macintosh; Intel Mac OS X 10_9_4) AppleWebKit\/537.78.2 (KHTML, like Gecko) Version\/7.0.6 Safari\/537.78.2\"","userId":"29"}
{"youtuber":null,"auth":"Logged In","firstName":"Jacqueline","gender":"F","itemInSession":79,"lastName":"Lynch","length":null,"level":"paid","location":"Atlanta-Sandy Springs-Roswell, GA","method":"GET","page":"Home","registration":1540223723796.0,"sessionId":589,"video":null,"status":200,"ts":1542565113796,"userAgent":"\"Mozilla\/5.0 (Macintosh; Intel Mac OS X 10_9_4) AppleWebKit\/537.78.2 (KHTML, like Gecko) Version\/7.0.6 Safari\/537.78.2\"","userId":"29"}
{"youtuber":"Muse","auth":"Logged In","firstName":"Jacqueline","gender":"F","itemInSession":80,"lastName":"Lynch","length":209.50159,"level":"paid","location":"Atlanta-Sandy Springs-Roswell, GA","method":"PUT","page":"NextVideo","registration":1540223723796.0,"sessionId":589,"video":"Supermassive Black Hole (Twilight Soundtrack Version)","status":200,"ts":1542565265796,"userAgent":"\"Mozilla\/5.0 (Macintosh; Intel Mac OS X 10_9_4) AppleWebKit\/537.78.2 (KHTML, like Gecko) Version\/7.0.6 Safari\/537.78.2\"","userId":"29"}
{"youtuber":"Nikka Costa","auth":"Logged In","firstName":"Jacqueline","gender":"F","itemInSession":81,"lastName":"Lynch","length":228.46649,"level":"paid","location":"Atlanta-Sandy Springs-Roswell, GA","method":"PUT","page":"NextVideo","registration":1540223723796.0,"sessionId":589,"video":"Just Because","status":200,"ts":1542565474796,"userAgent":"\"Mozilla\/5.0 (Macintosh; Intel Mac OS X 10_9_4) AppleWebKit\/537.78.2 (KHTML, like Gecko) Version\/7.0.6 Safari\/537.78.2\"","userId":"29"}
{"youtuber":"The Black Keys","auth":"Logged In","firstName":"Jacqueline","gender":"F","itemInSession":82,"lastName":"Lynch","length":139.51955,"level":"paid","location":"Atlanta-Sandy Springs-Roswell, GA","method":"PUT","page":"NextVideo","registration":1540223723796.0,"sessionId":589,"video":"I'll Be Your Man","status":200,"ts":1542565702796,"userAgent":"\"Mozilla\/5.0 (Macintosh; Intel Mac OS X 10_9_4) AppleWebKit\/537.78.2 (KHTML, like Gecko) Version\/7.0.6 Safari\/537.78.2\"","userId":"29"}
{"youtuber":"Expos\u00c3\u0083\u00c2\u00a9","auth":"Logged In","firstName":"Jacqueline","gender":"F","itemInSession":83,"lastName":"Lynch","length":249.41669,"level":"paid","location":"Atlanta-Sandy Springs-Roswell, GA","method":"PUT","page":"NextVideo","registration":1540223723796.0,"sessionId":589,"video":"Let Me Be The One","status":200,"ts":1542565841796,"userAgent":"\"Mozilla\/5.0 (Macintosh; Intel Mac OS X 10_9_4) AppleWebKit\/537.78.2 (KHTML, like Gecko) Version\/7.0.6 Safari\/537.78.2\"","userId":"29"}
{"youtuber":"Otis Rush","auth":"Logged In","firstName":"Jacqueline","gender":"F","itemInSession":84,"lastName":"Lynch","length":142.62812,"level":"paid","location":"Atlanta-Sandy Springs-Roswell, GA","method":"PUT","page":"NextVideo","registration":1540223723796.0,"sessionId":589,"video":"Sit Down Baby","status":200,"ts":1542566090796,"userAgent":"\"Mozilla\/5.0 (Macintosh; Intel Mac OS X 10_9_4) AppleWebKit\/537.78.2 (KHTML, like Gecko) Version\/7.0.6 Safari\/537.78.2\"","userId":"29"}
{"youtuber":"Wavves","auth":"Logged In","firstName":"Jacqueline","gender":"F","itemInSession":85,"lastName":"Lynch","length":193.59302,"level":"paid","location":"Atlanta-Sandy Springs-Roswell, GA","method":"PUT","page":"NextVideo","registration":1540223723796.0,"sessionId":589,"video":"So Bored","status":200,"ts":1542566232796,"userAgent":"\"Mozilla\/5.0 (Macintosh; Intel Mac OS X 10_9_4) AppleWebKit\/537.78.2 (KHTML, like Gecko) Version\/7.0.6 Safari\/537.78.2\"","userId":"29"}
{"youtuber":"Taking Back Sunday","auth":"Logged In","firstName":"Jacqueline","gender":"F","itemInSession":86,"lastName":"Lynch","length":234.08281,"level":"paid","location":"Atlanta-Sandy Springs-Roswell, GA","method":"PUT","page":"NextVideo","registration":1540223723796.0,"sessionId":589,"video":"The Ballad Of Sal Villanueva (Album Version)","status":200,"ts":1542566425796,"userAgent":"\"Mozilla\/5.0 (Macintosh; Intel Mac OS X 10_9_4) AppleWebKit\/537.78.2 (KHTML, like Gecko) Version\/7.0.6 Safari\/537.78.2\"","userId":"29"}
{"youtuber":"Apocalyptica","auth":"Logged In","firstName":"Jacqueline","gender":"F","itemInSession":87,"lastName":"Lynch","length":206.15791,"level":"paid","location":"Atlanta-Sandy Springs-Roswell, GA","method":"PUT","page":"NextVideo","registration":1540223723796.0,"sessionId":589,"video":"Quutamo","status":200,"ts":1542566659796,"userAgent":"\"Mozilla\/5.0 (Macintosh; Intel Mac OS X 10_9_4) AppleWebKit\/537.78.2 (KHTML, like Gecko) Version\/7.0.6 Safari\/537.78.2\"","userId":"29"}
{"youtuber":"Reel Big Fish","auth":"Logged In","firstName":"Jacqueline","gender":"F","itemInSession":88,"lastName":"Lynch","length":158.51057,"level":"paid","location":"Atlanta-Sandy Springs-Roswell, GA","method":"PUT","page":"NextVideo","registration":1540223723796.0,"sessionId":589,"video":"Turn The Radio Off","status":200,"ts":1542566865796,"userAgent":"\"Mozilla\/5.0 (Macintosh; Intel Mac OS X 10_9_4) AppleWebKit\/537.78.2 (KHTML, like Gecko) Version\/7.0.6 Safari\/537.78.2\"","userId":"29"}
{"youtuber":"Love Shop","auth":"Logged In","firstName":"Jacqueline","gender":"F","itemInSession":89,"lastName":"Lynch","length":308.1922,"level":"paid","location":"Atlanta-Sandy Springs-Roswell, GA","method":"PUT","page":"NextVideo","registration":1540223723796.0,"sessionId":589,"video":"En Nat Bliver Det Sommer","status":200,"ts":1542567023796,"userAgent":"\"Mozilla\/5.0 (Macintosh; Intel Mac OS X 10_9_4) AppleWebKit\/537.78.2 (KHTML, like Gecko) Version\/7.0.6 Safari\/537.78.2\"","userId":"29"}
{"youtuber":"Erin McKeown","auth":"Logged In","firstName":"Jacqueline","gender":"F","itemInSession":90,"lastName":"Lynch","length":338.46812,"level":"paid","location":"Atlanta-Sandy Springs-Roswell, GA","method":"PUT","page":"NextVideo","registration":1540223723796.0,"sessionId":589,"video":"Fast As I Can","status":200,"ts":1542567331796,"userAgent":"\"Mozilla\/5.0 (Macintosh; Intel Mac OS X 10_9_4) AppleWebKit\/537.78.2 (KHTML, like Gecko) Version\/7.0.6 Safari\/537.78.2\"","userId":"29"}
{"youtuber":"Deadmau5","auth":"Logged In","firstName":"Jacqueline","gender":"F","itemInSession":91,"lastName":"Lynch","length":463.04608,"level":"paid","location":"Atlanta-Sandy Springs-Roswell, GA","method":"PUT","page":"NextVideo","registration":1540223723796.0,"sessionId":589,"video":"Slip","status":200,"ts":1542567669796,"userAgent":"\"Mozilla\/5.0 (Macintosh; Intel Mac OS X 10_9_4) AppleWebKit\/537.78.2 (KHTML, like Gecko) Version\/7.0.6 Safari\/537.78.2\"","userId":"29"}
{"youtuber":"Guns N' Roses","auth":"Logged In","firstName":"Jacqueline","gender":"F","itemInSession":92,"lastName":"Lynch","length":322.2722,"level":"paid","location":"Atlanta-Sandy Springs-Roswell, GA","method":"PUT","page":"NextVideo","registration":1540223723796.0,"sessionId":589,"video":"The Garden","status":200,"ts":1542568132796,"userAgent":"\"Mozilla\/5.0 (Macintosh; Intel Mac OS X 10_9_4) AppleWebKit\/537.78.2 (KHTML, like Gecko) Version\/7.0.6 Safari\/537.78.2\"","userId":"29"}
{"youtuber":"Dntel","auth":"Logged In","firstName":"Jacqueline","gender":"F","itemInSession":93,"lastName":"Lynch","length":226.82077,"level":"paid","location":"Atlanta-Sandy Springs-Roswell, GA","method":"PUT","page":"NextVideo","registration":1540223723796.0,"sessionId":589,"video":"I'd Like To Know","status":200,"ts":1542568454796,"userAgent":"\"Mozilla\/5.0 (Macintosh; Intel Mac OS X 10_9_4) AppleWebKit\/537.78.2 (KHTML, like Gecko) Version\/7.0.6 Safari\/537.78.2\"","userId":"29"}
{"youtuber":"Faron Young","auth":"Logged In","firstName":"Jacqueline","gender":"F","itemInSession":94,"lastName":"Lynch","length":135.31383,"level":"paid","location":"Atlanta-Sandy Springs-Roswell, GA","method":"PUT","page":"NextVideo","registration":1540223723796.0,"sessionId":589,"video":"Hello Walls","status":200,"ts":1542568680796,"userAgent":"\"Mozilla\/5.0 (Macintosh; Intel Mac OS X 10_9_4) AppleWebKit\/537.78.2 (KHTML, like Gecko) Version\/7.0.6 Safari\/537.78.2\"","userId":"29"}
{"youtuber":"Fonseca","auth":"Logged In","firstName":"Jacqueline","gender":"F","itemInSession":95,"lastName":"Lynch","length":276.03546,"level":"paid","location":"Atlanta-Sandy Springs-Roswell, GA","method":"PUT","page":"NextVideo","registration":1540223723796.0,"sessionId":589,"video":"Como Me Mira","status":200,"ts":1542568815796,"userAgent":"\"Mozilla\/5.0 (Macintosh; Intel Mac OS X 10_9_4) AppleWebKit\/537.78.2 (KHTML, like Gecko) Version\/7.0.6 Safari\/537.78.2\"","userId":"29"}
{"youtuber":"Platero Y Tu","auth":"Logged In","firstName":"Magdalene","gender":"F","itemInSession":0,"lastName":"Herman","length":133.61587,"level":"free","location":"Dallas-Fort Worth-Arlington, TX","method":"PUT","page":"NextVideo","registration":1540766630796.0,"sessionId":656,"video":"Imanol","status":200,"ts":1542569033796,"userAgent":"\"Mozilla\/5.0 (Windows NT 6.1; WOW64) AppleWebKit\/537.36 (KHTML, like Gecko) Chrome\/37.0.2062.102 Safari\/537.36\"","userId":"77"}
{"youtuber":"Goldfrapp","auth":"Logged In","firstName":"Jacqueline","gender":"F","itemInSession":96,"lastName":"Lynch","length":285.36118,"level":"paid","location":"Atlanta-Sandy Springs-Roswell, GA","method":"PUT","page":"NextVideo","registration":1540223723796.0,"sessionId":589,"video":"Beautiful","status":200,"ts":1542569091796,"userAgent":"\"Mozilla\/5.0 (Macintosh; Intel Mac OS X 10_9_4) AppleWebKit\/537.78.2 (KHTML, like Gecko) Version\/7.0.6 Safari\/537.78.2\"","userId":"29"}
{"youtuber":"Simon Harris","auth":"Logged In","firstName":"Magdalene","gender":"F","itemInSession":1,"lastName":"Herman","length":195.83955,"level":"free","location":"Dallas-Fort Worth-Arlington, TX","method":"PUT","page":"NextVideo","registration":1540766630796.0,"sessionId":656,"video":"Sample Track 2","status":200,"ts":1542569166796,"userAgent":"\"Mozilla\/5.0 (Windows NT 6.1; WOW64) AppleWebKit\/537.36 (KHTML, like Gecko) Chrome\/37.0.2062.102 Safari\/537.36\"","userId":"77"}
{"youtuber":"Hoobastank","auth":"Logged In","firstName":"Jacqueline","gender":"F","itemInSession":97,"lastName":"Lynch","length":202.57914,"level":"paid","location":"Atlanta-Sandy Springs-Roswell, GA","method":"PUT","page":"NextVideo","registration":1540223723796.0,"sessionId":589,"video":"Up And Gone","status":200,"ts":1542569376796,"userAgent":"\"Mozilla\/5.0 (Macintosh; Intel Mac OS X 10_9_4) AppleWebKit\/537.78.2 (KHTML, like Gecko) Version\/7.0.6 Safari\/537.78.2\"","userId":"29"}
{"youtuber":"Various Artists - Delicious Vinyl","auth":"Logged In","firstName":"Jacqueline","gender":"F","itemInSession":98,"lastName":"Lynch","length":264.25424,"level":"paid","location":"Atlanta-Sandy Springs-Roswell, GA","method":"PUT","page":"NextVideo","registration":1540223723796.0,"sessionId":589,"video":"Bust A Move","status":200,"ts":1542569578796,"userAgent":"\"Mozilla\/5.0 (Macintosh; Intel Mac OS X 10_9_4) AppleWebKit\/537.78.2 (KHTML, like Gecko) Version\/7.0.6 Safari\/537.78.2\"","userId":"29"}
{"youtuber":"Buena Vista Social Club","auth":"Logged In","firstName":"Jacqueline","gender":"F","itemInSession":99,"lastName":"Lynch","length":174.28853,"level":"paid","location":"Atlanta-Sandy Springs-Roswell, GA","method":"PUT","page":"NextVideo","registration":1540223723796.0,"sessionId":589,"video":"La Bayamesa","status":200,"ts":1542569842796,"userAgent":"\"Mozilla\/5.0 (Macintosh; Intel Mac OS X 10_9_4) AppleWebKit\/537.78.2 (KHTML, like Gecko) Version\/7.0.6 Safari\/537.78.2\"","userId":"29"}
{"youtuber":"Train","auth":"Logged In","firstName":"Jacqueline","gender":"F","itemInSession":100,"lastName":"Lynch","length":205.45261,"level":"paid","location":"Atlanta-Sandy Springs-Roswell, GA","method":"PUT","page":"NextVideo","registration":1540223723796.0,"sessionId":589,"video":"Marry Me","status":200,"ts":1542570016796,"userAgent":"\"Mozilla\/5.0 (Macintosh; Intel Mac OS X 10_9_4) AppleWebKit\/537.78.2 (KHTML, like Gecko) Version\/7.0.6 Safari\/537.78.2\"","userId":"29"}
{"youtuber":null,"auth":"Logged In","firstName":"Jacqueline","gender":"F","itemInSession":101,"lastName":"Lynch","length":null,"level":"paid","location":"Atlanta-Sandy Springs-Roswell, GA","method":"GET","page":"Home","registration":1540223723796.0,"sessionId":589,"video":null,"status":200,"ts":1542570124796,"userAgent":"\"Mozilla\/5.0 (Macintosh; Intel Mac OS X 10_9_4) AppleWebKit\/537.78.2 (KHTML, like Gecko) Version\/7.0.6 Safari\/537.78.2\"","userId":"29"}
{"youtuber":"Diam's","auth":"Logged In","firstName":"Jacqueline","gender":"F","itemInSession":102,"lastName":"Lynch","length":250.72281,"level":"paid","location":"Atlanta-Sandy Springs-Roswell, GA","method":"PUT","page":"NextVideo","registration":1540223723796.0,"sessionId":589,"video":"Dans Ma Bulle (Edit Radio - Live 2006)","status":200,"ts":1542570221796,"userAgent":"\"Mozilla\/5.0 (Macintosh; Intel Mac OS X 10_9_4) AppleWebKit\/537.78.2 (KHTML, like Gecko) Version\/7.0.6 Safari\/537.78.2\"","userId":"29"}
{"youtuber":"Seal","auth":"Logged In","firstName":"Jacqueline","gender":"F","itemInSession":103,"lastName":"Lynch","length":288.9922,"level":"paid","location":"Atlanta-Sandy Springs-Roswell, GA","method":"PUT","page":"NextVideo","registration":1540223723796.0,"sessionId":589,"video":"The Beginning (Single Remix)","status":200,"ts":1542570471796,"userAgent":"\"Mozilla\/5.0 (Macintosh; Intel Mac OS X 10_9_4) AppleWebKit\/537.78.2 (KHTML, like Gecko) Version\/7.0.6 Safari\/537.78.2\"","userId":"29"}
{"youtuber":"Flying Lotus","auth":"Logged In","firstName":"Jacqueline","gender":"F","itemInSession":104,"lastName":"Lynch","length":191.16363,"level":"paid","location":"Atlanta-Sandy Springs-Roswell, GA","method":"PUT","page":"NextVideo","registration":1540223723796.0,"sessionId":589,"video":"Hello","status":200,"ts":1542570759796,"userAgent":"\"Mozilla\/5.0 (Macintosh; Intel Mac OS X 10_9_4) AppleWebKit\/537.78.2 (KHTML, like Gecko) Version\/7.0.6 Safari\/537.78.2\"","userId":"29"}
{"youtuber":"Belouis Some","auth":"Logged In","firstName":"Jacqueline","gender":"F","itemInSession":105,"lastName":"Lynch","length":331.15383,"level":"paid","location":"Atlanta-Sandy Springs-Roswell, GA","method":"PUT","page":"NextVideo","registration":1540223723796.0,"sessionId":589,"video":"Imagination (12'' Version)","status":200,"ts":1542570950796,"userAgent":"\"Mozilla\/5.0 (Macintosh; Intel Mac OS X 10_9_4) AppleWebKit\/537.78.2 (KHTML, like Gecko) Version\/7.0.6 Safari\/537.78.2\"","userId":"29"}
{"youtuber":null,"auth":"Logged In","firstName":"Chloe","gender":"F","itemInSession":0,"lastName":"Cuevas","length":null,"level":"paid","location":"San Francisco-Oakland-Hayward, CA","method":"GET","page":"Home","registration":1540940782796.0,"sessionId":695,"video":null,"status":200,"ts":1542570995796,"userAgent":"Mozilla\/5.0 (Windows NT 5.1; rv:31.0) Gecko\/20100101 Firefox\/31.0","userId":"49"}
{"youtuber":"Estuera","auth":"Logged In","firstName":"Chloe","gender":"F","itemInSession":1,"lastName":"Cuevas","length":505.44281,"level":"paid","location":"San Francisco-Oakland-Hayward, CA","method":"PUT","page":"NextVideo","registration":1540940782796.0,"sessionId":695,"video":"Palma Solane","status":200,"ts":1542571143796,"userAgent":"Mozilla\/5.0 (Windows NT 5.1; rv:31.0) Gecko\/20100101 Firefox\/31.0","userId":"49"}
{"youtuber":"The Fray","auth":"Logged In","firstName":"Jacqueline","gender":"F","itemInSession":106,"lastName":"Lynch","length":256.60036,"level":"paid","location":"Atlanta-Sandy Springs-Roswell, GA","method":"PUT","page":"NextVideo","registration":1540223723796.0,"sessionId":589,"video":"Never Say Never","status":200,"ts":1542571281796,"userAgent":"\"Mozilla\/5.0 (Macintosh; Intel Mac OS X 10_9_4) AppleWebKit\/537.78.2 (KHTML, like Gecko) Version\/7.0.6 Safari\/537.78.2\"","userId":"29"}
{"youtuber":"Muse","auth":"Logged In","firstName":"Jacqueline","gender":"F","itemInSession":107,"lastName":"Lynch","length":223.63383,"level":"paid","location":"Atlanta-Sandy Springs-Roswell, GA","method":"PUT","page":"NextVideo","registration":1540223723796.0,"sessionId":589,"video":"Sunburn [Live]","status":200,"ts":1542571537796,"userAgent":"\"Mozilla\/5.0 (Macintosh; Intel Mac OS X 10_9_4) AppleWebKit\/537.78.2 (KHTML, like Gecko) Version\/7.0.6 Safari\/537.78.2\"","userId":"29"}
{"youtuber":"The Libertines","auth":"Logged In","firstName":"Chloe","gender":"F","itemInSession":2,"lastName":"Cuevas","length":160.39138,"level":"paid","location":"San Francisco-Oakland-Hayward, CA","method":"PUT","page":"NextVideo","registration":1540940782796.0,"sessionId":695,"video":"Up The Bracket","status":200,"ts":1542571648796,"userAgent":"Mozilla\/5.0 (Windows NT 5.1; rv:31.0) Gecko\/20100101 Firefox\/31.0","userId":"49"}
{"youtuber":"Taylor Swift","auth":"Logged In","firstName":"Jacqueline","gender":"F","itemInSession":108,"lastName":"Lynch","length":233.89995,"level":"paid","location":"Atlanta-Sandy Springs-Roswell, GA","method":"PUT","page":"NextVideo","registration":1540223723796.0,"sessionId":589,"video":"Love Story","status":200,"ts":1542571760796,"userAgent":"\"Mozilla\/5.0 (Macintosh; Intel Mac OS X 10_9_4) AppleWebKit\/537.78.2 (KHTML, like Gecko) Version\/7.0.6 Safari\/537.78.2\"","userId":"29"}
{"youtuber":"Bobby Lee","auth":"Logged In","firstName":"Jacqueline","gender":"F","itemInSession":109,"lastName":"Lynch","length":247.43138,"level":"paid","location":"Atlanta-Sandy Springs-Roswell, GA","method":"PUT","page":"NextVideo","registration":1540223723796.0,"sessionId":589,"video":"Be Aware","status":200,"ts":1542571993796,"userAgent":"\"Mozilla\/5.0 (Macintosh; Intel Mac OS X 10_9_4) AppleWebKit\/537.78.2 (KHTML, like Gecko) Version\/7.0.6 Safari\/537.78.2\"","userId":"29"}
{"youtuber":"Great White","auth":"Logged In","firstName":"Jacqueline","gender":"F","itemInSession":110,"lastName":"Lynch","length":357.14567,"level":"paid","location":"Atlanta-Sandy Springs-Roswell, GA","method":"PUT","page":"NextVideo","registration":1540223723796.0,"sessionId":589,"video":"House Of Broken Love","status":200,"ts":1542572240796,"userAgent":"\"Mozilla\/5.0 (Macintosh; Intel Mac OS X 10_9_4) AppleWebKit\/537.78.2 (KHTML, like Gecko) Version\/7.0.6 Safari\/537.78.2\"","userId":"29"}
{"youtuber":null,"auth":"Logged In","firstName":"Chloe","gender":"F","itemInSession":3,"lastName":"Cuevas","length":null,"level":"paid","location":"San Francisco-Oakland-Hayward, CA","method":"GET","page":"Help","registration":1540940782796.0,"sessionId":695,"video":null,"status":200,"ts":1542572319796,"userAgent":"Mozilla\/5.0 (Windows NT 5.1; rv:31.0) Gecko\/20100101 Firefox\/31.0","userId":"49"}
{"youtuber":null,"auth":"Logged In","firstName":"Jacqueline","gender":"F","itemInSession":111,"lastName":"Lynch","length":null,"level":"paid","location":"Atlanta-Sandy Springs-Roswell, GA","method":"GET","page":"Home","registration":1540223723796.0,"sessionId":589,"video":null,"status":200,"ts":1542572342796,"userAgent":"\"Mozilla\/5.0 (Macintosh; Intel Mac OS X 10_9_4) AppleWebKit\/537.78.2 (KHTML, like Gecko) Version\/7.0.6 Safari\/537.78.2\"","userId":"29"}
{"youtuber":"Boys Noize","auth":"Logged In","firstName":"Jacqueline","gender":"F","itemInSession":112,"lastName":"Lynch","length":330.762,"level":"paid","location":"Atlanta-Sandy Springs-Roswell, GA","method":"PUT","page":"NextVideo","registration":1540223723796.0,"sessionId":589,"video":"Don\u00c3\u0082\u00c2\u00b4t Believe The Hype","status":200,"ts":1542572597796,"userAgent":"\"Mozilla\/5.0 (Macintosh; Intel Mac OS X 10_9_4) AppleWebKit\/537.78.2 (KHTML, like Gecko) Version\/7.0.6 Safari\/537.78.2\"","userId":"29"}
{"youtuber":"Katy Perry","auth":"Logged In","firstName":"Jacqueline","gender":"F","itemInSession":113,"lastName":"Lynch","length":179.40853,"level":"paid","location":"Atlanta-Sandy Springs-Roswell, GA","method":"PUT","page":"NextVideo","registration":1540223723796.0,"sessionId":589,"video":"I Kissed A Girl","status":200,"ts":1542572927796,"userAgent":"\"Mozilla\/5.0 (Macintosh; Intel Mac OS X 10_9_4) AppleWebKit\/537.78.2 (KHTML, like Gecko) Version\/7.0.6 Safari\/537.78.2\"","userId":"29"}
{"youtuber":"Platero Y Tu","auth":"Logged In","firstName":"Jacqueline","gender":"F","itemInSession":114,"lastName":"Lynch","length":133.61587,"level":"paid","location":"Atlanta-Sandy Springs-Roswell, GA","method":"PUT","page":"NextVideo","registration":1540223723796.0,"sessionId":589,"video":"Imanol","status":200,"ts":1542573106796,"userAgent":"\"Mozilla\/5.0 (Macintosh; Intel Mac OS X 10_9_4) AppleWebKit\/537.78.2 (KHTML, like Gecko) Version\/7.0.6 Safari\/537.78.2\"","userId":"29"}
{"youtuber":"Kim Carnes","auth":"Logged In","firstName":"Jacqueline","gender":"F","itemInSession":115,"lastName":"Lynch","length":217.28608,"level":"paid","location":"Atlanta-Sandy Springs-Roswell, GA","method":"PUT","page":"NextVideo","registration":1540223723796.0,"sessionId":589,"video":"Crazy In The Night (Barking At Airplanes)","status":200,"ts":1542573239796,"userAgent":"\"Mozilla\/5.0 (Macintosh; Intel Mac OS X 10_9_4) AppleWebKit\/537.78.2 (KHTML, like Gecko) Version\/7.0.6 Safari\/537.78.2\"","userId":"29"}
{"youtuber":"Apollo 100","auth":"Logged In","firstName":"Jacqueline","gender":"F","itemInSession":116,"lastName":"Lynch","length":163.42159,"level":"paid","location":"Atlanta-Sandy Springs-Roswell, GA","method":"PUT","page":"NextVideo","registration":1540223723796.0,"sessionId":589,"video":"Joy","status":200,"ts":1542573456796,"userAgent":"\"Mozilla\/5.0 (Macintosh; Intel Mac OS X 10_9_4) AppleWebKit\/537.78.2 (KHTML, like Gecko) Version\/7.0.6 Safari\/537.78.2\"","userId":"29"}
{"youtuber":null,"auth":"Logged In","firstName":"Chloe","gender":"F","itemInSession":4,"lastName":"Cuevas","length":null,"level":"paid","location":"San Francisco-Oakland-Hayward, CA","method":"GET","page":"Downgrade","registration":1540940782796.0,"sessionId":695,"video":null,"status":200,"ts":1542573462796,"userAgent":"Mozilla\/5.0 (Windows NT 5.1; rv:31.0) Gecko\/20100101 Firefox\/31.0","userId":"49"}
{"youtuber":"The Black Keys","auth":"Logged In","firstName":"Jacqueline","gender":"F","itemInSession":117,"lastName":"Lynch","length":191.76444,"level":"paid","location":"Atlanta-Sandy Springs-Roswell, GA","method":"PUT","page":"NextVideo","registration":1540223723796.0,"sessionId":589,"video":"Howlin\u0019 For You","status":200,"ts":1542573619796,"userAgent":"\"Mozilla\/5.0 (Macintosh; Intel Mac OS X 10_9_4) AppleWebKit\/537.78.2 (KHTML, like Gecko) Version\/7.0.6 Safari\/537.78.2\"","userId":"29"}
{"youtuber":"Gorod","auth":"Logged In","firstName":"Jacqueline","gender":"F","itemInSession":118,"lastName":"Lynch","length":291.02975,"level":"paid","location":"Atlanta-Sandy Springs-Roswell, GA","method":"PUT","page":"NextVideo","registration":1540223723796.0,"sessionId":589,"video":"Disavow your God (Album Version)","status":200,"ts":1542573810796,"userAgent":"\"Mozilla\/5.0 (Macintosh; Intel Mac OS X 10_9_4) AppleWebKit\/537.78.2 (KHTML, like Gecko) Version\/7.0.6 Safari\/537.78.2\"","userId":"29"}
{"youtuber":null,"auth":"Logged In","firstName":"Jacqueline","gender":"F","itemInSession":119,"lastName":"Lynch","length":null,"level":"paid","location":"Atlanta-Sandy Springs-Roswell, GA","method":"PUT","page":"Logout","registration":1540223723796.0,"sessionId":589,"video":null,"status":307,"ts":1542573811796,"userAgent":"\"Mozilla\/5.0 (Macintosh; Intel Mac OS X 10_9_4) AppleWebKit\/537.78.2 (KHTML, like Gecko) Version\/7.0.6 Safari\/537.78.2\"","userId":"29"}
{"youtuber":null,"auth":"Logged Out","firstName":null,"gender":null,"itemInSession":120,"lastName":null,"length":null,"level":"paid","location":null,"method":"GET","page":"Home","registration":null,"sessionId":589,"video":null,"status":200,"ts":1542573858796,"userAgent":null,"userId":""}
{"youtuber":null,"auth":"Logged Out","firstName":null,"gender":null,"itemInSession":121,"lastName":null,"length":null,"level":"paid","location":null,"method":"PUT","page":"Login","registration":null,"sessionId":589,"video":null,"status":307,"ts":1542573859796,"userAgent":null,"userId":""}
{"youtuber":null,"auth":"Logged In","firstName":"Jacqueline","gender":"F","itemInSession":122,"lastName":"Lynch","length":null,"level":"paid","location":"Atlanta-Sandy Springs-Roswell, GA","method":"GET","page":"Home","registration":1540223723796.0,"sessionId":589,"video":null,"status":200,"ts":1542573942796,"userAgent":"\"Mozilla\/5.0 (Macintosh; Intel Mac OS X 10_9_4) AppleWebKit\/537.78.2 (KHTML, like Gecko) Version\/7.0.6 Safari\/537.78.2\"","userId":"29"}
{"youtuber":"Jack Johnson","auth":"Logged In","firstName":"Jacqueline","gender":"F","itemInSession":123,"lastName":"Lynch","length":264.82893,"level":"paid","location":"Atlanta-Sandy Springs-Roswell, GA","method":"PUT","page":"NextVideo","registration":1540223723796.0,"sessionId":589,"video":"Monsoon","status":200,"ts":1542574101796,"userAgent":"\"Mozilla\/5.0 (Macintosh; Intel Mac OS X 10_9_4) AppleWebKit\/537.78.2 (KHTML, like Gecko) Version\/7.0.6 Safari\/537.78.2\"","userId":"29"}
{"youtuber":"M.I.A.","auth":"Logged In","firstName":"Chloe","gender":"F","itemInSession":5,"lastName":"Cuevas","length":206.13179,"level":"paid","location":"San Francisco-Oakland-Hayward, CA","method":"PUT","page":"NextVideo","registration":1540940782796.0,"sessionId":695,"video":"Paper Planes","status":200,"ts":1542574281796,"userAgent":"Mozilla\/5.0 (Windows NT 5.1; rv:31.0) Gecko\/20100101 Firefox\/31.0","userId":"49"}
{"youtuber":"Caribou","auth":"Logged In","firstName":"Jacqueline","gender":"F","itemInSession":124,"lastName":"Lynch","length":315.48036,"level":"paid","location":"Atlanta-Sandy Springs-Roswell, GA","method":"PUT","page":"NextVideo","registration":1540223723796.0,"sessionId":589,"video":"Odessa","status":200,"ts":1542574365796,"userAgent":"\"Mozilla\/5.0 (Macintosh; Intel Mac OS X 10_9_4) AppleWebKit\/537.78.2 (KHTML, like Gecko) Version\/7.0.6 Safari\/537.78.2\"","userId":"29"}
{"youtuber":"Missy Elliott","auth":"Logged In","firstName":"Chloe","gender":"F","itemInSession":6,"lastName":"Cuevas","length":256.54812,"level":"paid","location":"San Francisco-Oakland-Hayward, CA","method":"PUT","page":"NextVideo","registration":1540940782796.0,"sessionId":695,"video":"Meltdown (Amended Album Version)","status":200,"ts":1542574487796,"userAgent":"Mozilla\/5.0 (Windows NT 5.1; rv:31.0) Gecko\/20100101 Firefox\/31.0","userId":"49"}
{"youtuber":"Los Originales De San Juan","auth":"Logged In","firstName":"Jacqueline","gender":"F","itemInSession":125,"lastName":"Lynch","length":156.73424,"level":"paid","location":"Atlanta-Sandy Springs-Roswell, GA","method":"PUT","page":"NextVideo","registration":1540223723796.0,"sessionId":589,"video":"El Infeliz","status":200,"ts":1542574680796,"userAgent":"\"Mozilla\/5.0 (Macintosh; Intel Mac OS X 10_9_4) AppleWebKit\/537.78.2 (KHTML, like Gecko) Version\/7.0.6 Safari\/537.78.2\"","userId":"29"}
{"youtuber":"Michael Bubl\u00c3\u0083\u00c2\u00a9","auth":"Logged In","firstName":"Chloe","gender":"F","itemInSession":7,"lastName":"Cuevas","length":152.08444,"level":"paid","location":"San Francisco-Oakland-Hayward, CA","method":"PUT","page":"NextVideo","registration":1540940782796.0,"sessionId":695,"video":"All I Do Is Dream Of You (Album Version)","status":200,"ts":1542574743796,"userAgent":"Mozilla\/5.0 (Windows NT 5.1; rv:31.0) Gecko\/20100101 Firefox\/31.0","userId":"49"}
{"youtuber":"Weezer","auth":"Logged In","firstName":"Jacqueline","gender":"F","itemInSession":126,"lastName":"Lynch","length":139.65016,"level":"paid","location":"Atlanta-Sandy Springs-Roswell, GA","method":"PUT","page":"NextVideo","registration":1540223723796.0,"sessionId":589,"video":"Photograph","status":200,"ts":1542574836796,"userAgent":"\"Mozilla\/5.0 (Macintosh; Intel Mac OS X 10_9_4) AppleWebKit\/537.78.2 (KHTML, like Gecko) Version\/7.0.6 Safari\/537.78.2\"","userId":"29"}
{"youtuber":"Gary Stewart","auth":"Logged In","firstName":"Chloe","gender":"F","itemInSession":8,"lastName":"Cuevas","length":182.67383,"level":"paid","location":"San Francisco-Oakland-Hayward, CA","method":"PUT","page":"NextVideo","registration":1540940782796.0,"sessionId":695,"video":"Back Sliders Wine","status":200,"ts":1542574895796,"userAgent":"Mozilla\/5.0 (Windows NT 5.1; rv:31.0) Gecko\/20100101 Firefox\/31.0","userId":"49"}
{"youtuber":null,"auth":"Logged In","firstName":"Jacqueline","gender":"F","itemInSession":127,"lastName":"Lynch","length":null,"level":"paid","location":"Atlanta-Sandy Springs-Roswell, GA","method":"GET","page":"Downgrade","registration":1540223723796.0,"sessionId":589,"video":null,"status":200,"ts":1542575011796,"userAgent":"\"Mozilla\/5.0 (Macintosh; Intel Mac OS X 10_9_4) AppleWebKit\/537.78.2 (KHTML, like Gecko) Version\/7.0.6 Safari\/537.78.2\"","userId":"29"}
{"youtuber":null,"auth":"Logged In","firstName":"Aiden","gender":"M","itemInSession":0,"lastName":"Hess","length":null,"level":"free","location":"La Crosse-Onalaska, WI-MN","method":"GET","page":"Home","registration":1540829025796.0,"sessionId":687,"video":null,"status":200,"ts":1542582161796,"userAgent":"\"Mozilla\/5.0 (Macintosh; Intel Mac OS X 10_9_4) AppleWebKit\/537.36 (KHTML, like Gecko) Chrome\/37.0.2062.94 Safari\/537.36\"","userId":"86"}
{"youtuber":"Travie McCoy","auth":"Logged In","firstName":"Aiden","gender":"M","itemInSession":1,"lastName":"Hess","length":211.12118,"level":"free","location":"La Crosse-Onalaska, WI-MN","method":"PUT","page":"NextVideo","registration":1540829025796.0,"sessionId":687,"video":"Billionaire [feat. Bruno Mars]  (Explicit Album Version)","status":200,"ts":1542582164796,"userAgent":"\"Mozilla\/5.0 (Macintosh; Intel Mac OS X 10_9_4) AppleWebKit\/537.36 (KHTML, like Gecko) Chrome\/37.0.2062.94 Safari\/537.36\"","userId":"86"}