{"youtuber":"N.E.R.D. FEATURING MALICE","auth":"Logged In","firstName":"Jayden","gender":"M","itemInSession":0,"lastName":"Fox","length":288.9922,"level":"free","location":"New Orleans-Metairie, LA","method":"PUT","page":"NextVideo","registration":1541033612796.0,"sessionId":184,"video":"Am I High (Feat. Malice)","status":200,"ts":1541121934796,"userAgent":"\"Mozilla\/5.0 (Windows NT 6.3; WOW64) AppleWebKit\/537.36 (KHTML, like Gecko) Chrome\/36.0.1985.143 Safari\/537.36\"","userId":"101"}
{"youtuber":null,"auth":"Logged In","firstName":"Stefany","gender":"F","itemInSession":0,"lastName":"White","length":null,"level":"free","location":"Lubbock, TX","method":"GET","page":"Home","registration":1540708070796.0,"sessionId":82,"video":null,"status":200,"ts":1541122176796,"userAgent":"\"Mozilla\/5.0 (Macintosh; Intel Mac OS X 10_9_4) AppleWebKit\/537.36 (KHTML, like Gecko) Chrome\/36.0.1985.143 Safari\/537.36\"","userId":"83"}
{"youtuber":"Death Cab for Cutie","auth":"Logged In","firstName":"Stefany","gender":"F","itemInSession":1,"lastName":"White","length":216.42404,"level":"free","location":"Lubbock, TX","method":"PUT","page":"NextVideo","registration":1540708070796.0,"sessionId":82,"video":"A Lack Of Color (Album Version)","status":200,"ts":1541122241796,"userAgent":"\"Mozilla\/5.0 (Macintosh; Intel Mac OS X 10_9_4) AppleWebKit\/537.36 (KHTML, like Gecko) Chrome\/36.0.1985.143 Safari\/537.36\"","userId":"83"}
{"youtuber":"Tracy Gang Pussy","auth":"Logged In","firstName":"Stefany","gender":"F","itemInSession":2,"lastName":"White","length":221.33506,"level":"free","location":"Lubbock, TX","method":"PUT","page":"NextVideo","registration":1540708070796.0,"sessionId":82,"video":"I Have A Wish","status":200,"ts":1541122457796,"userAgent":"\"Mozilla\/5.0 (Macintosh; Intel Mac OS X 10_9_4) AppleWebKit\/537.36 (KHTML, like Gecko) Chrome\/36.0.1985.143 Safari\/537.36\"","userId":"83"}
{"youtuber":"Skillet","auth":"Logged In","firstName":"Kevin","gender":"M","itemInSession":0,"lastName":"Arellano","length":178.02404,"level":"free","location":"Harrisburg-Carlisle, PA","method":"PUT","page":"NextVideo","registration":1540006905796.0,"sessionId":153,"video":"Monster (Album Version)","status":200,"ts":1541126568796,"userAgent":"\"Mozilla\/5.0 (Macintosh; Intel Mac OS X 10_9_4) AppleWebKit\/537.36 (KHTML, like Gecko) Chrome\/36.0.1985.125 Safari\/537.36\"","userId":"66"}
{"youtuber":"Dance Gavin Dance","auth":"Logged In","firstName":"Marina","gender":"F","itemInSession":0,"lastName":"Sutton","length":218.46159,"level":"free","location":"Salinas, CA","method":"PUT","page":"NextVideo","registration":1541064343796.0,"sessionId":47,"video":"Uneasy Hearts Weigh The Most","status":200,"ts":1541127957796,"userAgent":"\"Mozilla\/5.0 (Macintosh; Intel Mac OS X 10_9_4) AppleWebKit\/537.36 (KHTML, like Gecko) Chrome\/36.0.1985.143 Safari\/537.36\"","userId":"48"}
{"youtuber":null,"auth":"Logged In","firstName":"Aiden","gender":"M","itemInSession":0,"lastName":"Hess","length":null,"level":"free","location":"La Crosse-Onalaska, WI-MN","method":"GET","page":"Home","registration":1540829025796.0,"sessionId":170,"video":null,"status":200,"ts":1541129561796,"userAgent":"\"Mozilla\/5.0 (Macintosh; Intel Mac OS X 10_9_4) AppleWebKit\/537.36 (KHTML, like Gecko) Chrome\/37.0.2062.94 Safari\/537.36\"","userId":"86"}
{"youtuber":"Dalto","auth":"Logged In","firstName":"Aiden","gender":"M","itemInSession":1,"lastName":"Hess","length":190.40608,"level":"free","location":"La Crosse-Onalaska, WI-MN","method":"PUT","page":"NextVideo","registration":1540829025796.0,"sessionId":170,"video":"Falta Te Dizer","status":200,"ts":1541129674796,"userAgent":"\"Mozilla\/5.0 (Macintosh; Intel Mac OS X 10_9_4) AppleWebKit\/537.36 (KHTML, like Gecko) Chrome\/37.0.2062.94 Safari\/537.36\"","userId":"86"}
{"youtuber":"Kanye West","auth":"Logged In","firstName":"Makinley","gender":"F","itemInSession":0,"lastName":"Jones","length":278.88281,"level":"free","location":"Chicago-Naperville-Elgin, IL-IN-WI","method":"PUT","page":"NextVideo","registration":1541091973796.0,"sessionId":118,"video":"Family Business","status":200,"ts":1541135741796,"userAgent":"\"Mozilla\/5.0 (Windows NT 6.1; WOW64) AppleWebKit\/537.36 (KHTML, like Gecko) Chrome\/36.0.1985.125 Safari\/537.36\"","userId":"17"}
{"youtuber":"Jason Mraz & Colbie Caillat","auth":"Logged In","firstName":"Kevin","gender":"M","itemInSession":0,"lastName":"Arellano","length":189.6224,"level":"free","location":"Harrisburg-Carlisle, PA","method":"PUT","page":"NextVideo","registration":1540006905796.0,"sessionId":187,"video":"Lucky (Album Version)","status":200,"ts":1541137949796,"userAgent":"\"Mozilla\/5.0 (Macintosh; Intel Mac OS X 10_9_4) AppleWebKit\/537.36 (KHTML, like Gecko) Chrome\/36.0.1985.125 Safari\/537.36\"","userId":"66"}
{"youtuber":"Liz Callaway","auth":"Logged In","firstName":"Lily","gender":"F","itemInSession":0,"lastName":"Koch","length":175.43791,"level":"paid","location":"Chicago-Naperville-Elgin, IL-IN-WI","method":"PUT","page":"NextVideo","registration":1541048010796.0,"sessionId":172,"video":"Journey To The Past  (LP Version)","status":200,"ts":1541149281796,"userAgent":"\"Mozilla\/5.0 (X11; Linux x86_64) AppleWebKit\/537.36 (KHTML, like Gecko) Ubuntu Chromium\/36.0.1985.125 Chrome\/36.0.1985.125 Safari\/537.36\"","userId":"15"}
{"youtuber":"The Decemberists","auth":"Logged In","firstName":"Lily","gender":"F","itemInSession":1,"lastName":"Koch","length":242.59873,"level":"paid","location":"Chicago-Naperville-Elgin, IL-IN-WI","method":"PUT","page":"NextVideo","registration":1541048010796.0,"sessionId":172,"video":"Everything I Try to Do_ Nothing Seems to Turn Out Right","status":200,"ts":1541149456796,"userAgent":"\"Mozilla\/5.0 (X11; Linux x86_64) AppleWebKit\/537.36 (KHTML, like Gecko) Ubuntu Chromium\/36.0.1985.125 Chrome\/36.0.1985.125 Safari\/537.36\"","userId":"15"}
{"youtuber":null,"auth":"Logged In","firstName":"Kynnedi","gender":"F","itemInSession":0,"lastName":"Sanchez","length":null,"level":"free","location":"Cedar Rapids, IA","method":"GET","page":"Home","registration":1541079034796.0,"sessionId":88,"video":null,"status":200,"ts":1541149530796,"userAgent":"\"Mozilla\/5.0 (Macintosh; Intel Mac OS X 10_8_5) AppleWebKit\/537.36 (KHTML, like Gecko) Chrome\/36.0.1985.125 Safari\/537.36\"","userId":"89"}
{"youtuber":"Christina Aguilera","auth":"Logged In","firstName":"Lily","gender":"F","itemInSession":2,"lastName":"Koch","length":254.48444,"level":"paid","location":"Chicago-Naperville-Elgin, IL-IN-WI","method":"PUT","page":"NextVideo","registration":1541048010796.0,"sessionId":172,"video":"Impossible","status":200,"ts":1541149698796,"userAgent":"\"Mozilla\/5.0 (X11; Linux x86_64) AppleWebKit\/537.36 (KHTML, like Gecko) Ubuntu Chromium\/36.0.1985.125 Chrome\/36.0.1985.125 Safari\/537.36\"","userId":"15"}
{"youtuber":"OneRepublic","auth":"Logged In","firstName":"Lily","gender":"F","itemInSession":3,"lastName":"Koch","length":224.67873,"level":"paid","location":"Chicago-Naperville-Elgin, IL-IN-WI","method":"PUT","page":"NextVideo","registration":1541048010796.0,"sessionId":172,"video":"Secrets","status":200,"ts":1541149952796,"userAgent":"\"Mozilla\/5.0 (X11; Linux x86_64) AppleWebKit\/537.36 (KHTML, like Gecko) Ubuntu Chromium\/36.0.1985.125 Chrome\/36.0.1985.125 Safari\/537.36\"","userId":"15"}
{"youtuber":"Cat Stevens","auth":"Logged In","firstName":"Kynnedi","gender":"F","itemInSession":1,"lastName":"Sanchez","length":200.202,"level":"free","location":"Cedar Rapids, IA","method":"PUT","page":"NextVideo","registration":1541079034796.0,"sessionId":88,"video":"Wild World","status":200,"ts":1541150017796,"userAgent":"\"Mozilla\/5.0 (Macintosh; Intel Mac OS X 10_8_5) AppleWebKit\/537.36 (KHTML, like Gecko) Chrome\/36.0.1985.125 Safari\/537.36\"","userId":"89"}
{"youtuber":"Brett Dennen","auth":"Logged In","firstName":"Lily","gender":"F","itemInSession":4,"lastName":"Koch","length":179.66975,"level":"paid","location":"Chicago-Naperville-Elgin, IL-IN-WI","method":"PUT","page":"NextVideo","registration":1541048010796.0,"sessionId":172,"video":"World Keeps Turning","status":200,"ts":1541150176796,"userAgent":"\"Mozilla\/5.0 (X11; Linux x86_64) AppleWebKit\/537.36 (KHTML, like Gecko) Ubuntu Chromium\/36.0.1985.125 Chrome\/36.0.1985.125 Safari\/537.36\"","userId":"15"}
{"youtuber":"Godsmack","auth":"Logged In","firstName":"Lily","gender":"F","itemInSession":5,"lastName":"Koch","length":208.24771,"level":"paid","location":"Chicago-Naperville-Elgin, IL-IN-WI","method":"PUT","page":"NextVideo","registration":1541048010796.0,"sessionId":172,"video":"Greed","status":200,"ts":1541150355796,"userAgent":"\"Mozilla\/5.0 (X11; Linux x86_64) AppleWebKit\/537.36 (KHTML, like Gecko) Ubuntu Chromium\/36.0.1985.125 Chrome\/36.0.1985.125 Safari\/537.36\"","userId":"15"}
{"youtuber":"Anis","auth":"Logged In","firstName":"Lily","gender":"F","itemInSession":6,"lastName":"Koch","length":246.59546,"level":"paid","location":"Chicago-Naperville-Elgin, IL-IN-WI","method":"PUT","page":"NextVideo","registration":1541048010796.0,"sessionId":172,"video":"Swing Javanaise","status":200,"ts":1541150563796,"userAgent":"\"Mozilla\/5.0 (X11; Linux x86_64) AppleWebKit\/537.36 (KHTML, like Gecko) Ubuntu Chromium\/36.0.1985.125 Chrome\/36.0.1985.125 Safari\/537.36\"","userId":"15"}
{"youtuber":"Tiziano Ferro","auth":"Logged In","firstName":"Lily","gender":"F","itemInSession":7,"lastName":"Koch","length":251.42812,"level":"paid","location":"Chicago-Naperville-Elgin, IL-IN-WI","method":"PUT","page":"NextVideo","registration":1541048010796.0,"sessionId":172,"video":"Ed Ero Contentissimo","status":200,"ts":1541150809796,"userAgent":"\"Mozilla\/5.0 (X11; Linux x86_64) AppleWebKit\/537.36 (KHTML, like Gecko) Ubuntu Chromium\/36.0.1985.125 Chrome\/36.0.1985.125 Safari\/537.36\"","userId":"15"}
{"youtuber":"Kylie Auldist","auth":"Logged In","firstName":"Lily","gender":"F","itemInSession":8,"lastName":"Koch","length":265.92608,"level":"paid","location":"Chicago-Naperville-Elgin, IL-IN-WI","method":"PUT","page":"NextVideo","registration":1541048010796.0,"sessionId":172,"video":"Ship Inside A Bottle","status":200,"ts":1541151060796,"userAgent":"\"Mozilla\/5.0 (X11; Linux x86_64) AppleWebKit\/537.36 (KHTML, like Gecko) Ubuntu Chromium\/36.0.1985.125 Chrome\/36.0.1985.125 Safari\/537.36\"","userId":"15"}
{"youtuber":"Benga","auth":"Logged In","firstName":"Lily","gender":"F","itemInSession":9,"lastName":"Koch","length":286.17098,"level":"paid","location":"Chicago-Naperville-Elgin, IL-IN-WI","method":"PUT","page":"NextVideo","registration":1541048010796.0,"sessionId":172,"video":"The Cut","status":200,"ts":1541151325796,"userAgent":"\"Mozilla\/5.0 (X11; Linux x86_64) AppleWebKit\/537.36 (KHTML, like Gecko) Ubuntu Chromium\/36.0.1985.125 Chrome\/36.0.1985.125 Safari\/537.36\"","userId":"15"}
{"youtuber":"T. Rex","auth":"Logged In","firstName":"Lily","gender":"F","itemInSession":10,"lastName":"Koch","length":132.85832,"level":"paid","location":"Chicago-Naperville-Elgin, IL-IN-WI","method":"PUT","page":"NextVideo","registration":1541048010796.0,"sessionId":172,"video":"Ride A White Swan","status":200,"ts":1541151611796,"userAgent":"\"Mozilla\/5.0 (X11; Linux x86_64) AppleWebKit\/537.36 (KHTML, like Gecko) Ubuntu Chromium\/36.0.1985.125 Chrome\/36.0.1985.125 Safari\/537.36\"","userId":"15"}
{"youtuber":"Mexican Institute of Sound","auth":"Logged In","firstName":"Lily","gender":"F","itemInSession":11,"lastName":"Koch","length":278.04689,"level":"paid","location":"Chicago-Naperville-Elgin, IL-IN-WI","method":"PUT","page":"NextVideo","registration":1541048010796.0,"sessionId":172,"video":"Mirando a Las Muchachas","status":200,"ts":1541151743796,"userAgent":"\"Mozilla\/5.0 (X11; Linux x86_64) AppleWebKit\/537.36 (KHTML, like Gecko) Ubuntu Chromium\/36.0.1985.125 Chrome\/36.0.1985.125 Safari\/537.36\"","userId":"15"}
{"youtuber":"Velour 100","auth":"Logged In","firstName":"Lily","gender":"F","itemInSession":12,"lastName":"Koch","length":202.29179,"level":"paid","location":"Chicago-Naperville-Elgin, IL-IN-WI","method":"PUT","page":"NextVideo","registration":1541048010796.0,"sessionId":172,"video":"Clouds (Of Color Bright Album Version)","status":200,"ts":1541152021796,"userAgent":"\"Mozilla\/5.0 (X11; Linux x86_64) AppleWebKit\/537.36 (KHTML, like Gecko) Ubuntu Chromium\/36.0.1985.125 Chrome\/36.0.1985.125 Safari\/537.36\"","userId":"15"}
{"youtuber":"Maria de Barros","auth":"Logged In","firstName":"Lily","gender":"F","itemInSession":13,"lastName":"Koch","length":276.29669,"level":"paid","location":"Chicago-Naperville-Elgin, IL-IN-WI","method":"PUT","page":"NextVideo","registration":1541048010796.0,"sessionId":172,"video":"Riberonzinha","status":200,"ts":1541152223796,"userAgent":"\"Mozilla\/5.0 (X11; Linux x86_64) AppleWebKit\/537.36 (KHTML, like Gecko) Ubuntu Chromium\/36.0.1985.125 Chrome\/36.0.1985.125 Safari\/537.36\"","userId":"15"}
{"youtuber":"Toby Keith","auth":"Logged In","firstName":"Lily","gender":"F","itemInSession":14,"lastName":"Koch","length":177.162,"level":"paid","location":"Chicago-Naperville-Elgin, IL-IN-WI","method":"PUT","page":"NextVideo","registration":1541048010796.0,"sessionId":172,"video":"Big Blue Note","status":200,"ts":1541152499796,"userAgent":"\"Mozilla\/5.0 (X11; Linux x86_64) AppleWebKit\/537.36 (KHTML, like Gecko) Ubuntu Chromium\/36.0.1985.125 Chrome\/36.0.1985.125 Safari\/537.36\"","userId":"15"}
{"youtuber":"Marques Houston","auth":"Logged In","firstName":"Lily","gender":"F","itemInSession":15,"lastName":"Koch","length":264.98567,"level":"paid","location":"Chicago-Naperville-Elgin, IL-IN-WI","method":"PUT","page":"NextVideo","registration":1541048010796.0,"sessionId":172,"video":"Naked","status":200,"ts":1541152676796,"userAgent":"\"Mozilla\/5.0 (X11; Linux x86_64) AppleWebKit\/537.36 (KHTML, like Gecko) Ubuntu Chromium\/36.0.1985.125 Chrome\/36.0.1985.125 Safari\/537.36\"","userId":"15"}
{"youtuber":"Commit Suicide","auth":"Logged In","firstName":"Lily","gender":"F","itemInSession":16,"lastName":"Koch","length":105.482,"level":"paid","location":"Chicago-Naperville-Elgin, IL-IN-WI","method":"PUT","page":"NextVideo","registration":1541048010796.0,"sessionId":172,"video":"In All This Revelation","status":200,"ts":1541152940796,"userAgent":"\"Mozilla\/5.0 (X11; Linux x86_64) AppleWebKit\/537.36 (KHTML, like Gecko) Ubuntu Chromium\/36.0.1985.125 Chrome\/36.0.1985.125 Safari\/537.36\"","userId":"15"}
{"youtuber":"Smile Empty Soul","auth":"Logged In","firstName":"Lily","gender":"F","itemInSession":17,"lastName":"Koch","length":218.61832,"level":"paid","location":"Chicago-Naperville-Elgin, IL-IN-WI","method":"PUT","page":"NextVideo","registration":1541048010796.0,"sessionId":172,"video":"Bottom of a Bottle (Explicit Album Version)","status":200,"ts":1541153045796,"userAgent":"\"Mozilla\/5.0 (X11; Linux x86_64) AppleWebKit\/537.36 (KHTML, like Gecko) Ubuntu Chromium\/36.0.1985.125 Chrome\/36.0.1985.125 Safari\/537.36\"","userId":"15"}
{"youtuber":"Amy Winehouse","auth":"Logged In","firstName":"Lily","gender":"F","itemInSession":18,"lastName":"Koch","length":221.1522,"level":"paid","location":"Chicago-Naperville-Elgin, IL-IN-WI","method":"PUT","page":"NextVideo","registration":1541048010796.0,"sessionId":172,"video":"Wake Up Alone","status":200,"ts":1541153263796,"userAgent":"\"Mozilla\/5.0 (X11; Linux x86_64) AppleWebKit\/537.36 (KHTML, like Gecko) Ubuntu Chromium\/36.0.1985.125 Chrome\/36.0.1985.125 Safari\/537.36\"","userId":"15"}
{"youtuber":"Eyehategod","auth":"Logged In","firstName":"Lily","gender":"F","itemInSession":19,"lastName":"Koch","length":155.66322,"level":"paid","location":"Chicago-Naperville-Elgin, IL-IN-WI","method":"PUT","page":"NextVideo","registration":1541048010796.0,"sessionId":172,"video":"Sisterfucker (part Ii)","status":200,"ts":1541153484796,"userAgent":"\"Mozilla\/5.0 (X11; Linux x86_64) AppleWebKit\/537.36 (KHTML, like Gecko) Ubuntu Chromium\/36.0.1985.125 Chrome\/36.0.1985.125 Safari\/537.36\"","userId":"15"}
{"youtuber":"Sunidhi Chauhan \/ Anu Malik \/ Jatin Sharma","auth":"Logged In","firstName":"Lily","gender":"F","itemInSession":20,"lastName":"Koch","length":319.32036,"level":"paid","location":"Chicago-Naperville-Elgin, IL-IN-WI","method":"PUT","page":"NextVideo","registration":1541048010796.0,"sessionId":172,"video":"Dekh Le","status":200,"ts":1541153639796,"userAgent":"\"Mozilla\/5.0 (X11; Linux x86_64) AppleWebKit\/537.36 (KHTML, like Gecko) Ubuntu Chromium\/36.0.1985.125 Chrome\/36.0.1985.125 Safari\/537.36\"","userId":"15"}
{"youtuber":"Blondie","auth":"Logged In","firstName":"Lily","gender":"F","itemInSession":21,"lastName":"Koch","length":127.73832,"level":"paid","location":"Chicago-Naperville-Elgin, IL-IN-WI","method":"PUT","page":"NextVideo","registration":1541048010796.0,"sessionId":172,"video":"Little Girl Lies (2001 Digital Remaster)","status":200,"ts":1541153958796,"userAgent":"\"Mozilla\/5.0 (X11; Linux x86_64) AppleWebKit\/537.36 (KHTML, like Gecko) Ubuntu Chromium\/36.0.1985.125 Chrome\/36.0.1985.125 Safari\/537.36\"","userId":"15"}
{"youtuber":null,"auth":"Logged In","firstName":"Lily","gender":"F","itemInSession":22,"lastName":"Koch","length":null,"level":"paid","location":"Chicago-Naperville-Elgin, IL-IN-WI","method":"GET","page":"Home","registration":1541048010796.0,"sessionId":172,"video":null,"status":200,"ts":1541153985796,"userAgent":"\"Mozilla\/5.0 (X11; Linux x86_64) AppleWebKit\/537.36 (KHTML, like Gecko) Ubuntu Chromium\/36.0.1985.125 Chrome\/36.0.1985.125 Safari\/537.36\"","userId":"15"}
{"youtuber":"She & Him","auth":"Logged In","firstName":"Lily","gender":"F","itemInSession":23,"lastName":"Koch","length":167.83628,"level":"paid","location":"Chicago-Naperville-Elgin, IL-IN-WI","method":"PUT","page":"NextVideo","registration":1541048010796.0,"sessionId":172,"video":"Got Me","status":200,"ts":1541154085796,"userAgent":"\"Mozilla\/5.0 (X11; Linux x86_64) AppleWebKit\/537.36 (KHTML, like Gecko) Ubuntu Chromium\/36.0.1985.125 Chrome\/36.0.1985.125 Safari\/537.36\"","userId":"15"}
{"youtuber":"The Black Keys","auth":"Logged In","firstName":"Lily","gender":"F","itemInSession":24,"lastName":"Koch","length":294.76526,"level":"paid","location":"Chicago-Naperville-Elgin, IL-IN-WI","method":"PUT","page":"NextVideo","registration":1541048010796.0,"sessionId":172,"video":"The Lengths","status":200,"ts":1541154252796,"userAgent":"\"Mozilla\/5.0 (X11; Linux x86_64) AppleWebKit\/537.36 (KHTML, like Gecko) Ubuntu Chromium\/36.0.1985.125 Chrome\/36.0.1985.125 Safari\/537.36\"","userId":"15"}
{"youtuber":"Survivor","auth":"Logged In","firstName":"Lily","gender":"F","itemInSession":25,"lastName":"Koch","length":245.36771,"level":"paid","location":"Chicago-Naperville-Elgin, IL-IN-WI","method":"PUT","page":"NextVideo","registration":1541048010796.0,"sessionId":172,"video":"Eye Of The Tiger","status":200,"ts":1541154546796,"userAgent":"\"Mozilla\/5.0 (X11; Linux x86_64) AppleWebKit\/537.36 (KHTML, like Gecko) Ubuntu Chromium\/36.0.1985.125 Chrome\/36.0.1985.125 Safari\/537.36\"","userId":"15"}
{"youtuber":"Conya Doss","auth":"Logged In","firstName":"Lily","gender":"F","itemInSession":26,"lastName":"Koch","length":317.98812,"level":"paid","location":"Chicago-Naperville-Elgin, IL-IN-WI","method":"PUT","page":"NextVideo","registration":1541048010796.0,"sessionId":172,"video":"I Miss You","status":200,"ts":1541154791796,"userAgent":"\"Mozilla\/5.0 (X11; Linux x86_64) AppleWebKit\/537.36 (KHTML, like Gecko) Ubuntu Chromium\/36.0.1985.125 Chrome\/36.0.1985.125 Safari\/537.36\"","userId":"15"}
{"youtuber":null,"auth":"Logged In","firstName":"Lily","gender":"F","itemInSession":27,"lastName":"Koch","length":null,"level":"paid","location":"Chicago-Naperville-Elgin, IL-IN-WI","method":"GET","page":"Downgrade","registration":1541048010796.0,"sessionId":172,"video":null,"status":200,"ts":1541154854796,"userAgent":"\"Mozilla\/5.0 (X11; Linux x86_64) AppleWebKit\/537.36 (KHTML, like Gecko) Ubuntu Chromium\/36.0.1985.125 Chrome\/36.0.1985.125 Safari\/537.36\"","userId":"15"}
{"youtuber":"Disney Studio Chorus","auth":"Logged In","firstName":"Lily","gender":"F","itemInSession":28,"lastName":"Koch","length":234.84036,"level":"paid","location":"Chicago-Naperville-Elgin, IL-IN-WI","method":"PUT","page":"NextVideo","registration":1541048010796.0,"sessionId":172,"video":"Little April Shower","status":200,"ts":1541155108796,"userAgent":"\"Mozilla\/5.0 (X11; Linux x86_64) AppleWebKit\/537.36 (KHTML, like Gecko) Ubuntu Chromium\/36.0.1985.125 Chrome\/36.0.1985.125 Safari\/537.36\"","userId":"15"}
{"youtuber":"Dirty Projectors","auth":"Logged In","firstName":"Lily","gender":"F","itemInSession":29,"lastName":"Koch","length":319.63383,"level":"paid","location":"Chicago-Naperville-Elgin, IL-IN-WI","method":"PUT","page":"NextVideo","registration":1541048010796.0,"sessionId":172,"video":"Stillness Is The Move","status":200,"ts":1541155342796,"userAgent":"\"Mozilla\/5.0 (X11; Linux x86_64) AppleWebKit\/537.36 (KHTML, like Gecko) Ubuntu Chromium\/36.0.1985.125 Chrome\/36.0.1985.125 Safari\/537.36\"","userId":"15"}
{"youtuber":"Boom Bip","auth":"Logged In","firstName":"Lily","gender":"F","itemInSession":30,"lastName":"Koch","length":330.16118,"level":"paid","location":"Chicago-Naperville-Elgin, IL-IN-WI","method":"PUT","page":"NextVideo","registration":1541048010796.0,"sessionId":172,"video":"From Left To Right","status":200,"ts":1541155661796,"userAgent":"\"Mozilla\/5.0 (X11; Linux x86_64) AppleWebKit\/537.36 (KHTML, like Gecko) Ubuntu Chromium\/36.0.1985.125 Chrome\/36.0.1985.125 Safari\/537.36\"","userId":"15"}
{"youtuber":"Avantasia","auth":"Logged In","firstName":"Lily","gender":"F","itemInSession":31,"lastName":"Koch","length":368.97914,"level":"paid","location":"Chicago-Naperville-Elgin, IL-IN-WI","method":"PUT","page":"NextVideo","registration":1541048010796.0,"sessionId":172,"video":"Shelter From The Rain","status":200,"ts":1541155991796,"userAgent":"\"Mozilla\/5.0 (X11; Linux x86_64) AppleWebKit\/537.36 (KHTML, like Gecko) Ubuntu Chromium\/36.0.1985.125 Chrome\/36.0.1985.125 Safari\/537.36\"","userId":"15"}
{"youtuber":"Amon Amarth","auth":"Logged In","firstName":"Lily","gender":"F","itemInSession":32,"lastName":"Koch","length":312.29342,"level":"paid","location":"Chicago-Naperville-Elgin, IL-IN-WI","method":"PUT","page":"NextVideo","registration":1541048010796.0,"sessionId":172,"video":"North Sea Storm (Live)","status":200,"ts":1541156359796,"userAgent":"\"Mozilla\/5.0 (X11; Linux x86_64) AppleWebKit\/537.36 (KHTML, like Gecko) Ubuntu Chromium\/36.0.1985.125 Chrome\/36.0.1985.125 Safari\/537.36\"","userId":"15"}
{"youtuber":"Young Money featuring Lloyd","auth":"Logged In","firstName":"Lily","gender":"F","itemInSession":33,"lastName":"Koch","length":196.33587,"level":"paid","location":"Chicago-Naperville-Elgin, IL-IN-WI","method":"PUT","page":"NextVideo","registration":1541048010796.0,"sessionId":172,"video":"BedRock (Radio Edit) (feat.Lloyd)","status":200,"ts":1541156671796,"userAgent":"\"Mozilla\/5.0 (X11; Linux x86_64) AppleWebKit\/537.36 (KHTML, like Gecko) Ubuntu Chromium\/36.0.1985.125 Chrome\/36.0.1985.125 Safari\/537.36\"","userId":"15"}
{"youtuber":"Breakbeat Era","auth":"Logged In","firstName":"Lily","gender":"F","itemInSession":34,"lastName":"Koch","length":326.32118,"level":"paid","location":"Chicago-Naperville-Elgin, IL-IN-WI","method":"PUT","page":"NextVideo","registration":1541048010796.0,"sessionId":172,"video":"Anti-Everything","status":200,"ts":1541156867796,"userAgent":"\"Mozilla\/5.0 (X11; Linux x86_64) AppleWebKit\/537.36 (KHTML, like Gecko) Ubuntu Chromium\/36.0.1985.125 Chrome\/36.0.1985.125 Safari\/537.36\"","userId":"15"}
{"youtuber":"Local Natives","auth":"Logged In","firstName":"Lily","gender":"F","itemInSession":35,"lastName":"Koch","length":237.92281,"level":"paid","location":"Chicago-Naperville-Elgin, IL-IN-WI","method":"PUT","page":"NextVideo","registration":1541048010796.0,"sessionId":172,"video":"Airplanes","status":200,"ts":1541157193796,"userAgent":"\"Mozilla\/5.0 (X11; Linux x86_64) AppleWebKit\/537.36 (KHTML, like Gecko) Ubuntu Chromium\/36.0.1985.125 Chrome\/36.0.1985.125 Safari\/537.36\"","userId":"15"}
{"youtuber":"Gabriella Cilmi","auth":"Logged In","firstName":"Lily","gender":"F","itemInSession":36,"lastName":"Koch","length":207.38567,"level":"paid","location":"Chicago-Naperville-Elgin, IL-IN-WI","method":"PUT","page":"NextVideo","registration":1541048010796.0,"sessionId":172,"video":"Awkward Game","status":200,"ts":1541157430796,"userAgent":"\"Mozilla\/5.0 (X11; Linux x86_64) AppleWebKit\/537.36 (KHTML, like Gecko) Ubuntu Chromium\/36.0.1985.125 Chrome\/36.0.1985.125 Safari\/537.36\"","userId":"15"}
{"youtuber":null,"auth":"Logged In","firstName":"Tegan","gender":"F","itemInSession":0,"lastName":"Levine","length":null,"level":"free","location":"Portland-South Portland, ME","method":"GET","page":"Home","registration":1540794356796.0,"sessionId":165,"video":null,"status":200,"ts":1541157495796,"userAgent":"\"Mozilla\/5.0 (Macintosh; Intel Mac OS X 10_9_4) AppleWebKit\/537.36 (KHTML, like Gecko) Chrome\/36.0.1985.143 Safari\/537.36\"","userId":"80"}
{"youtuber":"Minus The Bear","auth":"Logged In","firstName":"Tegan","gender":"F","itemInSession":1,"lastName":"Levine","length":219.76771,"level":"free","location":"Portland-South Portland, ME","method":"PUT","page":"NextVideo","registration":1540794356796.0,"sessionId":165,"video":"Knights","status":200,"ts":1541157631796,"userAgent":"\"Mozilla\/5.0 (Macintosh; Intel Mac OS X 10_9_4) AppleWebKit\/537.36 (KHTML, like Gecko) Chrome\/36.0.1985.143 Safari\/537.36\"","userId":"80"}
{"youtuber":"Calle 13 Featuring Caf\u00c3\u0083\u00c2\u00a9 Tacuba","auth":"Logged In","firstName":"Lily","gender":"F","itemInSession":37,"lastName":"Koch","length":293.32853,"level":"paid","location":"Chicago-Naperville-Elgin, IL-IN-WI","method":"PUT","page":"NextVideo","registration":1541048010796.0,"sessionId":172,"video":"No Hay Nadie Como T\u00c3\u0083\u00c2\u00ba","status":200,"ts":1541157637796,"userAgent":"\"Mozilla\/5.0 (X11; Linux x86_64) AppleWebKit\/537.36 (KHTML, like Gecko) Ubuntu Chromium\/36.0.1985.125 Chrome\/36.0.1985.125 Safari\/537.36\"","userId":"15"}
{"youtuber":"Frumpies","auth":"Logged In","firstName":"Aleena","gender":"F","itemInSession":0,"lastName":"Kirby","length":134.47791,"level":"paid","location":"Waterloo-Cedar Falls, IA","method":"PUT","page":"NextVideo","registration":1541022995796.0,"sessionId":157,"video":"Fuck Kitty","status":200,"ts":1541157674796,"userAgent":"Mozilla\/5.0 (Macintosh; Intel Mac OS X 10.9; rv:31.0) Gecko\/20100101 Firefox\/31.0","userId":"44"}
{"youtuber":"D-12","auth":"Logged In","firstName":"Aleena","gender":"F","itemInSession":1,"lastName":"Kirby","length":261.40689,"level":"paid","location":"Waterloo-Cedar Falls, IA","method":"PUT","page":"NextVideo","registration":1541022995796.0,"sessionId":157,"video":"Barbershop","status":200,"ts":1541157808796,"userAgent":"Mozilla\/5.0 (Macintosh; Intel Mac OS X 10.9; rv:31.0) Gecko\/20100101 Firefox\/31.0","userId":"44"}
{"youtuber":"Emil Gilels\/Orchestre de la Soci\u00c3\u0083\u00c2\u00a9t\u00c3\u0083\u00c2\u00a9 des Concerts du Conservatoire\/Andr\u00c3\u0083\u00c2\u00a9 Cluytens","auth":"Logged In","firstName":"Tegan","gender":"F","itemInSession":2,"lastName":"Levine","length":375.19628,"level":"free","location":"Portland-South Portland, ME","method":"PUT","page":"NextVideo","registration":1540794356796.0,"sessionId":165,"video":"Piano Concerto No. 2 in G minor Op. 22 (2006 Digital Remaster): III.  Presto","status":200,"ts":1541157850796,"userAgent":"\"Mozilla\/5.0 (Macintosh; Intel Mac OS X 10_9_4) AppleWebKit\/537.36 (KHTML, like Gecko) Chrome\/36.0.1985.143 Safari\/537.36\"","userId":"80"}
{"youtuber":"Dragonette","auth":"Logged In","firstName":"Lily","gender":"F","itemInSession":38,"lastName":"Koch","length":246.49098,"level":"paid","location":"Chicago-Naperville-Elgin, IL-IN-WI","method":"PUT","page":"NextVideo","registration":1541048010796.0,"sessionId":172,"video":"Fixin to Thrill","status":200,"ts":1541157930796,"userAgent":"\"Mozilla\/5.0 (X11; Linux x86_64) AppleWebKit\/537.36 (KHTML, like Gecko) Ubuntu Chromium\/36.0.1985.125 Chrome\/36.0.1985.125 Safari\/537.36\"","userId":"15"}
{"youtuber":"Pennywise","auth":"Logged In","firstName":"Mohammad","gender":"M","itemInSession":0,"lastName":"Rodriguez","length":188.26404,"level":"free","location":"Sacramento--Roseville--Arden-Arcade, CA","method":"PUT","page":"NextVideo","registration":1540511766796.0,"sessionId":87,"video":"The Western World","status":200,"ts":1541158064796,"userAgent":"\"Mozilla\/5.0 (Macintosh; Intel Mac OS X 10_9_4) AppleWebKit\/537.36 (KHTML, like Gecko) Chrome\/36.0.1985.143 Safari\/537.36\"","userId":"88"}
{"youtuber":"Kanye West","auth":"Logged In","firstName":"Aleena","gender":"F","itemInSession":2,"lastName":"Kirby","length":238.52363,"level":"paid","location":"Waterloo-Cedar Falls, IA","method":"PUT","page":"NextVideo","registration":1541022995796.0,"sessionId":157,"video":"Flashing Lights","status":200,"ts":1541158069796,"userAgent":"Mozilla\/5.0 (Macintosh; Intel Mac OS X 10.9; rv:31.0) Gecko\/20100101 Firefox\/31.0","userId":"44"}
{"youtuber":"Flash And The Pan","auth":"Logged In","firstName":"Lily","gender":"F","itemInSession":39,"lastName":"Koch","length":224.65261,"level":"paid","location":"Chicago-Naperville-Elgin, IL-IN-WI","method":"PUT","page":"NextVideo","registration":1541048010796.0,"sessionId":172,"video":"Waiting for a Train [Single Mix]","status":200,"ts":1541158176796,"userAgent":"\"Mozilla\/5.0 (X11; Linux x86_64) AppleWebKit\/537.36 (KHTML, like Gecko) Ubuntu Chromium\/36.0.1985.125 Chrome\/36.0.1985.125 Safari\/537.36\"","userId":"15"}
{"youtuber":"Washed Out","auth":"Logged In","firstName":"Tegan","gender":"F","itemInSession":3,"lastName":"Levine","length":168.6722,"level":"free","location":"Portland-South Portland, ME","method":"PUT","page":"NextVideo","registration":1540794356796.0,"sessionId":165,"video":"New Theory","status":200,"ts":1541158225796,"userAgent":"\"Mozilla\/5.0 (Macintosh; Intel Mac OS X 10_9_4) AppleWebKit\/537.36 (KHTML, like Gecko) Chrome\/36.0.1985.143 Safari\/537.36\"","userId":"80"}
{"youtuber":"Katy Perry","auth":"Logged In","firstName":"Aleena","gender":"F","itemInSession":3,"lastName":"Kirby","length":179.40853,"level":"paid","location":"Waterloo-Cedar Falls, IA","method":"PUT","page":"NextVideo","registration":1541022995796.0,"sessionId":157,"video":"I Kissed A Girl","status":200,"ts":1541158307796,"userAgent":"Mozilla\/5.0 (Macintosh; Intel Mac OS X 10.9; rv:31.0) Gecko\/20100101 Firefox\/31.0","userId":"44"}
{"youtuber":"AFI","auth":"Logged In","firstName":"Lily","gender":"F","itemInSession":40,"lastName":"Koch","length":198.97424,"level":"paid","location":"Chicago-Naperville-Elgin, IL-IN-WI","method":"PUT","page":"NextVideo","registration":1541048010796.0,"sessionId":172,"video":"Miss Murder","status":200,"ts":1541158400796,"userAgent":"\"Mozilla\/5.0 (X11; Linux x86_64) AppleWebKit\/537.36 (KHTML, like Gecko) Ubuntu Chromium\/36.0.1985.125 Chrome\/36.0.1985.125 Safari\/537.36\"","userId":"15"}
{"youtuber":"Drake \/ Kanye West \/ Lil Wayne \/ Eminem","auth":"Logged In","firstName":"Aleena","gender":"F","itemInSession":4,"lastName":"Kirby","length":357.66812,"level":"paid","location":"Waterloo-Cedar Falls, IA","method":"PUT","page":"NextVideo","registration":1541022995796.0,"sessionId":157,"video":"Forever","status":200,"ts":1541158486796,"userAgent":"Mozilla\/5.0 (Macintosh; Intel Mac OS X 10.9; rv:31.0) Gecko\/20100101 Firefox\/31.0","userId":"44"}
{"youtuber":"The Crests","auth":"Logged In","firstName":"Lily","gender":"F","itemInSession":41,"lastName":"Koch","length":182.88281,"level":"paid","location":"Chicago-Naperville-Elgin, IL-IN-WI","method":"PUT","page":"NextVideo","registration":1541048010796.0,"sessionId":172,"video":"16 Candles","status":200,"ts":1541158598796,"userAgent":"\"Mozilla\/5.0 (X11; Linux x86_64) AppleWebKit\/537.36 (KHTML, like Gecko) Ubuntu Chromium\/36.0.1985.125 Chrome\/36.0.1985.125 Safari\/537.36\"","userId":"15"}
{"youtuber":"Nirvana","auth":"Logged In","firstName":"Lily","gender":"F","itemInSession":42,"lastName":"Koch","length":219.08853,"level":"paid","location":"Chicago-Naperville-Elgin, IL-IN-WI","method":"PUT","page":"NextVideo","registration":1541048010796.0,"sessionId":172,"video":"Come As You Are","status":200,"ts":1541158780796,"userAgent":"\"Mozilla\/5.0 (X11; Linux x86_64) AppleWebKit\/537.36 (KHTML, like Gecko) Ubuntu Chromium\/36.0.1985.125 Chrome\/36.0.1985.125 Safari\/537.36\"","userId":"15"}
{"youtuber":"Knights Of The Abyss","auth":"Logged In","firstName":"Aleena","gender":"F","itemInSession":5,"lastName":"Kirby","length":205.66159,"level":"paid","location":"Waterloo-Cedar Falls, IA","method":"PUT","page":"NextVideo","registration":1541022995796.0,"sessionId":157,"video":"Dragon Pie","status":200,"ts":1541158843796,"userAgent":"Mozilla\/5.0 (Macintosh; Intel Mac OS X 10.9; rv:31.0) Gecko\/20100101 Firefox\/31.0","userId":"44"}
{"youtuber":"Binary Star","auth":"Logged In","firstName":"Lily","gender":"F","itemInSession":43,"lastName":"Koch","length":300.19873,"level":"paid","location":"Chicago-Naperville-Elgin, IL-IN-WI","method":"PUT","page":"NextVideo","registration":1541048010796.0,"sessionId":172,"video":"Honest Expression","status":200,"ts":1541158999796,"userAgent":"\"Mozilla\/5.0 (X11; Linux x86_64) AppleWebKit\/537.36 (KHTML, like Gecko) Ubuntu Chromium\/36.0.1985.125 Chrome\/36.0.1985.125 Safari\/537.36\"","userId":"15"}
{"youtuber":"Nada Surf","auth":"Logged In","firstName":"Aleena","gender":"F","itemInSession":6,"lastName":"Kirby","length":181.08036,"level":"paid","location":"Waterloo-Cedar Falls, IA","method":"PUT","page":"NextVideo","registration":1541022995796.0,"sessionId":157,"video":"Whose Authority","status":200,"ts":1541159048796,"userAgent":"Mozilla\/5.0 (Macintosh; Intel Mac OS X 10.9; rv:31.0) Gecko\/20100101 Firefox\/31.0","userId":"44"}
{"youtuber":"Blank & Jones","auth":"Logged In","firstName":"Aleena","gender":"F","itemInSession":7,"lastName":"Kirby","length":310.15138,"level":"paid","location":"Waterloo-Cedar Falls, IA","method":"PUT","page":"NextVideo","registration":1541022995796.0,"sessionId":157,"video":"Beyond Time (Ambient Mix)","status":200,"ts":1541159229796,"userAgent":"Mozilla\/5.0 (Macintosh; Intel Mac OS X 10.9; rv:31.0) Gecko\/20100101 Firefox\/31.0","userId":"44"}
{"youtuber":"Carnifex","auth":"Logged In","firstName":"Lily","gender":"F","itemInSession":44,"lastName":"Koch","length":219.89832,"level":"paid","location":"Chicago-Naperville-Elgin, IL-IN-WI","method":"PUT","page":"NextVideo","registration":1541048010796.0,"sessionId":172,"video":"By Darkness Enslaved","status":200,"ts":1541159299796,"userAgent":"\"Mozilla\/5.0 (X11; Linux x86_64) AppleWebKit\/537.36 (KHTML, like Gecko) Ubuntu Chromium\/36.0.1985.125 Chrome\/36.0.1985.125 Safari\/537.36\"","userId":"15"}
{"youtuber":"Bono \/ Secret Machines","auth":"Logged In","firstName":"Lily","gender":"F","itemInSession":45,"lastName":"Koch","length":285.43955,"level":"paid","location":"Chicago-Naperville-Elgin, IL-IN-WI","method":"PUT","page":"NextVideo","registration":1541048010796.0,"sessionId":172,"video":"I Am The Walrus","status":200,"ts":1541159518796,"userAgent":"\"Mozilla\/5.0 (X11; Linux x86_64) AppleWebKit\/537.36 (KHTML, like Gecko) Ubuntu Chromium\/36.0.1985.125 Chrome\/36.0.1985.125 Safari\/537.36\"","userId":"15"}
{"youtuber":"Broadcast 2000","auth":"Logged In","firstName":"Aleena","gender":"F","itemInSession":8,"lastName":"Kirby","length":198.84363,"level":"paid","location":"Waterloo-Cedar Falls, IA","method":"PUT","page":"NextVideo","registration":1541022995796.0,"sessionId":157,"video":"The View","status":200,"ts":1541159539796,"userAgent":"Mozilla\/5.0 (Macintosh; Intel Mac OS X 10.9; rv:31.0) Gecko\/20100101 Firefox\/31.0","userId":"44"}
{"youtuber":"Pixies","auth":"Logged In","firstName":"Aleena","gender":"F","itemInSession":9,"lastName":"Kirby","length":229.3024,"level":"paid","location":"Waterloo-Cedar Falls, IA","method":"PUT","page":"NextVideo","registration":1541022995796.0,"sessionId":157,"video":"Where Is My Mind?","status":200,"ts":1541159737796,"userAgent":"Mozilla\/5.0 (Macintosh; Intel Mac OS X 10.9; rv:31.0) Gecko\/20100101 Firefox\/31.0","userId":"44"}
{"youtuber":"Kings Of Leon","auth":"Logged In","firstName":"Lily","gender":"F","itemInSession":46,"lastName":"Koch","length":242.99057,"level":"paid","location":"Chicago-Naperville-Elgin, IL-IN-WI","method":"PUT","page":"NextVideo","registration":1541048010796.0,"sessionId":172,"video":"Holy Roller Novocaine","status":200,"ts":1541159803796,"userAgent":"\"Mozilla\/5.0 (X11; Linux x86_64) AppleWebKit\/537.36 (KHTML, like Gecko) Ubuntu Chromium\/36.0.1985.125 Chrome\/36.0.1985.125 Safari\/537.36\"","userId":"15"}
{"youtuber":"Arctic Monkeys","auth":"Logged In","firstName":"Aleena","gender":"F","itemInSession":10,"lastName":"Kirby","length":221.85751,"level":"paid","location":"Waterloo-Cedar Falls, IA","method":"PUT","page":"NextVideo","registration":1541022995796.0,"sessionId":157,"video":"You Know I'm No Good","status":200,"ts":1541159966796,"userAgent":"Mozilla\/5.0 (Macintosh; Intel Mac OS X 10.9; rv:31.0) Gecko\/20100101 Firefox\/31.0","userId":"44"}
{"youtuber":"Alliance Ethnik","auth":"Logged In","firstName":"Lily","gender":"F","itemInSession":47,"lastName":"Koch","length":252.21179,"level":"paid","location":"Chicago-Naperville-Elgin, IL-IN-WI","method":"PUT","page":"NextVideo","registration":1541048010796.0,"sessionId":172,"video":"Repr\u00c3\u0083\u00c2\u00a9sente","status":200,"ts":1541160045796,"userAgent":"\"Mozilla\/5.0 (X11; Linux x86_64) AppleWebKit\/537.36 (KHTML, like Gecko) Ubuntu Chromium\/36.0.1985.125 Chrome\/36.0.1985.125 Safari\/537.36\"","userId":"15"}
{"youtuber":"Apocalyptica","auth":"Logged In","firstName":"Chloe","gender":"F","itemInSession":0,"lastName":"Cuevas","length":409.86077,"level":"free","location":"San Francisco-Oakland-Hayward, CA","method":"PUT","page":"NextVideo","registration":1540940782796.0,"sessionId":179,"video":"Coma","status":200,"ts":1541160161796,"userAgent":"Mozilla\/5.0 (Windows NT 5.1; rv:31.0) Gecko\/20100101 Firefox\/31.0","userId":"49"}
{"youtuber":"Big Tymers","auth":"Logged In","firstName":"Aleena","gender":"F","itemInSession":11,"lastName":"Kirby","length":256.15628,"level":"paid","location":"Waterloo-Cedar Falls, IA","method":"PUT","page":"NextVideo","registration":1541022995796.0,"sessionId":157,"video":"Lil Mama","status":200,"ts":1541160187796,"userAgent":"Mozilla\/5.0 (Macintosh; Intel Mac OS X 10.9; rv:31.0) Gecko\/20100101 Firefox\/31.0","userId":"44"}
{"youtuber":"Pat Green","auth":"Logged In","firstName":"Lily","gender":"F","itemInSession":48,"lastName":"Koch","length":295.33995,"level":"paid","location":"Chicago-Naperville-Elgin, IL-IN-WI","method":"PUT","page":"NextVideo","registration":1541048010796.0,"sessionId":172,"video":"Whiskey","status":200,"ts":1541160297796,"userAgent":"\"Mozilla\/5.0 (X11; Linux x86_64) AppleWebKit\/537.36 (KHTML, like Gecko) Ubuntu Chromium\/36.0.1985.125 Chrome\/36.0.1985.125 Safari\/537.36\"","userId":"15"}
{"youtuber":"Daughtry","auth":"Logged In","firstName":"Aleena","gender":"F","itemInSession":12,"lastName":"Kirby","length":249.91302,"level":"paid","location":"Waterloo-Cedar Falls, IA","method":"PUT","page":"NextVideo","registration":1541022995796.0,"sessionId":157,"video":"No Surprise","status":200,"ts":1541160443796,"userAgent":"Mozilla\/5.0 (Macintosh; Intel Mac OS X 10.9; rv:31.0) Gecko\/20100101 Firefox\/31.0","userId":"44"}
{"youtuber":"Air","auth":"Logged In","firstName":"Chloe","gender":"F","itemInSession":1,"lastName":"Cuevas","length":212.21832,"level":"free","location":"San Francisco-Oakland-Hayward, CA","method":"PUT","page":"NextVideo","registration":1540940782796.0,"sessionId":179,"video":"Playground Love","status":200,"ts":1541160570796,"userAgent":"Mozilla\/5.0 (Windows NT 5.1; rv:31.0) Gecko\/20100101 Firefox\/31.0","userId":"49"}
{"youtuber":"Sam Cooke","auth":"Logged In","firstName":"Lily","gender":"F","itemInSession":49,"lastName":"Koch","length":122.04363,"level":"paid","location":"Chicago-Naperville-Elgin, IL-IN-WI","method":"PUT","page":"NextVideo","registration":1541048010796.0,"sessionId":172,"video":"Ain't Misbehavin","status":200,"ts":1541160592796,"userAgent":"\"Mozilla\/5.0 (X11; Linux x86_64) AppleWebKit\/537.36 (KHTML, like Gecko) Ubuntu Chromium\/36.0.1985.125 Chrome\/36.0.1985.125 Safari\/537.36\"","userId":"15"}
{"youtuber":"Live","auth":"Logged In","firstName":"Aleena","gender":"F","itemInSession":13,"lastName":"Kirby","length":203.28444,"level":"paid","location":"Waterloo-Cedar Falls, IA","method":"PUT","page":"NextVideo","registration":1541022995796.0,"sessionId":157,"video":"Deep Enough","status":200,"ts":1541160692796,"userAgent":"Mozilla\/5.0 (Macintosh; Intel Mac OS X 10.9; rv:31.0) Gecko\/20100101 Firefox\/31.0","userId":"44"}
{"youtuber":"Everclear","auth":"Logged In","firstName":"Lily","gender":"F","itemInSession":50,"lastName":"Koch","length":222.61506,"level":"paid","location":"Chicago-Naperville-Elgin, IL-IN-WI","method":"PUT","page":"NextVideo","registration":1541048010796.0,"sessionId":172,"video":"Summerland","status":200,"ts":1541160714796,"userAgent":"\"Mozilla\/5.0 (X11; Linux x86_64) AppleWebKit\/537.36 (KHTML, like Gecko) Ubuntu Chromium\/36.0.1985.125 Chrome\/36.0.1985.125 Safari\/537.36\"","userId":"15"}
{"youtuber":"Alison Krauss \/ Union Station","auth":"Logged In","firstName":"Aleena","gender":"F","itemInSession":14,"lastName":"Kirby","length":129.67138,"level":"paid","location":"Waterloo-Cedar Falls, IA","method":"PUT","page":"NextVideo","registration":1541022995796.0,"sessionId":157,"video":"Down To The River To Pray","status":200,"ts":1541160895796,"userAgent":"Mozilla\/5.0 (Macintosh; Intel Mac OS X 10.9; rv:31.0) Gecko\/20100101 Firefox\/31.0","userId":"44"}
{"youtuber":"The All-American Rejects","auth":"Logged In","firstName":"Lily","gender":"F","itemInSession":51,"lastName":"Koch","length":239.22893,"level":"paid","location":"Chicago-Naperville-Elgin, IL-IN-WI","method":"PUT","page":"NextVideo","registration":1541048010796.0,"sessionId":172,"video":"Move Along","status":200,"ts":1541160936796,"userAgent":"\"Mozilla\/5.0 (X11; Linux x86_64) AppleWebKit\/537.36 (KHTML, like Gecko) Ubuntu Chromium\/36.0.1985.125 Chrome\/36.0.1985.125 Safari\/537.36\"","userId":"15"}
{"youtuber":"Covenant","auth":"Logged In","firstName":"Aleena","gender":"F","itemInSession":15,"lastName":"Kirby","length":300.19873,"level":"paid","location":"Waterloo-Cedar Falls, IA","method":"PUT","page":"NextVideo","registration":1541022995796.0,"sessionId":157,"video":"XRDS","status":200,"ts":1541161024796,"userAgent":"Mozilla\/5.0 (Macintosh; Intel Mac OS X 10.9; rv:31.0) Gecko\/20100101 Firefox\/31.0","userId":"44"}
{"youtuber":"You Me At Six","auth":"Logged In","firstName":"Aiden","gender":"M","itemInSession":0,"lastName":"Hess","length":191.13751,"level":"free","location":"La Crosse-Onalaska, WI-MN","method":"PUT","page":"NextVideo","registration":1540829025796.0,"sessionId":189,"video":"Liquid Confidence","status":200,"ts":1541161144796,"userAgent":"\"Mozilla\/5.0 (Macintosh; Intel Mac OS X 10_9_4) AppleWebKit\/537.36 (KHTML, like Gecko) Chrome\/37.0.2062.94 Safari\/537.36\"","userId":"86"}
{"youtuber":"Motion City Soundtrack","auth":"Logged In","firstName":"Lily","gender":"F","itemInSession":52,"lastName":"Koch","length":206.34077,"level":"paid","location":"Chicago-Naperville-Elgin, IL-IN-WI","method":"PUT","page":"NextVideo","registration":1541048010796.0,"sessionId":172,"video":"Everything Is Alright (Album Version)","status":200,"ts":1541161175796,"userAgent":"\"Mozilla\/5.0 (X11; Linux x86_64) AppleWebKit\/537.36 (KHTML, like Gecko) Ubuntu Chromium\/36.0.1985.125 Chrome\/36.0.1985.125 Safari\/537.36\"","userId":"15"}
{"youtuber":"FM Static","auth":"Logged In","firstName":"Lily","gender":"F","itemInSession":53,"lastName":"Koch","length":169.84771,"level":"paid","location":"Chicago-Naperville-Elgin, IL-IN-WI","method":"PUT","page":"NextVideo","registration":1541048010796.0,"sessionId":172,"video":"Something To Believe In","status":200,"ts":1541161381796,"userAgent":"\"Mozilla\/5.0 (X11; Linux x86_64) AppleWebKit\/537.36 (KHTML, like Gecko) Ubuntu Chromium\/36.0.1985.125 Chrome\/36.0.1985.125 Safari\/537.36\"","userId":"15"}
{"youtuber":"Dave Gahan","auth":"Logged In","firstName":"Lily","gender":"F","itemInSession":54,"lastName":"Koch","length":272.92689,"level":"paid","location":"Chicago-Naperville-Elgin, IL-IN-WI","method":"PUT","page":"NextVideo","registration":1541048010796.0,"sessionId":172,"video":"Kingdom","status":200,"ts":1541161550796,"userAgent":"\"Mozilla\/5.0 (X11; Linux x86_64) AppleWebKit\/537.36 (KHTML, like Gecko) Ubuntu Chromium\/36.0.1985.125 Chrome\/36.0.1985.125 Safari\/537.36\"","userId":"15"}
{"youtuber":"Metallica","auth":"Logged In","firstName":"Lily","gender":"F","itemInSession":55,"lastName":"Koch","length":319.73832,"level":"paid","location":"Chicago-Naperville-Elgin, IL-IN-WI","method":"PUT","page":"NextVideo","registration":1541048010796.0,"sessionId":172,"video":"Mama Said","status":200,"ts":1541161822796,"userAgent":"\"Mozilla\/5.0 (X11; Linux x86_64) AppleWebKit\/537.36 (KHTML, like Gecko) Ubuntu Chromium\/36.0.1985.125 Chrome\/36.0.1985.125 Safari\/537.36\"","userId":"15"}
{"youtuber":"Dr. Hook","auth":"Logged In","firstName":"Lily","gender":"F","itemInSession":56,"lastName":"Koch","length":229.77261,"level":"paid","location":"Chicago-Naperville-Elgin, IL-IN-WI","method":"PUT","page":"NextVideo","registration":1541048010796.0,"sessionId":172,"video":"Sylvia's Mother","status":200,"ts":1541162141796,"userAgent":"\"Mozilla\/5.0 (X11; Linux x86_64) AppleWebKit\/537.36 (KHTML, like Gecko) Ubuntu Chromium\/36.0.1985.125 Chrome\/36.0.1985.125 Safari\/537.36\"","userId":"15"}
{"youtuber":"Gotan Project","auth":"Logged In","firstName":"Lily","gender":"F","itemInSession":57,"lastName":"Koch","length":321.30567,"level":"paid","location":"Chicago-Naperville-Elgin, IL-IN-WI","method":"PUT","page":"NextVideo","registration":1541048010796.0,"sessionId":172,"video":"Diferente","status":200,"ts":1541162370796,"userAgent":"\"Mozilla\/5.0 (X11; Linux x86_64) AppleWebKit\/537.36 (KHTML, like Gecko) Ubuntu Chromium\/36.0.1985.125 Chrome\/36.0.1985.125 Safari\/537.36\"","userId":"15"}
{"youtuber":"Carrie Underwood","auth":"Logged In","firstName":"Lily","gender":"F","itemInSession":58,"lastName":"Koch","length":221.3873,"level":"paid","location":"Chicago-Naperville-Elgin, IL-IN-WI","method":"PUT","page":"NextVideo","registration":1541048010796.0,"sessionId":172,"video":"Play On","status":200,"ts":1541162691796,"userAgent":"\"Mozilla\/5.0 (X11; Linux x86_64) AppleWebKit\/537.36 (KHTML, like Gecko) Ubuntu Chromium\/36.0.1985.125 Chrome\/36.0.1985.125 Safari\/537.36\"","userId":"15"}
{"youtuber":"Ut","auth":"Logged In","firstName":"Lily","gender":"F","itemInSession":59,"lastName":"Koch","length":313.86077,"level":"paid","location":"Chicago-Naperville-Elgin, IL-IN-WI","method":"PUT","page":"NextVideo","registration":1541048010796.0,"sessionId":172,"video":"I.D.","status":200,"ts":1541162912796,"userAgent":"\"Mozilla\/5.0 (X11; Linux x86_64) AppleWebKit\/537.36 (KHTML, like Gecko) Ubuntu Chromium\/36.0.1985.125 Chrome\/36.0.1985.125 Safari\/537.36\"","userId":"15"}
{"youtuber":"Lil Wayne \/ Eminem","auth":"Logged In","firstName":"Lily","gender":"F","itemInSession":60,"lastName":"Koch","length":229.58975,"level":"paid","location":"Chicago-Naperville-Elgin, IL-IN-WI","method":"PUT","page":"NextVideo","registration":1541048010796.0,"sessionId":172,"video":"Drop The World","status":200,"ts":1541163225796,"userAgent":"\"Mozilla\/5.0 (X11; Linux x86_64) AppleWebKit\/537.36 (KHTML, like Gecko) Ubuntu Chromium\/36.0.1985.125 Chrome\/36.0.1985.125 Safari\/537.36\"","userId":"15"}
{"youtuber":"Damage","auth":"Logged In","firstName":"Lily","gender":"F","itemInSession":61,"lastName":"Koch","length":263.18322,"level":"paid","location":"Chicago-Naperville-Elgin, IL-IN-WI","method":"PUT","page":"NextVideo","registration":1541048010796.0,"sessionId":172,"video":"For Your Pleasure","status":200,"ts":1541163454796,"userAgent":"\"Mozilla\/5.0 (X11; Linux x86_64) AppleWebKit\/537.36 (KHTML, like Gecko) Ubuntu Chromium\/36.0.1985.125 Chrome\/36.0.1985.125 Safari\/537.36\"","userId":"15"}
{"youtuber":"Rionegro \/ Solim\u00c3\u0083\u00c2\u00b5es","auth":"Logged In","firstName":"Lily","gender":"F","itemInSession":62,"lastName":"Koch","length":280.92036,"level":"paid","location":"Chicago-Naperville-Elgin, IL-IN-WI","method":"PUT","page":"NextVideo","registration":1541048010796.0,"sessionId":172,"video":"De S\u00c3\u0083\u00c2\u00a3o Paulo \u00c3\u0083\u00c2\u0080 Bel\u00c3\u0083\u00c2\u00a9m","status":200,"ts":1541163717796,"userAgent":"\"Mozilla\/5.0 (X11; Linux x86_64) AppleWebKit\/537.36 (KHTML, like Gecko) Ubuntu Chromium\/36.0.1985.125 Chrome\/36.0.1985.125 Safari\/537.36\"","userId":"15"}
{"youtuber":"Drive-By Truckers","auth":"Logged In","firstName":"Lily","gender":"F","itemInSession":63,"lastName":"Koch","length":246.22975,"level":"paid","location":"Chicago-Naperville-Elgin, IL-IN-WI","method":"PUT","page":"NextVideo","registration":1541048010796.0,"sessionId":172,"video":"Outfit","status":200,"ts":1541163997796,"userAgent":"\"Mozilla\/5.0 (X11; Linux x86_64) AppleWebKit\/537.36 (KHTML, like Gecko) Ubuntu Chromium\/36.0.1985.125 Chrome\/36.0.1985.125 Safari\/537.36\"","userId":"15"}
{"youtuber":"Tweet","auth":"Logged In","firstName":"Lily","gender":"F","itemInSession":64,"lastName":"Koch","length":256.39138,"level":"paid","location":"Chicago-Naperville-Elgin, IL-IN-WI","method":"PUT","page":"NextVideo","registration":1541048010796.0,"sessionId":172,"video":"Smoking Cigarettes (LP Version)","status":200,"ts":1541164243796,"userAgent":"\"Mozilla\/5.0 (X11; Linux x86_64) AppleWebKit\/537.36 (KHTML, like Gecko) Ubuntu Chromium\/36.0.1985.125 Chrome\/36.0.1985.125 Safari\/537.36\"","userId":"15"}
{"youtuber":"Ben Folds Five","auth":"Logged In","firstName":"Lily","gender":"F","itemInSession":65,"lastName":"Koch","length":207.882,"level":"paid","location":"Chicago-Naperville-Elgin, IL-IN-WI","method":"PUT","page":"NextVideo","registration":1541048010796.0,"sessionId":172,"video":"Steven's Last Night In Town","status":200,"ts":1541164499796,"userAgent":"\"Mozilla\/5.0 (X11; Linux x86_64) AppleWebKit\/537.36 (KHTML, like Gecko) Ubuntu Chromium\/36.0.1985.125 Chrome\/36.0.1985.125 Safari\/537.36\"","userId":"15"}
{"youtuber":"Glen Hansard","auth":"Logged In","firstName":"Lily","gender":"F","itemInSession":66,"lastName":"Koch","length":239.59465,"level":"paid","location":"Chicago-Naperville-Elgin, IL-IN-WI","method":"PUT","page":"NextVideo","registration":1541048010796.0,"sessionId":172,"video":"Lies","status":200,"ts":1541164706796,"userAgent":"\"Mozilla\/5.0 (X11; Linux x86_64) AppleWebKit\/537.36 (KHTML, like Gecko) Ubuntu Chromium\/36.0.1985.125 Chrome\/36.0.1985.125 Safari\/537.36\"","userId":"15"}
{"youtuber":"Chevelle","auth":"Logged In","firstName":"Adler","gender":"M","itemInSession":0,"lastName":"Barrera","length":389.85098,"level":"free","location":"New York-Newark-Jersey City, NY-NJ-PA","method":"PUT","page":"NextVideo","registration":1540835983796.0,"sessionId":174,"video":"Dos (LP Version)","status":200,"ts":1541164749796,"userAgent":"\"Mozilla\/5.0 (Macintosh; Intel Mac OS X 10_9_4) AppleWebKit\/537.78.2 (KHTML, like Gecko) Version\/7.0.6 Safari\/537.78.2\"","userId":"100"}
{"youtuber":"Bill Withers","auth":"Logged In","firstName":"Lily","gender":"F","itemInSession":67,"lastName":"Koch","length":383.73832,"level":"paid","location":"Chicago-Naperville-Elgin, IL-IN-WI","method":"PUT","page":"NextVideo","registration":1541048010796.0,"sessionId":172,"video":"Make Love To Your Mind","status":200,"ts":1541164945796,"userAgent":"\"Mozilla\/5.0 (X11; Linux x86_64) AppleWebKit\/537.36 (KHTML, like Gecko) Ubuntu Chromium\/36.0.1985.125 Chrome\/36.0.1985.125 Safari\/537.36\"","userId":"15"}
{"youtuber":"Jorge Drexler","auth":"Logged In","firstName":"Adler","gender":"M","itemInSession":1,"lastName":"Barrera","length":272.14322,"level":"free","location":"New York-Newark-Jersey City, NY-NJ-PA","method":"PUT","page":"NextVideo","registration":1540835983796.0,"sessionId":174,"video":"Salvapantallas","status":200,"ts":1541165138796,"userAgent":"\"Mozilla\/5.0 (Macintosh; Intel Mac OS X 10_9_4) AppleWebKit\/537.78.2 (KHTML, like Gecko) Version\/7.0.6 Safari\/537.78.2\"","userId":"100"}
{"youtuber":"Michael Bolton","auth":"Logged In","firstName":"Lily","gender":"F","itemInSession":68,"lastName":"Koch","length":255.65995,"level":"paid","location":"Chicago-Naperville-Elgin, IL-IN-WI","method":"PUT","page":"NextVideo","registration":1541048010796.0,"sessionId":172,"video":"How Am I Supposed To Live Without You","status":200,"ts":1541165328796,"userAgent":"\"Mozilla\/5.0 (X11; Linux x86_64) AppleWebKit\/537.36 (KHTML, like Gecko) Ubuntu Chromium\/36.0.1985.125 Chrome\/36.0.1985.125 Safari\/537.36\"","userId":"15"}
{"youtuber":"The Mercury Program","auth":"Logged In","firstName":"Adler","gender":"M","itemInSession":2,"lastName":"Barrera","length":449.12281,"level":"free","location":"New York-Newark-Jersey City, NY-NJ-PA","method":"PUT","page":"NextVideo","registration":1540835983796.0,"sessionId":174,"video":"Marianas","status":200,"ts":1541165410796,"userAgent":"\"Mozilla\/5.0 (Macintosh; Intel Mac OS X 10_9_4) AppleWebKit\/537.78.2 (KHTML, like Gecko) Version\/7.0.6 Safari\/537.78.2\"","userId":"100"}
{"youtuber":"Duran Duran","auth":"Logged In","firstName":"Lily","gender":"F","itemInSession":69,"lastName":"Koch","length":321.88036,"level":"paid","location":"Chicago-Naperville-Elgin, IL-IN-WI","method":"PUT","page":"NextVideo","registration":1541048010796.0,"sessionId":172,"video":"The Seventh Stranger","status":200,"ts":1541165583796,"userAgent":"\"Mozilla\/5.0 (X11; Linux x86_64) AppleWebKit\/537.36 (KHTML, like Gecko) Ubuntu Chromium\/36.0.1985.125 Chrome\/36.0.1985.125 Safari\/537.36\"","userId":"15"}
{"youtuber":"Little Boots","auth":"Logged In","firstName":"Lily","gender":"F","itemInSession":70,"lastName":"Koch","length":195.94404,"level":"paid","location":"Chicago-Naperville-Elgin, IL-IN-WI","method":"PUT","page":"NextVideo","registration":1541048010796.0,"sessionId":172,"video":"Meddle","status":200,"ts":1541165904796,"userAgent":"\"Mozilla\/5.0 (X11; Linux x86_64) AppleWebKit\/537.36 (KHTML, like Gecko) Ubuntu Chromium\/36.0.1985.125 Chrome\/36.0.1985.125 Safari\/537.36\"","userId":"15"}
{"youtuber":"Johnossi","auth":"Logged In","firstName":"Lily","gender":"F","itemInSession":71,"lastName":"Koch","length":174.2624,"level":"paid","location":"Chicago-Naperville-Elgin, IL-IN-WI","method":"PUT","page":"NextVideo","registration":1541048010796.0,"sessionId":172,"video":"Glory Days To Come","status":200,"ts":1541166099796,"userAgent":"\"Mozilla\/5.0 (X11; Linux x86_64) AppleWebKit\/537.36 (KHTML, like Gecko) Ubuntu Chromium\/36.0.1985.125 Chrome\/36.0.1985.125 Safari\/537.36\"","userId":"15"}
{"youtuber":"Bj\u00c3\u0083\u00c2\u00b6rk","auth":"Logged In","firstName":"Lily","gender":"F","itemInSession":72,"lastName":"Koch","length":348.57751,"level":"paid","location":"Chicago-Naperville-Elgin, IL-IN-WI","method":"PUT","page":"NextVideo","registration":1541048010796.0,"sessionId":172,"video":"Undo","status":200,"ts":1541166273796,"userAgent":"\"Mozilla\/5.0 (X11; Linux x86_64) AppleWebKit\/537.36 (KHTML, like Gecko) Ubuntu Chromium\/36.0.1985.125 Chrome\/36.0.1985.125 Safari\/537.36\"","userId":"15"}
{"youtuber":"Black Eyed Peas","auth":"Logged In","firstName":"Lily","gender":"F","itemInSession":73,"lastName":"Koch","length":226.37669,"level":"paid","location":"Chicago-Naperville-Elgin, IL-IN-WI","method":"PUT","page":"NextVideo","registration":1541048010796.0,"sessionId":172,"video":"Hey Mama","status":200,"ts":1541166621796,"userAgent":"\"Mozilla\/5.0 (X11; Linux x86_64) AppleWebKit\/537.36 (KHTML, like Gecko) Ubuntu Chromium\/36.0.1985.125 Chrome\/36.0.1985.125 Safari\/537.36\"","userId":"15"}
{"youtuber":"DecembeRadio","auth":"Logged In","firstName":"Lily","gender":"F","itemInSession":74,"lastName":"Koch","length":249.62567,"level":"paid","location":"Chicago-Naperville-Elgin, IL-IN-WI","method":"PUT","page":"NextVideo","registration":1541048010796.0,"sessionId":172,"video":"Find You Waiting","status":200,"ts":1541166847796,"userAgent":"\"Mozilla\/5.0 (X11; Linux x86_64) AppleWebKit\/537.36 (KHTML, like Gecko) Ubuntu Chromium\/36.0.1985.125 Chrome\/36.0.1985.125 Safari\/537.36\"","userId":"15"}
{"youtuber":"Bonobo","auth":"Logged In","firstName":"Lily","gender":"F","itemInSession":75,"lastName":"Koch","length":270.41914,"level":"paid","location":"Chicago-Naperville-Elgin, IL-IN-WI","method":"PUT","page":"NextVideo","registration":1541048010796.0,"sessionId":172,"video":"1009","status":200,"ts":1541167096796,"userAgent":"\"Mozilla\/5.0 (X11; Linux x86_64) AppleWebKit\/537.36 (KHTML, like Gecko) Ubuntu Chromium\/36.0.1985.125 Chrome\/36.0.1985.125 Safari\/537.36\"","userId":"15"}
{"youtuber":null,"auth":"Logged In","firstName":"Tegan","gender":"F","itemInSession":0,"lastName":"Levine","length":null,"level":"free","location":"Portland-South Portland, ME","method":"GET","page":"Home","registration":1540794356796.0,"sessionId":194,"video":null,"status":200,"ts":1541168424796,"userAgent":"\"Mozilla\/5.0 (Macintosh; Intel Mac OS X 10_9_4) AppleWebKit\/537.36 (KHTML, like Gecko) Chrome\/36.0.1985.143 Safari\/537.36\"","userId":"80"}
{"youtuber":"Five Iron Frenzy","auth":"Logged In","firstName":"Tegan","gender":"F","itemInSession":1,"lastName":"Levine","length":236.09424,"level":"free","location":"Portland-South Portland, ME","method":"PUT","page":"NextVideo","registration":1540794356796.0,"sessionId":194,"video":"Canada","status":200,"ts":1541168577796,"userAgent":"\"Mozilla\/5.0 (Macintosh; Intel Mac OS X 10_9_4) AppleWebKit\/537.36 (KHTML, like Gecko) Chrome\/36.0.1985.143 Safari\/537.36\"","userId":"80"}
{"youtuber":"Morcheeba","auth":"Logged In","firstName":"Tegan","gender":"F","itemInSession":2,"lastName":"Levine","length":347.71546,"level":"free","location":"Portland-South Portland, ME","method":"PUT","page":"NextVideo","registration":1540794356796.0,"sessionId":194,"video":"The Sea","status":200,"ts":1541168813796,"userAgent":"\"Mozilla\/5.0 (Macintosh; Intel Mac OS X 10_9_4) AppleWebKit\/537.36 (KHTML, like Gecko) Chrome\/36.0.1985.143 Safari\/537.36\"","userId":"80"}
{"youtuber":"The Avett Brothers","auth":"Logged In","firstName":"Tegan","gender":"F","itemInSession":3,"lastName":"Levine","length":307.9571,"level":"free","location":"Portland-South Portland, ME","method":"PUT","page":"NextVideo","registration":1540794356796.0,"sessionId":194,"video":"All My Mistakes (US4BW0700133)","status":200,"ts":1541169160796,"userAgent":"\"Mozilla\/5.0 (Macintosh; Intel Mac OS X 10_9_4) AppleWebKit\/537.36 (KHTML, like Gecko) Chrome\/36.0.1985.143 Safari\/537.36\"","userId":"80"}
{"youtuber":"Dave Darell","auth":"Logged In","firstName":"Aiden","gender":"M","itemInSession":0,"lastName":"Hess","length":217.33832,"level":"free","location":"La Crosse-Onalaska, WI-MN","method":"PUT","page":"NextVideo","registration":1540829025796.0,"sessionId":197,"video":"Children","status":200,"ts":1541170090796,"userAgent":"\"Mozilla\/5.0 (Macintosh; Intel Mac OS X 10_9_4) AppleWebKit\/537.36 (KHTML, like Gecko) Chrome\/37.0.2062.94 Safari\/537.36\"","userId":"86"}
{"youtuber":null,"auth":"Logged In","firstName":"Ryan","gender":"M","itemInSession":0,"lastName":"Smith","length":null,"level":"free","location":"San Jose-Sunnyvale-Santa Clara, CA","method":"GET","page":"Home","registration":1541016707796.0,"sessionId":183,"video":null,"status":200,"ts":1541172202796,"userAgent":"\"Mozilla\/5.0 (X11; Linux x86_64) AppleWebKit\/537.36 (KHTML, like Gecko) Ubuntu Chromium\/36.0.1985.125 Chrome\/36.0.1985.125 Safari\/537.36\"","userId":"26"}
{"youtuber":"Priestess","auth":"Logged In","firstName":"Ryan","gender":"M","itemInSession":1,"lastName":"Smith","length":190.45832,"level":"free","location":"San Jose-Sunnyvale-Santa Clara, CA","method":"PUT","page":"NextVideo","registration":1541016707796.0,"sessionId":183,"video":"Talk To Her","status":200,"ts":1541172234796,"userAgent":"\"Mozilla\/5.0 (X11; Linux x86_64) AppleWebKit\/537.36 (KHTML, like Gecko) Ubuntu Chromium\/36.0.1985.125 Chrome\/36.0.1985.125 Safari\/537.36\"","userId":"26"}
{"youtuber":"Arcade Fire","auth":"Logged In","firstName":"Ryan","gender":"M","itemInSession":2,"lastName":"Smith","length":169.19465,"level":"free","location":"San Jose-Sunnyvale-Santa Clara, CA","method":"PUT","page":"NextVideo","registration":1541016707796.0,"sessionId":183,"video":"I'm Sleeping In A Submarine","status":200,"ts":1541172424796,"userAgent":"\"Mozilla\/5.0 (X11; Linux x86_64) AppleWebKit\/537.36 (KHTML, like Gecko) Ubuntu Chromium\/36.0.1985.125 Chrome\/36.0.1985.125 Safari\/537.36\"","userId":"26"}
{"youtuber":"Daft Punk","auth":"Logged In","firstName":"Ryan","gender":"M","itemInSession":3,"lastName":"Smith","length":211.69587,"level":"free","location":"San Jose-Sunnyvale-Santa Clara, CA","method":"PUT","page":"NextVideo","registration":1541016707796.0,"sessionId":183,"video":"Crescendolls","status":200,"ts":1541172593796,"userAgent":"\"Mozilla\/5.0 (X11; Linux x86_64) AppleWebKit\/537.36 (KHTML, like Gecko) Ubuntu Chromium\/36.0.1985.125 Chrome\/36.0.1985.125 Safari\/537.36\"","userId":"26"}
{"youtuber":"Nickel Creek","auth":"Logged In","firstName":"Ryan","gender":"M","itemInSession":4,"lastName":"Smith","length":255.13751,"level":"free","location":"San Jose-Sunnyvale-Santa Clara, CA","method":"PUT","page":"NextVideo","registration":1541016707796.0,"sessionId":183,"video":"When In Rome","status":200,"ts":1541172804796,"userAgent":"\"Mozilla\/5.0 (X11; Linux x86_64) AppleWebKit\/537.36 (KHTML, like Gecko) Ubuntu Chromium\/36.0.1985.125 Chrome\/36.0.1985.125 Safari\/537.36\"","userId":"26"}
{"youtuber":"Squeeze","auth":"Logged In","firstName":"Ryan","gender":"M","itemInSession":5,"lastName":"Smith","length":229.56363,"level":"free","location":"San Jose-Sunnyvale-Santa Clara, CA","method":"PUT","page":"NextVideo","registration":1541016707796.0,"sessionId":183,"video":"Footprints","status":200,"ts":1541173059796,"userAgent":"\"Mozilla\/5.0 (X11; Linux x86_64) AppleWebKit\/537.36 (KHTML, like Gecko) Ubuntu Chromium\/36.0.1985.125 Chrome\/36.0.1985.125 Safari\/537.36\"","userId":"26"}
{"youtuber":"Creedence Clearwater Revival","auth":"Logged In","firstName":"Samuel","gender":"M","itemInSession":0,"lastName":"Gonzalez","length":175.80363,"level":"free","location":"Houston-The Woodlands-Sugar Land, TX","method":"PUT","page":"NextVideo","registration":1540492941796.0,"sessionId":60,"video":"Sweet Hitch-Hiker","status":200,"ts":1541173221796,"userAgent":"\"Mozilla\/5.0 (Macintosh; Intel Mac OS X 10_9_4) AppleWebKit\/537.77.4 (KHTML, like Gecko) Version\/7.0.5 Safari\/537.77.4\"","userId":"61"}
{"youtuber":"Kierra Sheard","auth":"Logged In","firstName":"Samuel","gender":"M","itemInSession":1,"lastName":"Gonzalez","length":299.02322,"level":"free","location":"Houston-The Woodlands-Sugar Land, TX","method":"PUT","page":"NextVideo","registration":1540492941796.0,"sessionId":60,"video":"Love Like Crazy (Extended Mix)","status":200,"ts":1541173396796,"userAgent":"\"Mozilla\/5.0 (Macintosh; Intel Mac OS X 10_9_4) AppleWebKit\/537.77.4 (KHTML, like Gecko) Version\/7.0.5 Safari\/537.77.4\"","userId":"61"}
{"youtuber":null,"auth":"Logged In","firstName":"Aiden","gender":"M","itemInSession":0,"lastName":"Hess","length":null,"level":"free","location":"La Crosse-Onalaska, WI-MN","method":"GET","page":"Home","registration":1540829025796.0,"sessionId":201,"video":null,"status":200,"ts":1541174197796,"userAgent":"\"Mozilla\/5.0 (Macintosh; Intel Mac OS X 10_9_4) AppleWebKit\/537.36 (KHTML, like Gecko) Chrome\/37.0.2062.94 Safari\/537.36\"","userId":"86"}
{"youtuber":null,"auth":"Logged In","firstName":"Aiden","gender":"M","itemInSession":1,"lastName":"Hess","length":null,"level":"free","location":"La Crosse-Onalaska, WI-MN","method":"GET","page":"Settings","registration":1540829025796.0,"sessionId":201,"video":null,"status":200,"ts":1541174308796,"userAgent":"\"Mozilla\/5.0 (Macintosh; Intel Mac OS X 10_9_4) AppleWebKit\/537.36 (KHTML, like Gecko) Chrome\/37.0.2062.94 Safari\/537.36\"","userId":"86"}
{"youtuber":null,"auth":"Logged In","firstName":"Aiden","gender":"M","itemInSession":2,"lastName":"Hess","length":null,"level":"free","location":"La Crosse-Onalaska, WI-MN","method":"PUT","page":"Save Settings","registration":1540829025796.0,"sessionId":201,"video":null,"status":307,"ts":1541174309796,"userAgent":"\"Mozilla\/5.0 (Macintosh; Intel Mac OS X 10_9_4) AppleWebKit\/537.36 (KHTML, like Gecko) Chrome\/37.0.2062.94 Safari\/537.36\"","userId":"86"}
{"youtuber":null,"auth":"Logged In","firstName":"Aiden","gender":"M","itemInSession":3,"lastName":"Hess","length":null,"level":"free","location":"La Crosse-Onalaska, WI-MN","method":"GET","page":"Home","registration":1540829025796.0,"sessionId":201,"video":null,"status":200,"ts":1541174356796,"userAgent":"\"Mozilla\/5.0 (Macintosh; Intel Mac OS X 10_9_4) AppleWebKit\/537.36 (KHTML, like Gecko) Chrome\/37.0.2062.94 Safari\/537.36\"","userId":"86"}
{"youtuber":null,"auth":"Logged In","firstName":"Mohammad","gender":"M","itemInSession":0,"lastName":"Rodriguez","length":null,"level":"free","location":"Sacramento--Roseville--Arden-Arcade, CA","method":"GET","page":"Home","registration":1540511766796.0,"sessionId":193,"video":null,"status":200,"ts":1541174633796,"userAgent":"\"Mozilla\/5.0 (Macintosh; Intel Mac OS X 10_9_4) AppleWebKit\/537.36 (KHTML, like Gecko) Chrome\/36.0.1985.143 Safari\/537.36\"","userId":"88"}
{"youtuber":"Greg Laswell","auth":"Logged In","firstName":"Mohammad","gender":"M","itemInSession":1,"lastName":"Rodriguez","length":251.08853,"level":"free","location":"Sacramento--Roseville--Arden-Arcade, CA","method":"PUT","page":"NextVideo","registration":1540511766796.0,"sessionId":193,"video":"Comes And Goes ( In Waves )","status":200,"ts":1541174803796,"userAgent":"\"Mozilla\/5.0 (Macintosh; Intel Mac OS X 10_9_4) AppleWebKit\/537.36 (KHTML, like Gecko) Chrome\/36.0.1985.143 Safari\/537.36\"","userId":"88"}
{"youtuber":null,"auth":"Logged In","firstName":"Mohammad","gender":"M","itemInSession":2,"lastName":"Rodriguez","length":null,"level":"free","location":"Sacramento--Roseville--Arden-Arcade, CA","method":"GET","page":"Home","registration":1540511766796.0,"sessionId":193,"video":null,"status":200,"ts":1541174900796,"userAgent":"\"Mozilla\/5.0 (Macintosh; Intel Mac OS X 10_9_4) AppleWebKit\/537.36 (KHTML, like Gecko) Chrome\/36.0.1985.143 Safari\/537.36\"","userId":"88"}
{"youtuber":"Pavement","auth":"Logged In","firstName":"Mohammad","gender":"M","itemInSession":3,"lastName":"Rodriguez","length":99.16036,"level":"free","location":"Sacramento--Roseville--Arden-Arcade, CA","method":"PUT","page":"NextVideo","registration":1540511766796.0,"sessionId":193,"video":"Mercy:The Laundromat","status":200,"ts":1541175054796,"userAgent":"\"Mozilla\/5.0 (Macintosh; Intel Mac OS X 10_9_4) AppleWebKit\/537.36 (KHTML, like Gecko) Chrome\/36.0.1985.143 Safari\/537.36\"","userId":"88"}
{"youtuber":"Sixx A.M.","auth":"Logged In","firstName":"Mohammad","gender":"M","itemInSession":4,"lastName":"Rodriguez","length":280.58077,"level":"free","location":"Sacramento--Roseville--Arden-Arcade, CA","method":"PUT","page":"NextVideo","registration":1540511766796.0,"sessionId":193,"video":"Courtesy Call (Explicit)","status":200,"ts":1541175153796,"userAgent":"\"Mozilla\/5.0 (Macintosh; Intel Mac OS X 10_9_4) AppleWebKit\/537.36 (KHTML, like Gecko) Chrome\/36.0.1985.143 Safari\/537.36\"","userId":"88"}
{"youtuber":"Leonard Cohen","auth":"Logged In","firstName":"Mohammad","gender":"M","itemInSession":5,"lastName":"Rodriguez","length":267.67628,"level":"free","location":"Sacramento--Roseville--Arden-Arcade, CA","method":"PUT","page":"NextVideo","registration":1540511766796.0,"sessionId":193,"video":"I'm Your Man","status":200,"ts":1541175433796,"userAgent":"\"Mozilla\/5.0 (Macintosh; Intel Mac OS X 10_9_4) AppleWebKit\/537.36 (KHTML, like Gecko) Chrome\/36.0.1985.143 Safari\/537.36\"","userId":"88"}
{"youtuber":"The Tallest Man On Earth","auth":"Logged In","firstName":"Joseph","gender":"M","itemInSession":0,"lastName":"Gutierrez","length":203.62404,"level":"free","location":"Columbia, SC","method":"PUT","page":"NextVideo","registration":1540809335796.0,"sessionId":167,"video":"The Wild Hunt","status":200,"ts":1541175530796,"userAgent":"\"Mozilla\/5.0 (Macintosh; Intel Mac OS X 10_9_3) AppleWebKit\/537.75.14 (KHTML, like Gecko) Version\/7.0.3 Safari\/537.75.14\"","userId":"75"}
{"youtuber":"My Chemical Romance","auth":"Logged In","firstName":"Joseph","gender":"M","itemInSession":1,"lastName":"Gutierrez","length":161.90649,"level":"free","location":"Columbia, SC","method":"PUT","page":"NextVideo","registration":1540809335796.0,"sessionId":167,"video":"Teenagers (Album Version)","status":200,"ts":1541175733796,"userAgent":"\"Mozilla\/5.0 (Macintosh; Intel Mac OS X 10_9_3) AppleWebKit\/537.75.14 (KHTML, like Gecko) Version\/7.0.3 Safari\/537.75.14\"","userId":"75"}
{"youtuber":"Wendy Rene","auth":"Logged In","firstName":"Joseph","gender":"M","itemInSession":2,"lastName":"Gutierrez","length":182.46485,"level":"free","location":"Columbia, SC","method":"PUT","page":"NextVideo","registration":1540809335796.0,"sessionId":167,"video":"After Laughter (Comes Tears) (LP Version)","status":200,"ts":1541175894796,"userAgent":"\"Mozilla\/5.0 (Macintosh; Intel Mac OS X 10_9_3) AppleWebKit\/537.75.14 (KHTML, like Gecko) Version\/7.0.3 Safari\/537.75.14\"","userId":"75"}
{"youtuber":"Jack Johnson \/ Paula Fuga","auth":"Logged In","firstName":"Joseph","gender":"M","itemInSession":3,"lastName":"Gutierrez","length":178.33751,"level":"free","location":"Columbia, SC","method":"PUT","page":"NextVideo","registration":1540809335796.0,"sessionId":167,"video":"Country Road","status":200,"ts":1541176076796,"userAgent":"\"Mozilla\/5.0 (Macintosh; Intel Mac OS X 10_9_3) AppleWebKit\/537.75.14 (KHTML, like Gecko) Version\/7.0.3 Safari\/537.75.14\"","userId":"75"}
{"youtuber":"Tub Ring","auth":"Logged In","firstName":"Joseph","gender":"M","itemInSession":4,"lastName":"Gutierrez","length":233.69098,"level":"free","location":"Columbia, SC","method":"PUT","page":"NextVideo","registration":1540809335796.0,"sessionId":167,"video":"Invalid","status":200,"ts":1541176254796,"userAgent":"\"Mozilla\/5.0 (Macintosh; Intel Mac OS X 10_9_3) AppleWebKit\/537.75.14 (KHTML, like Gecko) Version\/7.0.3 Safari\/537.75.14\"","userId":"75"}
{"youtuber":"No Doubt","auth":"Logged In","firstName":"Mohammad","gender":"M","itemInSession":0,"lastName":"Rodriguez","length":44.93016,"level":"free","location":"Sacramento--Roseville--Arden-Arcade, CA","method":"PUT","page":"NextVideo","registration":1540511766796.0,"sessionId":205,"video":"BND","status":200,"ts":1541176327796,"userAgent":"\"Mozilla\/5.0 (Macintosh; Intel Mac OS X 10_9_4) AppleWebKit\/537.36 (KHTML, like Gecko) Chrome\/36.0.1985.143 Safari\/537.36\"","userId":"88"}
{"youtuber":"Katy Perry","auth":"Logged In","firstName":"Mohammad","gender":"M","itemInSession":1,"lastName":"Rodriguez","length":179.40853,"level":"free","location":"Sacramento--Roseville--Arden-Arcade, CA","method":"PUT","page":"NextVideo","registration":1540511766796.0,"sessionId":205,"video":"I Kissed A Girl","status":200,"ts":1541176371796,"userAgent":"\"Mozilla\/5.0 (Macintosh; Intel Mac OS X 10_9_4) AppleWebKit\/537.36 (KHTML, like Gecko) Chrome\/36.0.1985.143 Safari\/537.36\"","userId":"88"}
{"youtuber":"Neutral Milk Hotel","auth":"Logged In","firstName":"Joseph","gender":"M","itemInSession":5,"lastName":"Gutierrez","length":248.37179,"level":"free","location":"Columbia, SC","method":"PUT","page":"NextVideo","registration":1540809335796.0,"sessionId":167,"video":"Ghost","status":200,"ts":1541176487796,"userAgent":"\"Mozilla\/5.0 (Macintosh; Intel Mac OS X 10_9_3) AppleWebKit\/537.75.14 (KHTML, like Gecko) Version\/7.0.3 Safari\/537.75.14\"","userId":"75"}
{"youtuber":"Dwight Yoakam","auth":"Logged In","firstName":"Ava","gender":"F","itemInSession":0,"lastName":"Robinson","length":239.3073,"level":"free","location":"New Haven-Milford, CT","method":"PUT","page":"NextVideo","registration":1540931983796.0,"sessionId":156,"video":"You're The One","status":200,"ts":1541176500796,"userAgent":"\"Mozilla\/5.0 (Windows NT 6.3; WOW64) AppleWebKit\/537.36 (KHTML, like Gecko) Chrome\/36.0.1985.143 Safari\/537.36\"","userId":"50"}
{"youtuber":"Ella Fitzgerald","auth":"Logged In","firstName":"Joseph","gender":"M","itemInSession":6,"lastName":"Gutierrez","length":427.15383,"level":"free","location":"Columbia, SC","method":"PUT","page":"NextVideo","registration":1540809335796.0,"sessionId":167,"video":"On Green Dolphin Street (Medley) (1999 Digital Remaster)","status":200,"ts":1541176735796,"userAgent":"\"Mozilla\/5.0 (Macintosh; Intel Mac OS X 10_9_3) AppleWebKit\/537.75.14 (KHTML, like Gecko) Version\/7.0.3 Safari\/537.75.14\"","userId":"75"}
{"youtuber":"Tony Rohr","auth":"Logged In","firstName":"Ava","gender":"F","itemInSession":1,"lastName":"Robinson","length":403.09506,"level":"free","location":"New Haven-Milford, CT","method":"PUT","page":"NextVideo","registration":1540931983796.0,"sessionId":156,"video":"Van Comp","status":200,"ts":1541176739796,"userAgent":"\"Mozilla\/5.0 (Windows NT 6.3; WOW64) AppleWebKit\/537.36 (KHTML, like Gecko) Chrome\/36.0.1985.143 Safari\/537.36\"","userId":"50"}
{"youtuber":"Braid","auth":"Logged In","firstName":"Joseph","gender":"M","itemInSession":7,"lastName":"Gutierrez","length":222.74567,"level":"free","location":"Columbia, SC","method":"PUT","page":"NextVideo","registration":1540809335796.0,"sessionId":167,"video":"Divers","status":200,"ts":1541177162796,"userAgent":"\"Mozilla\/5.0 (Macintosh; Intel Mac OS X 10_9_3) AppleWebKit\/537.75.14 (KHTML, like Gecko) Version\/7.0.3 Safari\/537.75.14\"","userId":"75"}
{"youtuber":"Fourmost","auth":"Logged In","firstName":"Joseph","gender":"M","itemInSession":8,"lastName":"Gutierrez","length":113.6322,"level":"free","location":"Columbia, SC","method":"PUT","page":"NextVideo","registration":1540809335796.0,"sessionId":167,"video":"Hello Little Girl","status":200,"ts":1541177384796,"userAgent":"\"Mozilla\/5.0 (Macintosh; Intel Mac OS X 10_9_3) AppleWebKit\/537.75.14 (KHTML, like Gecko) Version\/7.0.3 Safari\/537.75.14\"","userId":"75"}
{"youtuber":"Catupecu Machu","auth":"Logged In","firstName":"Joseph","gender":"M","itemInSession":9,"lastName":"Gutierrez","length":212.32281,"level":"free","location":"Columbia, SC","method":"PUT","page":"NextVideo","registration":1540809335796.0,"sessionId":167,"video":"Hormigas","status":200,"ts":1541177497796,"userAgent":"\"Mozilla\/5.0 (Macintosh; Intel Mac OS X 10_9_3) AppleWebKit\/537.75.14 (KHTML, like Gecko) Version\/7.0.3 Safari\/537.75.14\"","userId":"75"}
{"youtuber":"Creed","auth":"Logged In","firstName":"Joseph","gender":"M","itemInSession":10,"lastName":"Gutierrez","length":329.87383,"level":"free","location":"Columbia, SC","method":"PUT","page":"NextVideo","registration":1540809335796.0,"sessionId":167,"video":"Weathered","status":200,"ts":1541177709796,"userAgent":"\"Mozilla\/5.0 (Macintosh; Intel Mac OS X 10_9_3) AppleWebKit\/537.75.14 (KHTML, like Gecko) Version\/7.0.3 Safari\/537.75.14\"","userId":"75"}
{"youtuber":"Ennio Morricone","auth":"Logged In","firstName":"Joseph","gender":"M","itemInSession":11,"lastName":"Gutierrez","length":215.01342,"level":"free","location":"Columbia, SC","method":"PUT","page":"NextVideo","registration":1540809335796.0,"sessionId":167,"video":"Chi Mai (El Profesional)","status":200,"ts":1541178038796,"userAgent":"\"Mozilla\/5.0 (Macintosh; Intel Mac OS X 10_9_3) AppleWebKit\/537.75.14 (KHTML, like Gecko) Version\/7.0.3 Safari\/537.75.14\"","userId":"75"}
{"youtuber":null,"auth":"Logged In","firstName":"Joseph","gender":"M","itemInSession":12,"lastName":"Gutierrez","length":null,"level":"free","location":"Columbia, SC","method":"GET","page":"Upgrade","registration":1540809335796.0,"sessionId":167,"video":null,"status":200,"ts":1541178048796,"userAgent":"\"Mozilla\/5.0 (Macintosh; Intel Mac OS X 10_9_3) AppleWebKit\/537.75.14 (KHTML, like Gecko) Version\/7.0.3 Safari\/537.75.14\"","userId":"75"}
{"youtuber":"Down To The Bone","auth":"Logged In","firstName":"Sylvie","gender":"F","itemInSession":0,"lastName":"Cruz","length":333.76608,"level":"free","location":"Washington-Arlington-Alexandria, DC-VA-MD-WV","method":"PUT","page":"NextVideo","registration":1540266185796.0,"sessionId":182,"video":"Keep On Keepin' On","status":200,"ts":1541178784796,"userAgent":"\"Mozilla\/5.0 (Macintosh; Intel Mac OS X 10_9_4) AppleWebKit\/537.77.4 (KHTML, like Gecko) Version\/7.0.5 Safari\/537.77.4\"","userId":"10"}
{"youtuber":"Three Drives","auth":"Logged In","firstName":"Sylvie","gender":"F","itemInSession":1,"lastName":"Cruz","length":411.6371,"level":"free","location":"Washington-Arlington-Alexandria, DC-VA-MD-WV","method":"PUT","page":"NextVideo","registration":1540266185796.0,"sessionId":182,"video":"Greece 2000","status":200,"ts":1541179117796,"userAgent":"\"Mozilla\/5.0 (Macintosh; Intel Mac OS X 10_9_4) AppleWebKit\/537.77.4 (KHTML, like Gecko) Version\/7.0.5 Safari\/537.77.4\"","userId":"10"}
{"youtuber":null,"auth":"Logged In","firstName":"Austin","gender":"M","itemInSession":0,"lastName":"Rosales","length":null,"level":"free","location":"New York-Newark-Jersey City, NY-NJ-PA","method":"GET","page":"Home","registration":1541059521796.0,"sessionId":11,"video":null,"status":200,"ts":1541179188796,"userAgent":"Mozilla\/5.0 (Windows NT 6.1; rv:31.0) Gecko\/20100101 Firefox\/31.0","userId":"12"}
{"youtuber":"Sebastien Tellier","auth":"Logged In","firstName":"Sylvie","gender":"F","itemInSession":2,"lastName":"Cruz","length":377.73016,"level":"free","location":"Washington-Arlington-Alexandria, DC-VA-MD-WV","method":"PUT","page":"NextVideo","registration":1540266185796.0,"sessionId":182,"video":"Kilometer","status":200,"ts":1541179528796,"userAgent":"\"Mozilla\/5.0 (Macintosh; Intel Mac OS X 10_9_4) AppleWebKit\/537.77.4 (KHTML, like Gecko) Version\/7.0.5 Safari\/537.77.4\"","userId":"10"}
{"youtuber":"Lonnie Gordon","auth":"Logged In","firstName":"Sylvie","gender":"F","itemInSession":3,"lastName":"Cruz","length":181.21098,"level":"free","location":"Washington-Arlington-Alexandria, DC-VA-MD-WV","method":"PUT","page":"NextVideo","registration":1540266185796.0,"sessionId":182,"video":"Catch You Baby (Steve Pitron & Max Sanna Radio Edit)","status":200,"ts":1541179905796,"userAgent":"\"Mozilla\/5.0 (Macintosh; Intel Mac OS X 10_9_4) AppleWebKit\/537.77.4 (KHTML, like Gecko) Version\/7.0.5 Safari\/537.77.4\"","userId":"10"}
{"youtuber":"Charttraxx Karaoke","auth":"Logged In","firstName":"Ava","gender":"F","itemInSession":0,"lastName":"Robinson","length":225.17506,"level":"free","location":"New Haven-Milford, CT","method":"PUT","page":"NextVideo","registration":1540931983796.0,"sessionId":207,"video":"Fireflies","status":200,"ts":1541181317796,"userAgent":"\"Mozilla\/5.0 (Windows NT 6.3; WOW64) AppleWebKit\/537.36 (KHTML, like Gecko) Chrome\/36.0.1985.143 Safari\/537.36\"","userId":"50"}
{"youtuber":"Ska-P","auth":"Logged In","firstName":"Ava","gender":"F","itemInSession":1,"lastName":"Robinson","length":220.21179,"level":"free","location":"New Haven-Milford, CT","method":"PUT","page":"NextVideo","registration":1540931983796.0,"sessionId":207,"video":"Ni\u00c3\u0083\u00c2\u00b1o Soldado","status":200,"ts":1541181542796,"userAgent":"\"Mozilla\/5.0 (Windows NT 6.3; WOW64) AppleWebKit\/537.36 (KHTML, like Gecko) Chrome\/36.0.1985.143 Safari\/537.36\"","userId":"50"}
{"youtuber":"Dwight Yoakam","auth":"Logged In","firstName":"Ava","gender":"F","itemInSession":2,"lastName":"Robinson","length":239.3073,"level":"free","location":"New Haven-Milford, CT","method":"PUT","page":"NextVideo","registration":1540931983796.0,"sessionId":207,"video":"You're The One","status":200,"ts":1541181762796,"userAgent":"\"Mozilla\/5.0 (Windows NT 6.3; WOW64) AppleWebKit\/537.36 (KHTML, like Gecko) Chrome\/36.0.1985.143 Safari\/537.36\"","userId":"50"}
{"youtuber":"Radiohead","auth":"Logged In","firstName":"Ayleen","gender":"F","itemInSession":0,"lastName":"Wise","length":130.82077,"level":"free","location":"Columbia, SC","method":"PUT","page":"NextVideo","registration":1541085793796.0,"sessionId":70,"video":"Pop Is Dead","status":200,"ts":1541183813796,"userAgent":"\"Mozilla\/5.0 (iPhone; CPU iPhone OS 7_1_1 like Mac OS X) AppleWebKit\/537.51.2 (KHTML, like Gecko) Version\/7.0 Mobile\/11D201 Safari\/9537.53\"","userId":"71"}
{"youtuber":"Scouting for Girls","auth":"Logged In","firstName":"Ayleen","gender":"F","itemInSession":1,"lastName":"Wise","length":201.1424,"level":"free","location":"Columbia, SC","method":"PUT","page":"NextVideo","registration":1541085793796.0,"sessionId":70,"video":"The Mountains Of Navaho","status":200,"ts":1541183943796,"userAgent":"\"Mozilla\/5.0 (iPhone; CPU iPhone OS 7_1_1 like Mac OS X) AppleWebKit\/537.51.2 (KHTML, like Gecko) Version\/7.0 Mobile\/11D201 Safari\/9537.53\"","userId":"71"}
{"youtuber":"Alliance Ethnik","auth":"Logged In","firstName":"Ayleen","gender":"F","itemInSession":2,"lastName":"Wise","length":195.94404,"level":"free","location":"Columbia, SC","method":"PUT","page":"NextVideo","registration":1541085793796.0,"sessionId":70,"video":"Sincerit\u00c3\u0083\u00c2\u00a9 Et Jalousie","status":200,"ts":1541184144796,"userAgent":"\"Mozilla\/5.0 (iPhone; CPU iPhone OS 7_1_1 like Mac OS X) AppleWebKit\/537.51.2 (KHTML, like Gecko) Version\/7.0 Mobile\/11D201 Safari\/9537.53\"","userId":"71"}
{"youtuber":"OutKast","auth":"Logged In","firstName":"Ayleen","gender":"F","itemInSession":3,"lastName":"Wise","length":227.52608,"level":"free","location":"Columbia, SC","method":"PUT","page":"NextVideo","registration":1541085793796.0,"sessionId":70,"video":"Ova Da Wudz","status":200,"ts":1541184339796,"userAgent":"\"Mozilla\/5.0 (iPhone; CPU iPhone OS 7_1_1 like Mac OS X) AppleWebKit\/537.51.2 (KHTML, like Gecko) Version\/7.0 Mobile\/11D201 Safari\/9537.53\"","userId":"71"}
{"youtuber":"Bloodhound Gang","auth":"Logged In","firstName":"Kaleb","gender":"M","itemInSession":0,"lastName":"Cook","length":260.20526,"level":"free","location":"Yuba City, CA","method":"PUT","page":"NextVideo","registration":1540679673796.0,"sessionId":53,"video":"Uhn Tiss Uhn Tiss Uhn Tiss","status":200,"ts":1541187675796,"userAgent":"Mozilla\/5.0 (Windows NT 6.1; WOW64; rv:31.0) Gecko\/20100101 Firefox\/31.0","userId":"54"}
{"youtuber":"Rammstein","auth":"Logged In","firstName":"Isaac","gender":"M","itemInSession":0,"lastName":"Valdez","length":228.46649,"level":"free","location":"Saginaw, MI","method":"PUT","page":"NextVideo","registration":1541078099796.0,"sessionId":112,"video":"Adios","status":200,"ts":1541191023796,"userAgent":"Mozilla\/5.0 (Windows NT 6.1; WOW64; rv:31.0) Gecko\/20100101 Firefox\/31.0","userId":"3"}
{"youtuber":"Gershon Kingsley","auth":"Logged In","firstName":"Isaac","gender":"M","itemInSession":1,"lastName":"Valdez","length":146.57261,"level":"free","location":"Saginaw, MI","method":"PUT","page":"NextVideo","registration":1541078099796.0,"sessionId":112,"video":"Pop Corn","status":200,"ts":1541191251796,"userAgent":"Mozilla\/5.0 (Windows NT 6.1; WOW64; rv:31.0) Gecko\/20100101 Firefox\/31.0","userId":"3"}
{"youtuber":"The Rakes","auth":"Logged In","firstName":"Isaac","gender":"M","itemInSession":2,"lastName":"Valdez","length":150.59546,"level":"free","location":"Saginaw, MI","method":"PUT","page":"NextVideo","registration":1541078099796.0,"sessionId":112,"video":"Strasbourg","status":200,"ts":1541191397796,"userAgent":"Mozilla\/5.0 (Windows NT 6.1; WOW64; rv:31.0) Gecko\/20100101 Firefox\/31.0","userId":"3"}