"Timestamp","Username","City of Work","Gender","Marital Status","Education level","Staff Type","Current working department","Living situation","I found it hard to relax after a long day.(S)","I was aware of dryness of my mouth.(A)","I couldn’t seem to experience any positive feeling at all. (D)","I experienced breathing difficulty (e.g. excessively rapid breathing, breathlessness in the absence of physical exertion)(A)","I found it difficult to work up the initiative to do things.(D)","I tended to over-react to situations.(S)","I experienced trembling (e.g. in the hands)(A)"," felt that I was using a lot of nervous energy.(S)","I was worried about situations in which I might panic and make a fool of myself.(A)","I felt that I had nothing to look forward to.(D)","I found myself getting agitated.(S)","I found it difficult to relax.(S)","I felt down-hearted and sad.(D)","I was intolerant of anything that kept me from getting on with what I was doing.(S)","I felt I was close to panic.(A)","I was unable to become enthusiastic about anything.(D)","I felt I wasn’t worth much as a person.(D)","I felt that I was rather touchy.(S)","I was aware of the action of my heart in the absence of physical exertion (e.g. sense of heart rate increase, heart missing a beat)(A)","I felt scared without any good reason.(A)","I felt that life was meaningless.(D)",""
"2020/11/12 2:27:12 PM GMT","msds20075@itu.edu.pk","Lahore","Male","Single","Bachelars","Paramedics","Medical ER","With Family","3","2","1","1","1","1","2","1","1","0","2","2","1","0","0","2","1","2","2","1","1","20-30"
"2020/11/12 2:27:18 PM GMT","MSDS20052@itu.edu.pk","rawat","Female","Married","Post Graduation","Doctor","Others","Hostel","2","1","1","0","3","2","0","1","3","1","0","3","0","3","2","3","0","0","0","0","0","40-50"
"2020/11/12 2:30:01 PM GMT","","rawat","Male","Single","Post Graduation","Doctor","Isolation/Intensive care unit","Alone","3","0","3","0","0","2","0","3","0","3","2","0","0","3","0","0","3","0","3","0","2","40-50"
"2020/12/12 6:20:19 AM GMT","","Lahore","Male","Married","PG Resident","Doctor","Surgical and allied","With Family","0","1","2","0","2","0","0","0","1","0","0","0","0","0","0","0","0","0","0","0","0","20-30"
"2020/12/12 6:55:44 AM GMT","","Lahore","Male","Single","PG Resident","Doctor","Medical ER","With Family","2","2","1","3","2","3","2","2","0","0","1","2","2","3","2","0","0","2","2","0","0","20-30"
"2020/12/12 7:09:12 AM GMT","","Sialkot","Male","Married","Post Graduation","Doctor","Surgical and allied","With Family","0","0","1","0","1","0","0","0","0","0","1","1","1","0","0","0","0","0","0","0","0","30-40"
"2020/12/12 9:11:33 AM GMT","","Lahore","Male","Single","Bachelars","Doctor","Others","With Family","1","2","2","2","2","2","2","2","2","2","2","2","2","2","2","2","2","2","2","2","2","20-30"
"2020/12/12 9:17:06 AM GMT","","lahore","Male","Single","PG Resident","Doctor","OPD and inpatient dept","Hostel","3","2","0","0","2","0","0","1","1","2","2","2","0","2","0","1","0","2","0","0","0","20-30"
"2020/12/12 3:32:44 PM GMT","","Lahorw","Male","Single","Bachelars","Doctor","OPD and inpatient dept","With Family","2","0","0","0","0","0","0","0","0","0","0","1","1","0","0","1","0","0","0","0","0","20-30"
"2020/12/13 7:18:51 AM GMT","","Lahore","Male","Married","PG Resident","Doctor","Surgical and allied","With Family","0","1","2","0","2","0","0","0","1","0","0","0","0","0","0","0","0","0","0","0","0","20-30"
"2020/12/17 12:01:48 AM GMT","","Lahore","Male","Single","PG Resident","Doctor","Medical ER","With Family","2","0","1","3","2","1","2","2","2","1","0","2","1","2","2","2","1","3","2","1","1","20-30"
"2020/12/17 8:53:19 AM GMT","","Lhr","Male","Single","Bachelars","Doctor","Medical ER","Alone","2","2","1","2","2","3","3","2","1","1","2","3","3","2","2","2","3","2","2","1","2","20-30"
"2020/12/17 9:00:07 AM GMT","","Lahore","Male","Single","PG Resident","Paramedics","Others","With Family","1","0","0","1","0","0","0","1","0","0","0","0","0","0","0","0","0","0","0","0","0","20-30"
"2020/12/17 9:13:27 AM GMT","","Islamabad","Male","Single","Bachelars","Paramedics","Isolation/Intensive care unit","Hostel","0","1","0","1","0","0","0","0","0","0","1","0","0","0","0","0","0","0","0","0","0","20-30"
"2020/12/17 9:29:23 AM GMT","","Islamabad","Male","Single","F.A/Fsc","Nurse","Isolation/Intensive care unit","Hostel","3","2","1","1","3","3","0","0","2","1","3","2","3","2","1","1","0","0","3","2","3","20-30"
"2020/12/17 9:42:52 AM GMT","","Islamabad","Male","Married","Post Graduation","Doctor","Others","Hostel","1","3","0","0","0","0","0","0","0","0","0","0","0","0","0","0","2","3","0","0","0","20-30"
"2020/12/17 9:50:04 AM GMT","","Islambad ","Male","Single","F.A/Fsc","Paramedics","Isolation/Intensive care unit","Hostel","0","0","0","1","1","2","1","1","1","3","2","2","2","2","1","2","0","1","2","3","1","20-30"
"2020/12/17 10:05:38 AM GMT","","Karachi","Male","Single","Bachelars","Paramedics","Others","With Family","2","0","2","1","1","2","1","2","2","1","2","3","1","3","2","3","3","3","1","1","2","30-40"
"2020/12/17 10:08:33 AM GMT","","Karachi","Male","Married","Post Graduation","Doctor","Surgical and allied","With Family","2","1","1","0","1","2","0","1","2","3","2","2","1","3","1","2","2","2","1","2","1","30-40"
"2020/12/17 10:28:31 AM GMT","","Rahim Yar Khan","Male","Married","PG Resident","Doctor","Medical ER","With Family","0","0","0","0","0","0","1","1","0","0","0","0","0","0","0","0","0","0","0","0","0","20-30"
"2020/12/17 11:17:08 AM GMT","","Karachi","Male","Married","Bachelars","Doctor","Others","With Family","1","1","0","0","2","1","1","0","1","0","0","1","0","1","1","1","1","0","2","0","0","20-30"
"2020/12/17 12:13:46 PM GMT","","Peshawar","Male","Single","PG Resident","Doctor","Surgical and allied","With Family","3","3","3","0","3","0","0","0","0","3","3","3","0","0","0","3","0","0","0","0","0","20-30"
"2020/12/17 2:43:03 PM GMT","","Rawalpindi ","Female","Single","Post Graduation","Doctor","Surgical and allied","Alone","2","2","2","2","2","2","2","2","2","1","3","3","3","0","0","1","0","3","0","2","1","30-40"
"2020/12/17 2:46:04 PM GMT","","Rawalpindi","Female","Single","PG Resident","Doctor","Isolation/Intensive care unit","With Family","1","3","1","2","1","2","0","2","1","2","2","1","3","3","1","1","1","2","0","1","3","20-30"
"2020/12/17 2:47:08 PM GMT","","Islamabad ","Female","Single","Post Graduation","Doctor","Surgical and allied","With Family","2","1","1","0","0","0","0","0","1","0","0","1","2","0","0","0","1","1","0","0","0","30-40"
"2020/12/17 2:48:03 PM GMT","","lahore","Female","Single","PG Resident","Doctor","Medical ER","Hostel","0","0","0","1","0","0","0","0","0","0","0","0","2","0","0","0","0","0","0","1","0","20-30"
"2020/12/17 2:48:09 PM GMT","","Rawalpindi ","Female","Married","PG Resident","Doctor","Isolation/Intensive care unit","With Family","0","0","0","1","1","1","0","0","0","0","0","0","1","1","0","0","0","1","0","0","0","30-40"
"2020/12/17 2:48:50 PM GMT","","Rawalpindi ","Female","Single","PG Resident","Doctor","Others","With Family","1","0","1","0","3","3","2","3","3","2","2","2","3","3","3","3","2","2","1","2","1","30-40"
"2020/12/17 2:52:05 PM GMT","","Rawalpindi","Female","Married","PG Resident","Doctor","OPD and inpatient dept","With Family","2","2","3","1","2","3","0","2","2","3","3","3","3","3","2","3","3","3","1","3","3","30-40"
"2020/12/17 2:52:59 PM GMT","","Rawalpindi","Female","Single","Post Graduation","Doctor","Others","With Family","1","0","2","1","2","3","0","1","2","2","2","0","2","1","2","1","3","1","0","2","3","20-30"
"2020/12/17 2:53:09 PM GMT","","Rwp","Female","Single","Post Graduation","Doctor","OPD and inpatient dept","With Family","1","1","0","0","1","1","1","1","1","1","1","0","1","0","1","1","0","1","0","0","0","20-30"
"2020/12/17 2:53:11 PM GMT","","Rawalpindi ","Female","Married","PG Resident","Doctor","Others","With Family","2","1","1","0","2","1","0","3","0","0","1","1","1","1","0","2","0","1","0","1","0","20-30"
"2020/12/17 2:54:48 PM GMT","","Islamabad","Female","Married","Post Graduation","Doctor","OPD and inpatient dept","With Family","3","1","1","0","1","1","0","0","0","1","1","1","0","0","1","1","1","1","1","0","0","20-30"
"2020/12/17 2:55:01 PM GMT","","Islamabad","Female","Married","Post Graduation","Doctor","Others","With Family","2","1","1","0","1","2","2","1","1","0","2","1","1","2","2","0","0","2","0","0","1","20-30"
"2020/12/17 2:57:17 PM GMT","","Isb","Female","Married","PG Resident","Doctor","OPD and inpatient dept","With Family","3","3","1","0","2","2","0","0","0","0","0","1","2","1","0","0","0","0","1","0","0","20-30"
"2020/12/17 2:57:46 PM GMT","","islamabad","Female","Married","PG Resident","Doctor","OPD and inpatient dept","With Family","3","3","2","3","1","0","3","3","3","0","1","3","3","3","3","3","3","3","3","2","3","20-30"
"2020/12/17 2:58:08 PM GMT","","Rawalpindi","Female","Married","PG Resident","Doctor","Surgical and allied","With Family","1","1","0","0","0","1","0","0","1","0","1","1","1","0","1","1","1","1","0","0","0","20-30"
"2020/12/17 3:00:51 PM GMT","","Rawalpindi","Female","Married","PG Resident","Doctor","Surgical and allied","Hostel","3","2","1","0","1","2","1","1","2","2","3","3","3","3","3","3","2","2","1","2","2","20-30"
"2020/12/17 3:02:36 PM GMT","","Islamabad","Female","Single","PG Resident","Doctor","Isolation/Intensive care unit","With Family","2","1","1","0","3","2","0","1","2","1","2","1","2","1","1","2","1","2","1","2","1","20-30"
"2020/12/17 3:02:45 PM GMT","","Rawalpindi","Male","Married","PG Resident","Doctor","Surgical and allied","With Family","1","0","1","0","1","1","1","2","1","1","1","1","1","1","2","1","1","2","2","1","2","20-30"
"2020/12/17 3:03:00 PM GMT","","Islamabad","Female","Married","Post Graduation","Doctor","Surgical and allied","With Family","2","2","0","0","1","2","0","0","1","0","1","1","0","0","0","0","0","1","0","0","0","20-30"
"2020/12/17 3:03:32 PM GMT","","Khushab ","Female","Married","Post Graduation","Doctor","OPD and inpatient dept","With Family","1","1","1","1","2","1","1","2","0","1","1","1","2","1","1","1","1","2","2","1","1","30-40"
"2020/12/17 3:04:54 PM GMT","","Karachi","Female","Married","PG Resident","Doctor","Others","With Family","1","1","0","0","0","1","0","0","0","0","1","2","1","0","0","0","0","0","0","1","0","20-30"
"2020/12/17 3:05:17 PM GMT","","Rawalpindi","Female","Married","PG Resident","Doctor","OPD and inpatient dept","With Family","1","1","1","0","2","3","0","1","1","1","2","1","2","3","2","2","1","3","0","2","1","30-40"
"2020/12/17 3:06:31 PM GMT","","Sargodha ","Female","Married","Bachelars","Doctor","OPD and inpatient dept","With Family","2","2","1","0","1","1","0","0","1","1","1","2","2","1","1","2","0","0","2","1","0","20-30"
"2020/12/17 3:15:42 PM GMT","","Lahore","Female","Married","PG Resident","Doctor","Others","With Family","2","0","0","0","1","2","1","2","3","0","1","3","2","1","2","0","2","2","1","1","0","20-30"
"2020/12/17 3:16:06 PM GMT","","Islamabad","Female","Married","Post Graduation","Doctor","Isolation/Intensive care unit","With Family","2","3","1","0","0","2","0","1","0","0","1","0","1","0","0","0","0","1","0","0","0","30-40"
"2020/12/17 3:20:44 PM GMT","","Rawalpindi","Female","Married","Bachelars","Doctor","Others","With Family","2","2","2","2","3","2","1","2","2","2","1","1","2","2","1","1","1","2","2","1","1","20-30"
"2020/12/17 3:22:37 PM GMT","","Rawalpi di","Female","Married","Bachelars","Doctor","Others","With Family","2","0","0","0","0","1","0","1","0","1","0","0","0","0","0","0","0","0","0","0","0","20-30"
"2020/12/17 3:27:59 PM GMT","","Karachi","Female","Married","Post Graduation","Doctor","Others","With Family","1","0","1","1","1","1","1","1","1","1","1","1","1","1","1","1","1","1","0","0","0","30-40"
"2020/12/17 3:28:01 PM GMT","","Rawalpindi ","Female","Married","Bachelars","Doctor","Others","With Family","1","1","0","0","0","1","0","0","0","0","0","1","0","0","1","1","0","1","0","0","0","20-30"
"2020/12/17 3:28:53 PM GMT","","Chakwal ","Female","Single","Bachelars","Doctor","OPD and inpatient dept","With Family","1","2","0","0","1","1","1","1","2","0","1","1","2","1","1","0","1","1","0","1","0","20-30"
"2020/12/17 3:29:43 PM GMT","","Karachi ","Female","Married","Post Graduation","Doctor","Others","With Family","0","0","0","2","2","2","1","1","1","1","1","0","1","2","1","1","1","2","1","1","1","30-40"
"2020/12/17 3:32:02 PM GMT","","Rawalpindi ","Female","Single","Bachelars","Nurse","OPD and inpatient dept","With Family","1","0","0","0","1","0","0","0","1","1","0","2","2","2","1","0","0","1","1","0","0","20-30"
"2020/12/17 3:35:02 PM GMT","","Islamabad","Female","Married","PG Resident","Doctor","OPD and inpatient dept","With Family","1","1","0","0","1","0","0","0","0","1","1","1","1","1","0","0","0","2","0","1","1","20-30"
"2020/12/17 3:36:39 PM GMT","","Rawalpindi","Female","Married","PG Resident","Doctor","Surgical and allied","Hostel","3","0","1","0","2","1","0","0","1","0","2","3","3","3","3","2","0","2","1","2","2","20-30"
"2020/12/17 3:39:45 PM GMT","","Islamabad","Male","Married","Post Graduation","Doctor","Surgical and allied","With Family","2","0","0","0","1","1","0","2","1","1","2","2","2","2","1","1","3","3","2","1","2","30-40"
"2020/12/17 3:40:06 PM GMT","","Rawalpindi ","Female","Single","PG Resident","Doctor","Surgical and allied","Hostel","3","3","2","1","2","3","1","3","3","3","3","3","3","3","3","2","3","2","2","2","3","20-30"
"2020/12/17 3:46:33 PM GMT","","Layyah","Female","Single","Post Graduation","Doctor","OPD and inpatient dept","With Family","2","0","0","0","2","1","0","3","3","2","1","2","2","2","1","1","0","1","2","1","1","20-30"
"2020/12/17 3:48:21 PM GMT","","Bhimber  AJK","Female","Married","Post Graduation","Doctor","Others","With Family","2","0","2","1","1","1","1","1","0","1","1","1","1","1","1","2","1","1","2","1","1","20-30"
"2020/12/17 3:57:45 PM GMT","","Islamabad","Female","Married","Post Graduation","Doctor","Others","With Family","2","2","0","2","1","2","2","2","2","0","2","2","2","2","1","0","1","2","2","1","0","20-30"
"2020/12/17 4:11:41 PM GMT","","Islamabad ","Female","Married","Post Graduation","Doctor","Surgical and allied","With Family","1","1","0","1","1","2","0","0","0","0","1","0","0","0","0","0","0","1","0","0","0","30-40"
"2020/12/17 4:19:14 PM GMT","","Rawalpindi","Female","Single","Post Graduation","Doctor","Others","With Family","1","0","2","1","2","3","0","1","2","2","2","0","2","1","2","1","3","1","0","2","3","20-30"
"2020/12/17 4:23:17 PM GMT","","Lahore ","Female","Married","PG Resident","Doctor","Surgical and allied","With Family","1","0","0","0","1","0","0","0","0","0","1","0","0","0","0","0","0","0","0","0","0","20-30"
"2020/12/17 4:24:05 PM GMT","","Islamabad","Female","Single","Post Graduation","Doctor","Others","With Family","1","0","0","1","1","0","0","1","1","2","1","0","1","0","1","0","0","0","3","1","0","20-30"
"2020/12/17 4:35:26 PM GMT","","Rawalpindi","Female","Single","PG Resident","Doctor","OPD and inpatient dept","With Family","3","0","1","0","0","0","0","1","0","0","1","0","0","0","0","0","0","0","1","0","0","20-30"
"2020/12/17 4:50:59 PM GMT","","Rawalpindi","Female","Married","PG Resident","Nurse","OPD and inpatient dept","With Family","1","1","1","1","1","1","2","2","2","2","1","1","1","1","2","2","2","2","2","2","1","30-40"
"2020/12/17 5:16:24 PM GMT","","Pindi","Female","Married","Post Graduation","Doctor","Surgical and allied","With Family","1","0","0","0","0","0","0","0","1","0","0","0","0","0","0","0","0","0","0","0","0","30-40"
"2020/12/17 5:33:40 PM GMT","","Rawalpindi ","Female","Married","PG Resident","Doctor","OPD and inpatient dept","With Family","2","0","1","0","2","2","1","2","2","0","2","2","2","1","2","2","0","1","1","1","1","30-40"
"2020/12/17 5:48:13 PM GMT","","Lahore","Male","Single","Bachelars","Doctor","Surgical and allied","Hostel","2","2","0","0","0","0","0","0","1","0","0","0","1","0","0","1","0","1","1","0","0","20-30"
"2020/12/17 6:13:18 PM GMT","","Sialkot ","Female","Single","Bachelars","Doctor","Surgical and allied","With Family","2","0","1","0","1","2","0","1","2","1","3","2","3","2","1","2","2","1","0","0","0","20-30"
"2020/12/17 7:03:01 PM GMT","","Rawalpindi","Female","Single","Post Graduation","Doctor","Surgical and allied","With Family","1","1","1","0","1","2","2","2","2","1","1","1","2","2","1","1","2","2","1","1","1","20-30"
"2020/12/17 8:01:01 PM GMT","","Rawalpindi","Female","Married","PG Resident","Doctor","Surgical and allied","With Family","3","0","1","1","1","3","1","3","2","2","2","3","1","2","1","2","1","1","1","2","0","20-30"
"2020/12/17 8:12:35 PM GMT","","Rawalpindi","Female","Single","PG Resident","Doctor","Surgical and allied","With Family","2","0","1","0","0","3","0","0","3","0","1","1","2","1","2","2","2","1","2","0","1","30-40"
"2020/12/17 8:25:43 PM GMT","","Rawal pindi ","Female","Married","F.A/Fsc","Nurse","Isolation/Intensive care unit","With Family","2","1","2","3","1","0","2","3","0","0","1","3","0","0","3","1","1","0","1","0","0","30-40"
"2020/12/17 9:46:48 PM GMT","","Islamabad","Female","Single","PG Resident","Doctor","Surgical and allied","With Family","3","3","3","2","2","1","1","1","3","3","3","3","2","2","1","2","3","3","2","1","3","20-30"
"2020/12/17 11:10:08 PM GMT","","Gujrat","Female","Single","Bachelars","Doctor","Others","With Family","1","2","1","0","2","3","1","3","3","2","3","3","3","2","2","2","1","2","0","2","3","20-30"
"2020/12/18 3:14:38 AM GMT","","Karachi","Male","Married","Bachelars","Paramedics","Others","Alone","2","3","2","2","1","0","2","2","2","1","2","3","2","2","1","1","2","3","3","2","2","20-30"
"2020/12/18 3:18:56 AM GMT","","Karachi","Female","Single","Post Graduation","Paramedics","Surgical and allied","With Family","1","1","0","3","0","0","0","0","0","0","0","0","2","1","3","3","1","0","3","3","1","20-30"
"2020/12/18 3:22:00 AM GMT","","Karachi","Female","Single","Bachelars","Paramedics","Surgical and allied","With Family","0","1","0","0","0","3","0","0","0","0","0","1","0","2","0","2","0","0","0","0","1","20-30"
"2020/12/18 3:25:10 AM GMT","","Karachi","Male","Married","F.A/Fsc","Paramedics","Surgical and allied","Alone","3","3","3","3","3","3","3","3","3","3","3","3","3","3","3","3","3","3","3","3","3","30-40"
"2020/12/18 3:27:41 AM GMT","","Karachi","Male","Married","F.A/Fsc","Paramedics","Surgical and allied","With Family","0","0","0","1","1","0","0","0","0","0","0","0","3","0","0","0","0","0","0","0","0","30-40"
"2020/12/18 3:28:44 AM GMT","","Rawalpindi ","Female","Single","PG Resident","Doctor","Others","With Family","2","3","1","1","1","2","1","2","2","1","1","1","1","1","1","1","1","2","2","1","1","20-30"
"2020/12/18 3:30:15 AM GMT","","Karachi","Male","Married","Bachelars","Paramedics","Others","With Family","0","0","0","0","0","0","0","0","0","0","0","0","0","0","0","0","0","0","0","0","0","30-40"
"2020/12/18 3:33:11 AM GMT","","Kahror Pacca","Male","Married","Bachelars","Doctor","OPD and inpatient dept","With Family","1","1","1","0","0","0","0","0","0","0","0","0","1","1","0","0","0","0","0","0","0","30-40"
"2020/12/18 4:11:59 AM GMT","","Islambad ","Male","Single","F.A/Fsc","Paramedics","Isolation/Intensive care unit","Hostel","0","0","0","1","1","2","1","1","1","3","2","2","2","2","1","2","0","1","2","3","1","20-30"
"2020/12/18 5:00:31 AM GMT","","islamabad","Female","Married","Post Graduation","Doctor","Surgical and allied","With Family","2","1","0","0","0","1","0","0","0","0","0","0","0","0","0","0","1","0","0","0","0","30-40"
"2020/12/18 5:52:32 AM GMT","","Rawalpindi","Female","Married","PG Resident","Doctor","Surgical and allied","With Family","3","1","2","1","3","1","2","2","1","0","2","3","1","1","1","1","0","1","1","1","0","30-40"
"2020/12/18 5:56:04 AM GMT","","Rawalpindi","Female","Single","Bachelars","Nurse","Others","With Family","1","1","1","3","2","1","2","1","1","2","2","0","3","1","3","1","2","1","1","1","3","30-40"
"2020/12/18 6:09:12 AM GMT","","Rwp","Female","Single","Bachelars","Nurse","OPD and inpatient dept","With Family","2","3","2","3","3","3","3","1","3","3","3","3","3","2","2","2","2","2","3","3","3","20-30"
"2020/12/18 6:36:43 AM GMT","","rawalpindu","Female","Married","Bachelars","Doctor","Surgical and allied","With Family","3","0","1","0","1","0","0","0","0","0","0","0","1","1","0","1","0","0","0","0","0","30-40"
"2020/12/18 9:02:41 AM GMT","","Rawalpindi","Female","Single","Post Graduation","Doctor","Others","With Family","1","0","2","1","2","3","0","1","2","2","2","0","2","1","2","1","3","1","0","2","3","20-30"
"2020/12/18 9:11:51 AM GMT","","mirpur azad kashmir ","Female","Married","Post Graduation","Doctor","OPD and inpatient dept","With Family","1","0","0","0","1","2","0","2","1","0","1","1","1","1","1","0","1","2","0","1","0","20-30"
"2020/12/18 9:23:06 AM GMT","","Rawalpindi","Female","Married","Bachelars","Doctor","OPD and inpatient dept","With Family","2","3","1","2","3","1","0","3","2","1","2","2","2","2","1","2","2","2","2","2","2","20-30"
"2020/12/18 11:15:35 AM GMT","","Islamabad","Female","Married","PG Resident","Doctor","Others","With Family","1","1","0","0","0","1","1","1","1","1","1","1","1","1","1","1","1","1","0","0","0","30-40"
"2020/12/18 12:36:41 PM GMT","","Kahror Pacca","Male","Married","Bachelars","Doctor","OPD and inpatient dept","With Family","1","1","1","0","0","0","0","0","0","0","0","0","1","1","0","0","0","0","0","0","0","30-40"
"2020/12/18 12:40:17 PM GMT","","Multan","Female","Married","Bachelars","Doctor","Medical ER","With Family","2","1","2","1","1","2","1","0","1","1","1","2","2","2","1","1","2","1","3","2","1","30-40"
"2020/12/18 12:50:45 PM GMT","","multan","Female","Married","Bachelars","Doctor","OPD and inpatient dept","With Family","2","2","1","2","1","1","2","3","1","0","2","2","1","2","2","1","1","2","3","2","2","30-40"
"2020/12/18 12:55:59 PM GMT","","multan","Male","Married","Post Graduation","Doctor","Medical ER","With Family","2","1","1","1","2","2","1","1","1","1","1","2","2","1","1","1","2","2","2","1","1","40-50"
"2020/12/18 1:01:18 PM GMT","","multan","Female","Single","Bachelars","Doctor","Others","Hostel","1","1","0","1","1","0","0","1","0","1","1","1","1","0","1","0","1","1","0","0","3","20-30"
"2020/12/18 1:04:53 PM GMT","","multan","Female","Married","Bachelars","Doctor","OPD and inpatient dept","With Family","1","1","3","2","1","1","1","2","2","1","1","1","2","1","0","1","2","2","1","2","1","20-30"
"2020/12/18 1:08:53 PM GMT","","multan","Male","Single","F.A/Fsc","Paramedics","Others","With Family","1","1","0","0","1","1","0","1","1","2","1","1","3","0","0","1","1","2","2","0","1","20-30"
"2020/12/18 1:12:51 PM GMT","","multan","Male","Single","Bachelars","Paramedics","OPD and inpatient dept","With Family","1","0","1","0","2","0","0","0","0","0","0","0","0","0","0","0","0","1","0","0","0","20-30"
"2020/12/18 1:16:09 PM GMT","","multan","Male","Single","Bachelars","Paramedics","OPD and inpatient dept","With Family","1","0","1","0","2","0","0","0","0","0","0","3","2","0","0","0","0","1","0","0","0","20-30"
"2020/12/18 1:19:06 PM GMT","","multan","Male","Single","Bachelars","Paramedics","OPD and inpatient dept","With Family","1","0","1","0","2","0","0","0","0","0","0","3","2","0","0","0","0","1","0","0","0","20-30"
"2020/12/18 1:21:50 PM GMT","","multan","Male","Single","Bachelars","Paramedics","OPD and inpatient dept","With Family","1","0","1","0","2","0","0","0","0","0","0","3","2","0","0","0","0","1","0","0","0","20-30"
"2020/12/18 1:25:16 PM GMT","","multan","Female","Single","F.A/Fsc","Paramedics","Others","Hostel","0","2","3","2","2","2","1","0","2","3","1","2","1","0","3","0","3","0","1","0","1","20-30"
"2020/12/18 1:28:23 PM GMT","","multan","Female","Single","Bachelars","Doctor","OPD and inpatient dept","With Family","3","3","0","0","3","0","0","0","2","1","1","2","2","1","1","3","0","3","0","2","2","20-30"
"2020/12/18 1:31:04 PM GMT","","multan","Male","Married","F.A/Fsc","Paramedics","Others","Hostel","1","0","1","0","3","2","2","1","1","2","2","3","2","0","3","2","1","0","2","2","0","20-30"
"2020/12/18 1:34:09 PM GMT","","multan","Male","Single","Bachelars","Paramedics","Others","With Family","1","1","3","2","1","2","0","2","2","0","1","2","3","1","3","1","0","1","2","1","1","30-40"
"2020/12/18 1:37:25 PM GMT","","multan","Female","Married","F.A/Fsc","Paramedics","Others","Hostel","1","1","2","2","2","3","2","1","2","1","0","2","1","1","2","2","1","0","1","0","2","30-40"
"2020/12/18 1:40:02 PM GMT","","multan","Female","Single","Post Graduation","Doctor","OPD and inpatient dept","Hostel","1","1","0","0","1","0","0","1","0","0","1","1","1","0","0","0","1","1","1","0","3","20-30"
"2020/12/18 1:42:47 PM GMT","","multan","Male","Married","F.A/Fsc","Paramedics","Others","With Family","1","1","2","2","2","2","0","0","2","1","1","1","2","2","2","0","0","2","2","1","2","30-40"
"2020/12/18 1:45:33 PM GMT","","multan","Male","Single","F.A/Fsc","Paramedics","Others","With Family","1","1","1","0","2","2","1","0","2","0","2","2","1","1","3","0","0","0","1","0","1","20-30"
"2020/12/18 2:09:32 PM GMT","","Karachi","Male","Single","Bachelars","Doctor","Others","With Family","3","2","2","0","2","2","1","3","1","0","2","3","3","2","3","2","1","1","2","3","1","20-30"
"2020/12/18 3:59:53 PM GMT","","multan","Female","Single","PG Resident","Doctor","OPD and inpatient dept","With Family","2","0","0","0","0","1","0","0","1","0","1","0","2","0","1","0","0","0","1","0","0","20-30"
"2020/12/18 4:01:55 PM GMT","","multan","Female","Single","Bachelars","Doctor","Surgical and allied","With Family","1","0","1","0","1","1","1","2","2","0","1","0","0","0","0","0","0","0","0","0","0","20-30"
"2020/12/18 4:04:04 PM GMT","","mulltan","Female","Single","Bachelars","Doctor","Surgical and allied","Hostel","1","1","2","1","1","0","2","0","1","0","1","1","1","0","0","0","1","1","1","1","1","20-30"
"2020/12/18 4:06:19 PM GMT","","multan","Female","Single","Bachelars","Doctor","Surgical and allied","With Family","1","2","1","1","2","1","1","2","1","1","1","1","1","0","1","1","1","2","0","0","0","20-30"
"2020/12/18 4:35:29 PM GMT","","multan","Female","Single","Bachelars","Doctor","Surgical and allied","Alone","1","0","1","1","0","1","1","1","0","1","1","1","1","0","0","1","1","1","1","0","0","20-30"
"2020/12/18 4:37:27 PM GMT","","multan","Female","Single","Bachelars","Doctor","Surgical and allied","With Family","0","1","1","1","0","1","0","0","1","0","1","0","1","2","1","2","2","1","0","2","3","20-30"
"2020/12/18 4:40:40 PM GMT","","multan","Female","Single","Bachelars","Doctor","OPD and inpatient dept","With Family","1","1","0","0","1","1","0","0","1","0","0","1","0","1","1","1","0","1","0","1","0","20-30"
"2020/12/18 4:46:28 PM GMT","","multan","Female","Married","PG Resident","Doctor","Surgical and allied","With Family","1","1","0","0","0","1","1","1","1","1","1","1","1","1","1","1","1","1","1","1","1","20-30"
"2020/12/18 4:48:35 PM GMT","","multan","Female","Single","Bachelars","Doctor","Surgical and allied","With Family","2","1","1","0","1","1","1","1","2","1","1","2","1","1","2","1","1","1","1","1","0","20-30"
"2020/12/18 4:50:25 PM GMT","","multan","Female","Married","PG Resident","Doctor","Surgical and allied","With Family","2","0","1","1","1","1","0","1","2","0","1","1","3","1","1","0","0","0","0","1","0","20-30"
"2020/12/18 4:53:00 PM GMT","","multan","Female","Single","Bachelars","Doctor","Surgical and allied","Hostel","2","1","1","0","2","1","0","2","1","0","1","2","2","1","2","0","0","1","0","2","1","20-30"
"2020/12/18 4:54:57 PM GMT","","multan","Female","Married","PG Resident","Doctor","Surgical and allied","With Family","1","2","2","1","2","1","0","1","1","0","1","2","1","0","1","1","1","0","1","0","1","20-30"
"2020/12/18 4:56:49 PM GMT","","multan","Female","Single","Bachelars","Doctor","Surgical and allied","With Family","2","1","2","1","1","3","2","2","1","2","2","2","3","3","3","1","0","3","0","0","2","20-30"
"2020/12/18 4:58:43 PM GMT","","multan","Female","Single","Bachelars","Doctor","Surgical and allied","With Family","1","1","1","0","1","2","0","1","2","1","1","1","2","1","2","1","2","0","0","0","1","20-30"
"2020/12/18 5:00:09 PM GMT","","multan","Female","Single","Bachelars","Doctor","Surgical and allied","With Family","1","2","1","1","2","3","0","0","1","1","0","1","0","1","1","2","1","1","1","1","1","20-30"
"2020/12/19 8:45:55 AM GMT","","Rwp","Female","Married","Post Graduation","Doctor","Surgical and allied","With Family","2","3","1","1","1","2","1","2","2","1","1","1","1","1","1","1","1","1","2","1","1","30-40"
"2020/12/19 10:01:59 AM GMT","","Rawalpindi ","Female","Single","Bachelars","Doctor","Others","With Family","1","0","0","0","1","0","0","1","1","0","1","1","0","0","0","0","0","1","0","0","0","20-30"
"2020/12/19 2:27:30 PM GMT","","Rawalpindi","Female","Married","Post Graduation","Doctor","OPD and inpatient dept","With Family","1","0","1","0","0","0","0","0","0","0","1","1","1","2","1","1","1","1","1","0","0","20-30"
"2020/12/23 6:55:47 AM GMT","","Rawalpindi ","Female","Married","Post Graduation","Doctor","Medical ER","With Family","3","0","1","0","2","0","1","1","0","0","2","1","2","0","0","1","0","1","0","0","0","30-40"
"2020/12/23 9:46:02 AM GMT","","Rawalpindi ","Female","Married","Post Graduation","Doctor","Surgical and allied","With Family","1","3","2","1","3","3","1","1","1","2","3","2","2","2","1","1","1","1","2","0","1","30-40"
"2020/12/24 1:40:26 PM GMT","","Rawalpindi ","Female","Married","Post Graduation","Doctor","Medical ER","With Family","3","0","1","0","2","0","1","1","0","0","2","1","2","0","0","1","0","1","0","0","0","30-40"
"2020/12/25 10:12:48 AM GMT","","Islamabad","Female","Married","PG Resident","Doctor","Isolation/Intensive care unit","With Family","0","0","0","0","1","1","0","0","0","0","1","0","1","1","0","0","0","0","0","0","0","30-40"